kind,layer,category,name,lat,lon,coord_quality,address,ward,machiaza,dist_ueno_m,source,congestion_m,congestion_near
飲食店,食べる,飲食店営業（すし屋）,まぐろ人　新仲見世通り店,35.711681,139.797363,point,浅草一丁目１番１１号,台東区,浅草,2110,台東区 食品衛生営業施設一覧,73,仲見世通り
飲食店,食べる,飲食店営業（すし屋）,寿司　えどまる浅草本店,35.711681,139.797363,point,浅草一丁目１番１１号,台東区,浅草,2110,台東区 食品衛生営業施設一覧,73,仲見世通り
飲食店,食べる,飲食店営業（すし屋）,つきじ喜代村　すしざんまい　浅草雷門店,35.711124,139.795547,point,浅草一丁目３番６号,台東区,浅草,1964,台東区 食品衛生営業施設一覧,110,雷門
飲食店,食べる,飲食店営業（すし屋）,宝来鮨本店,35.711185,139.794998,point,浅草一丁目４番３号,台東区,浅草,1915,台東区 食品衛生営業施設一覧,160,雷門
飲食店,食べる,飲食店営業（すし屋）,金ずし,35.711281,139.795441,point,浅草一丁目４番１１号,台東区,浅草,1951,台東区 食品衛生営業施設一覧,125,仲見世通り
飲食店,食べる,飲食店営業（すし屋）,三松,35.711586,139.793869,point,浅草一丁目６番５号,台東区,浅草,1805,台東区 食品衛生営業施設一覧,249,仲見世通り
飲食店,食べる,飲食店営業（すし屋）,鮨　鶴岡,35.711586,139.793869,point,浅草一丁目６番５号,台東区,浅草,1805,台東区 食品衛生営業施設一覧,249,仲見世通り
飲食店,食べる,飲食店営業（すし屋）,房寿,35.711689,139.793198,point,浅草一丁目８番５号,台東区,浅草,1743,台東区 食品衛生営業施設一覧,308,仲見世通り
飲食店,食べる,飲食店営業（すし屋）,（有）浅草壽司清,35.711533,139.792984,point,浅草一丁目９番８号,台東区,浅草,1729,台東区 食品衛生営業施設一覧,329,仲見世通り
飲食店,食べる,飲食店営業（すし屋）,寿司初　総本店,35.711849,139.79303,point,浅草一丁目１２番１０号,台東区,浅草,1724,台東区 食品衛生営業施設一覧,322,仲見世通り
飲食店,食べる,飲食店営業（すし屋）,常寿司,35.71196,139.794113,point,浅草一丁目１５番７号,台東区,浅草,1816,台東区 食品衛生営業施設一覧,225,仲見世通り
飲食店,食べる,飲食店営業（すし屋）,紀文寿司,35.711594,139.795395,point,浅草一丁目１７番１０号,台東区,浅草,1938,台東区 食品衛生営業施設一覧,114,仲見世通り
飲食店,食べる,飲食店営業（すし屋）,金太楼鮨　浅草中央店,35.711441,139.795456,point,浅草一丁目１７番１２号,台東区,浅草,1948,台東区 食品衛生営業施設一覧,115,仲見世通り
飲食店,食べる,飲食店営業（すし屋）,ＳＵＳＨＩ　ＧＡＲＹＵ　ＡＳＡＫＵＳＡ,35.711269,139.796082,point,浅草一丁目１８番３号,台東区,浅草,2007,台東区 食品衛生営業施設一覧,76,雷門
飲食店,食べる,飲食店営業（すし屋）,浅草すし若　雷門店,35.711525,139.795563,point,浅草一丁目１８番８号,台東区,浅草,1955,台東区 食品衛生営業施設一覧,102,仲見世通り
飲食店,食べる,飲食店営業（すし屋）,元祖寿司　浅草本店,35.711746,139.796829,point,浅草一丁目１９番７号,台東区,浅草,2061,台東区 食品衛生営業施設一覧,27,仲見世通り
飲食店,食べる,飲食店営業（すし屋）,浅草寿司場　ひなと丸　雷門店,35.711563,139.796112,point,浅草一丁目２０番３号,台東区,浅草,2002,台東区 食品衛生営業施設一覧,58,仲見世通り
飲食店,食べる,飲食店営業（すし屋）,日向丸,35.711868,139.795853,point,浅草一丁目２０番１０号,台東区,浅草,1972,台東区 食品衛生営業施設一覧,68,仲見世通り
飲食店,食べる,飲食店営業（すし屋）,日向丸　別邸,35.711868,139.795853,point,浅草一丁目２０番１０号,台東区,浅草,1972,台東区 食品衛生営業施設一覧,68,仲見世通り
飲食店,食べる,飲食店営業（すし屋）,寿司　令和,35.711693,139.795074,point,浅草一丁目２１番３号,台東区,浅草,1908,台東区 食品衛生営業施設一覧,140,仲見世通り
飲食店,食べる,飲食店営業（すし屋）,くら寿司　浅草ＲＯＸ店,35.71294,139.793137,point,浅草一丁目２５番１５号,台東区,浅草,1708,台東区 食品衛生営業施設一覧,333,仲見世通り
飲食店,食べる,飲食店営業（すし屋）,すし栄,35.712173,139.797165,point,浅草一丁目３４番４号,台東区,浅草,2081,台東区 食品衛生営業施設一覧,59,仲見世通り
飲食店,食べる,飲食店営業（すし屋）,有限会社　弁天山美家古,35.712975,139.79776,point,浅草二丁目１番１６号,台東区,浅草,2120,台東区 食品衛生営業施設一覧,159,仲見世通り
飲食店,食べる,飲食店営業（すし屋）,スシロー浅草六区店,35.713928,139.793396,point,浅草二丁目６番７号,台東区,浅草,1716,台東区 食品衛生営業施設一覧,315,浅草寺
飲食店,食べる,飲食店営業（すし屋）,浅草すし　浅草横町,35.713928,139.793396,point,浅草二丁目６番７号,台東区,浅草,1716,台東区 食品衛生営業施設一覧,315,浅草寺
飲食店,食べる,飲食店営業（すし屋）,浅草すし賢,35.713982,139.792648,point,浅草二丁目１１番４号,台東区,浅草,1648,台東区 食品衛生営業施設一覧,379,浅草寺
飲食店,食べる,飲食店営業（すし屋）,浅草　重寿司,35.715759,139.792786,point,浅草二丁目１３番６号,台東区,浅草,1651,台東区 食品衛生営業施設一覧,376,浅草寺
飲食店,食べる,飲食店営業（すし屋）,佃　瀧三郎　すし　浅草店,35.715336,139.793472,point,浅草二丁目１４番１号,台東区,浅草,1713,台東区 食品衛生営業施設一覧,304,浅草寺
飲食店,食べる,飲食店営業（すし屋）,鮨　なか乃,35.716049,139.793777,point,浅草二丁目１７番９号,台東区,浅草,1741,台東区 食品衛生営業施設一覧,306,浅草寺
飲食店,食べる,飲食店営業（すし屋）,鮨　あしわら,35.716393,139.793121,point,浅草二丁目２０番１号,台東区,浅草,1683,台東区 食品衛生営業施設一覧,377,浅草寺
飲食店,食べる,飲食店営業（すし屋）,シャリとタネ　七凪瀛,35.713928,139.798019,point,浅草二丁目３５番１３号,台東区,浅草,2131,台東区 食品衛生営業施設一覧,145,浅草寺
飲食店,食べる,飲食店営業（すし屋）,鮨雅,35.718254,139.793716,point,浅草三丁目４０番６号,台東区,浅草,1760,台東区 食品衛生営業施設一覧,479,浅草寺
飲食店,食べる,飲食店営業（すし屋）,鮨　久いち,35.717434,139.795166,point,浅草三丁目１８番８号,台東区,浅草,1877,台東区 食品衛生営業施設一覧,334,浅草寺
飲食店,食べる,飲食店営業（すし屋）,栄寿司,35.717281,139.796173,point,浅草三丁目２１番６号,台東区,浅草,1966,台東区 食品衛生営業施設一覧,289,浅草寺
飲食店,食べる,飲食店営業（すし屋）,すし処　清司,35.716778,139.796814,point,浅草三丁目２２番１２号,台東区,浅草,2019,台東区 食品衛生営業施設一覧,229,浅草寺
飲食店,食べる,飲食店営業（すし屋）,おすしあわせ　鮨　ほり川,35.716625,139.797302,point,浅草三丁目２４番３号,台東区,浅草,2062,台東区 食品衛生営業施設一覧,218,浅草寺
飲食店,食べる,飲食店営業（すし屋）,鮓　かね庄,35.71772,139.797028,point,浅草三丁目３３番９号,台東区,浅草,2047,台東区 食品衛生営業施設一覧,335,浅草寺
飲食店,食べる,飲食店営業（すし屋）,金太楼鮨　馬道店,35.717678,139.796158,point,浅草三丁目３５番１０号,台東区,浅草,1969,台東区 食品衛生営業施設一覧,333,浅草寺
飲食店,食べる,飲食店営業（すし屋）,鮨処　幸,35.717545,139.796112,point,浅草三丁目３５番１１号,台東区,浅草,1963,台東区 食品衛生営業施設一覧,319,浅草寺
飲食店,食べる,飲食店営業（すし屋）,奥,35.718189,139.793152,point,浅草三丁目４２番１１号,台東区,浅草,1708,台東区 食品衛生営業施設一覧,504,浅草寺
飲食店,食べる,飲食店営業（すし屋）,鮨　一新,35.718227,139.796432,point,浅草四丁目１１番３号,台東区,浅草,2001,台東区 食品衛生営業施設一覧,391,浅草寺
飲食店,食べる,飲食店営業（すし屋）,秀寿?,35.720161,139.797531,point,浅草五丁目２６番１１号,台東区,浅草,2140,台東区 食品衛生営業施設一覧,609,浅草寺
飲食店,食べる,飲食店営業（すし屋）,鮨　小料理　あじま,35.697113,139.784134,point,浅草橋一丁目１１番３号,台東区,浅草橋,2232,台東区 食品衛生営業施設一覧,1523,アメヤ横丁
飲食店,食べる,飲食店営業（すし屋）,小池寿司,35.697472,139.784332,point,浅草橋一丁目１６番６号,台東区,浅草橋,2203,台東区 食品衛生営業施設一覧,1501,アメヤ横丁
飲食店,食べる,飲食店営業（すし屋）,まぐろ人浅草橋出張所,35.6973,139.78595,point,浅草橋一丁目１７番１５号,台東区,浅草橋,2282,台東区 食品衛生営業施設一覧,1607,アメヤ横丁
飲食店,食べる,飲食店営業（すし屋）,げんき鮨,35.697479,139.785263,point,浅草橋一丁目２０番１号,台東区,浅草橋,2237,台東区 食品衛生営業施設一覧,1552,アメヤ横丁
飲食店,食べる,飲食店営業（すし屋）,浅草橋うらおにかい,35.697479,139.785263,point,浅草橋一丁目２０番１号,台東区,浅草橋,2237,台東区 食品衛生営業施設一覧,1552,アメヤ横丁
飲食店,食べる,飲食店営業（すし屋）,金太楼鮨　浅草橋店,35.697819,139.785385,point,浅草橋一丁目２０番６号,台東区,浅草橋,2208,台東区 食品衛生営業施設一覧,1530,アメヤ横丁
飲食店,食べる,飲食店営業（すし屋）,有限会社　寿し政,35.699631,139.784027,point,浅草橋二丁目１８番２号,台東区,浅草橋,1973,台東区 食品衛生営業施設一覧,1298,アメヤ横丁
飲食店,食べる,飲食店営業（すし屋）,浅草橋　すし栄,35.701248,139.785172,point,浅草橋三丁目１２番５号,台東区,浅草橋,1864,台東区 食品衛生営業施設一覧,1249,アメヤ横丁
飲食店,食べる,飲食店営業（すし屋）,蓑寿司,35.698841,139.780426,point,浅草橋四丁目１６番４号,台東区,浅草橋,1939,台東区 食品衛生営業施設一覧,1184,アメヤ横丁
飲食店,食べる,飲食店営業（すし屋）,江戸前　英多郎寿司,35.712986,139.768234,point,池之端二丁目１番４５号,台東区,池之端,636,台東区 食品衛生営業施設一覧,537,上野公園
飲食店,食べる,飲食店営業（すし屋）,鮨勝,35.721745,139.805664,point,今戸二丁目２４番８号,台東区,今戸,2895,台東区 食品衛生営業施設一覧,1122,浅草寺
飲食店,食べる,飲食店営業（すし屋）,鮨　友幸,35.719044,139.786789,point,入谷一丁目２番３号,台東区,入谷,1174,台東区 食品衛生営業施設一覧,1020,浅草寺
飲食店,食べる,飲食店営業（すし屋）,きと,35.720715,139.786224,point,入谷一丁目２１番５号,台東区,入谷,1202,台東区 食品衛生営業施設一覧,1161,浅草寺
飲食店,食べる,飲食店営業（すし屋）,有限会社　藤よし　一徳鮨,35.708401,139.772141,point,上野二丁目２番３号,台東区,上野,828,台東区 食品衛生営業施設一覧,204,アメヤ横丁
飲食店,食べる,飲食店営業（すし屋）,英鮨　上野店,35.708572,139.772049,point,上野二丁目３番９号,台東区,上野,812,台東区 食品衛生営業施設一覧,214,アメヤ横丁
飲食店,食べる,飲食店営業（すし屋）,上野寿司　いなせ,35.708572,139.772049,point,上野二丁目３番９号,台東区,上野,812,台東区 食品衛生営業施設一覧,214,アメヤ横丁
飲食店,食べる,飲食店営業（すし屋）,すし　ゆう紀,35.708607,139.772446,point,上野二丁目６番４号,台東区,上野,799,台東区 食品衛生営業施設一覧,180,アメヤ横丁
飲食店,食べる,飲食店営業（すし屋）,すしざんまい上野店,35.709156,139.773132,point,上野二丁目７番１２号,台東区,上野,727,台東区 食品衛生営業施設一覧,149,アメヤ横丁
飲食店,食べる,飲食店営業（すし屋）,すし　　鷹の羽,35.709061,139.772079,point,上野二丁目９番３号,台東区,上野,759,台東区 食品衛生営業施設一覧,226,アメヤ横丁
飲食店,食べる,飲食店営業（すし屋）,すし旬彩　鷹の羽,35.709076,139.772339,point,上野二丁目９番８号,台東区,上野,751,台東区 食品衛生営業施設一覧,205,アメヤ横丁
飲食店,食べる,飲食店営業（すし屋）,海鮮料理　第二英鮨,35.70892,139.77153,point,上野二丁目１０番４号,台東区,上野,790,台東区 食品衛生営業施設一覧,268,アメヤ横丁
飲食店,食べる,飲食店営業（すし屋）,鬼太郎寿し　上野店,35.709187,139.771912,point,上野二丁目１０番８号,台東区,上野,750,台東区 食品衛生営業施設一覧,245,アメヤ横丁
飲食店,食べる,飲食店営業（すし屋）,金太楼鮨　不忍店,35.708912,139.770218,point,上野二丁目１１番８号,台東区,上野,838,台東区 食品衛生営業施設一覧,384,アメヤ横丁
飲食店,食べる,飲食店営業（すし屋）,寿司茶屋桃太郎上野店,35.709351,139.772232,point,上野二丁目１２番７号,台東区,上野,724,台東区 食品衛生営業施設一覧,228,アメヤ横丁
飲食店,食べる,飲食店営業（すし屋）,すし処　大矢,35.703445,139.773346,point,上野三丁目３番１号,台東区,上野,1356,台東区 食品衛生営業施設一覧,548,アメヤ横丁
飲食店,食べる,飲食店営業（すし屋）,鮨吉,35.705803,139.772736,point,上野三丁目１７番１２号,台東区,上野,1101,台東区 食品衛生営業施設一覧,316,アメヤ横丁
飲食店,食べる,飲食店営業（すし屋）,金沢まいもん寿司　上野,35.70697,139.772964,point,上野三丁目２４番６号,台東区,上野,970,台東区 食品衛生営業施設一覧,197,アメヤ横丁
飲食店,食べる,飲食店営業（すし屋）,寿司源,35.707439,139.773712,point,上野三丁目２８番５号,台東区,上野,910,台東区 食品衛生営業施設一覧,114,アメヤ横丁
飲食店,食べる,飲食店営業（すし屋）,活魚　大江戸　御徒町松坂屋前店,35.70779,139.774048,point,上野三丁目２８番９号,台東区,上野,869,台東区 食品衛生営業施設一覧,65,アメヤ横丁
飲食店,食べる,飲食店営業（すし屋）,英鮨　御徒町店,35.708164,139.774185,point,上野四丁目２番１１号,台東区,上野,827,台東区 食品衛生営業施設一覧,25,アメヤ横丁
飲食店,食べる,飲食店営業（すし屋）,寿司幸,35.708164,139.774185,point,上野四丁目２番１１号,台東区,上野,827,台東区 食品衛生営業施設一覧,25,アメヤ横丁
飲食店,食べる,飲食店営業（すし屋）,まぐろ人上野広小路出張所,35.708065,139.773499,point,上野四丁目４番１号,台東区,上野,843,台東区 食品衛生営業施設一覧,85,アメヤ横丁
飲食店,食べる,飲食店営業（すし屋）,まぐろ人　御徒町出張所,35.708553,139.775238,point,上野六丁目３番７号,台東区,上野,786,台東区 食品衛生営業施設一覧,81,アメヤ横丁
飲食店,食べる,飲食店営業（すし屋）,よし寿司　上野店,35.709709,139.775894,point,上野六丁目７番８号,台東区,上野,667,台東区 食品衛生営業施設一覧,207,アメヤ横丁
飲食店,食べる,飲食店営業（すし屋）,立喰すし　アメ横二郎,35.709049,139.774796,point,上野六丁目１０番３号,台東区,上野,729,台東区 食品衛生営業施設一覧,91,アメヤ横丁
飲食店,食べる,飲食店営業（すし屋）,まぐろ市場　上野アメ横店,35.710407,139.774689,point,上野六丁目１１番１号,台東区,上野,578,台東区 食品衛生営業施設一覧,236,アメヤ横丁
飲食店,食べる,飲食店営業（すし屋）,回転寿司　江戸ッ子　上野駅前店,35.711239,139.775085,point,上野六丁目１２番１２号,台東区,上野,488,台東区 食品衛生営業施設一覧,333,アメヤ横丁
飲食店,食べる,飲食店営業（すし屋）,大江戸上野２号店,35.710983,139.774994,point,上野六丁目１２番１４号,台東区,上野,515,台東区 食品衛生営業施設一覧,303,アメヤ横丁
飲食店,食べる,飲食店営業（すし屋）,三浦三崎港,35.710983,139.774994,point,上野六丁目１２番１４号,台東区,上野,515,台東区 食品衛生営業施設一覧,303,アメヤ横丁
飲食店,食べる,飲食店営業（すし屋）,ＧＥＮＫＩ　ＳＵＳＨＩ×魚べい　上野店,35.710541,139.775528,point,上野六丁目１３番１４号,台東区,上野,570,台東区 食品衛生営業施設一覧,269,アメヤ横丁
飲食店,食べる,飲食店営業（すし屋）,鮨　尽誠,35.71138,139.775543,point,上野六丁目１４番７号,台東区,上野,479,台東区 食品衛生営業施設一覧,358,アメヤ横丁
飲食店,食べる,飲食店営業（すし屋）,海鮮処寿し常　アトレ上野店,35.713696,139.776917,point,上野七丁目１番１号,台東区,上野,304,台東区 食品衛生営業施設一覧,369,上野公園
飲食店,食べる,飲食店営業（すし屋）,雛鮨　上野の森さくらテラス店,35.712082,139.774704,point,上野公園１番５４号,台東区,上野公園,392,台東区 食品衛生営業施設一覧,385,上野公園
飲食店,食べる,飲食店営業（すし屋）,喜くばり　３１５３店,35.711739,139.77449,point,上野公園１番５７号,台東区,上野公園,429,台東区 食品衛生営業施設一覧,382,アメヤ横丁
飲食店,食べる,飲食店営業（すし屋）,立食い寿司みさき　上野３１５３店,35.711739,139.77449,point,上野公園１番５７号,台東区,上野公園,429,台東区 食品衛生営業施設一覧,382,アメヤ横丁
飲食店,食べる,飲食店営業（すし屋）,日本橋　すし処　二ノ宮,35.711739,139.77449,point,上野公園１番５７号,台東区,上野公園,429,台東区 食品衛生営業施設一覧,382,アメヤ横丁
飲食店,食べる,飲食店営業（すし屋）,浅草　志乃゛寿司,35.709549,139.794296,point,雷門一丁目１番１０号,台東区,雷門,1910,台東区 食品衛生営業施設一覧,258,雷門
飲食店,食べる,飲食店営業（すし屋）,すし屋の野八,35.710159,139.79361,point,雷門一丁目３番７号,台東区,雷門,1828,台東区 食品衛生営業施設一覧,288,雷門
飲食店,食べる,飲食店営業（すし屋）,日本海,35.709927,139.791672,point,雷門一丁目６番５号,台東区,雷門,1674,台東区 食品衛生営業施設一覧,464,雷門
飲食店,食べる,飲食店営業（すし屋）,すしの和　浅草田原町本店,35.710339,139.791809,point,雷門一丁目７番５号,台東区,雷門,1669,台東区 食品衛生営業施設一覧,445,雷門
飲食店,食べる,飲食店営業（すし屋）,成戸鮨,35.711243,139.792618,point,雷門一丁目１６番９号,台東区,雷門,1706,台東区 食品衛生営業施設一覧,367,仲見世通り
飲食店,食べる,飲食店営業（すし屋）,鳥越寿司,35.710915,139.792572,point,雷門一丁目１６番１２号,台東区,雷門,1713,台東区 食品衛生営業施設一覧,373,雷門
飲食店,食べる,飲食店営業（すし屋）,浅草　高勢,35.709656,139.794846,point,雷門二丁目８番１０号,台東区,雷門,1952,台東区 食品衛生営業施設一覧,210,雷門
飲食店,食べる,飲食店営業（すし屋）,築地すし鮮　浅草雷門店,35.710949,139.794937,point,雷門二丁目１６番９号,台東区,雷門,1916,台東区 食品衛生営業施設一覧,160,雷門
飲食店,食べる,飲食店営業（すし屋）,まぐろ人　雷門出張所,35.710697,139.79689,point,雷門二丁目１８番１２号,台東区,雷門,2094,台東区 食品衛生営業施設一覧,21,雷門
飲食店,食べる,飲食店営業（すし屋）,Ｔｏｋｙｏ　Ｓｕｓｈｉ　Ｂｏｗｌ,35.710255,139.796799,point,雷門二丁目１８番１６号,台東区,雷門,2099,台東区 食品衛生営業施設一覧,61,雷門
飲食店,食べる,飲食店営業（すし屋）,いちがいこき光,35.726311,139.802567,point,清川二丁目３番２号,台東区,清川,2800,台東区 食品衛生営業施設一覧,1392,浅草寺
飲食店,食べる,飲食店営業（すし屋）,稲荷寿司　まつむら,35.726284,139.801758,point,清川二丁目４番１号,台東区,清川,2733,台東区 食品衛生営業施設一覧,1363,浅草寺
飲食店,食べる,飲食店営業（すし屋）,菊正,35.702099,139.790268,point,蔵前二丁目１番２３号,台東区,蔵前,2069,台東区 食品衛生営業施設一覧,1128,雷門
飲食店,食べる,飲食店営業（すし屋）,寿し　小むらさき,35.706394,139.790054,point,寿一丁目２番１０号,台東区,寿,1738,台東区 食品衛生営業施設一覧,775,雷門
飲食店,食べる,飲食店営業（すし屋）,浅草　ＡＳＡ虎　廻,35.709629,139.790878,point,寿二丁目１０番１１号,台東区,寿,1621,台東区 食品衛生営業施設一覧,542,雷門
飲食店,食べる,飲食店営業（すし屋）,鮨　せんだん,35.705631,139.792435,point,寿三丁目１番２号,台東区,寿,1962,台東区 食品衛生営業施設一覧,692,雷門
飲食店,食べる,飲食店営業（すし屋）,（有）鮨松波,35.708393,139.794205,point,駒形一丁目９番５号,台東区,駒形,1951,台東区 食品衛生営業施設一覧,350,雷門
飲食店,食べる,飲食店営業（すし屋）,駒形寿司,35.705093,139.794357,point,駒形二丁目１番３号,台東区,駒形,2140,台東区 食品衛生営業施設一覧,669,雷門
飲食店,食べる,飲食店営業（すし屋）,旭寿司,35.720577,139.790359,point,千束二丁目１５番４号,台東区,千束,1535,台東区 食品衛生営業施設一覧,870,浅草寺
飲食店,食べる,飲食店営業（すし屋）,金すし,35.724174,139.795868,point,千束四丁目３３番２号,台東区,千束,2152,台東区 食品衛生営業施設一覧,1054,浅草寺
飲食店,食べる,飲食店営業（すし屋）,ますみ寿司,35.72533,139.796463,point,千束四丁目３８番１２号,台東区,千束,2259,台東区 食品衛生営業施設一覧,1180,浅草寺
飲食店,食べる,飲食店営業（すし屋）,初音鮨本店,35.70282,139.779984,point,台東二丁目１５番２号,台東区,台東,1505,台東区 食品衛生営業施設一覧,791,アメヤ横丁
飲食店,食べる,飲食店営業（すし屋）,松山寿司,35.704666,139.778336,point,台東三丁目２０番２号,台東区,台東,1264,台東区 食品衛生営業施設一覧,538,アメヤ横丁
飲食店,食べる,飲食店営業（すし屋）,魚がし日本一　　御徒町店,35.706154,139.776627,point,台東四丁目８番７号,台東区,台東,1068,台東区 食品衛生営業施設一覧,312,アメヤ横丁
飲食店,食べる,飲食店営業（すし屋）,よつえだ,35.707157,139.779175,point,台東四丁目２９番１５号,台東区,台東,1029,台東区 食品衛生営業施設一覧,449,アメヤ横丁
飲食店,食べる,飲食店営業（すし屋）,くら寿司　御徒町店,35.707176,139.776596,point,台東四丁目３３番１号,台東区,台東,956,台東区 食品衛生営業施設一覧,234,アメヤ横丁
飲食店,食べる,飲食店営業（すし屋）,有限会社　都寿司,35.702744,139.78125,point,鳥越一丁目９番２号,台東区,鳥越,1554,台東区 食品衛生営業施設一覧,874,アメヤ横丁
飲食店,食べる,飲食店営業（すし屋）,吾妻寿司,35.702473,139.783112,point,鳥越一丁目１３番１号,台東区,鳥越,1654,台東区 食品衛生営業施設一覧,1019,アメヤ横丁
飲食店,食べる,飲食店営業（すし屋）,鎌寿司,35.712231,139.791077,point,西浅草二丁目１１番１号,台東区,西浅草,1543,台東区 食品衛生営業施設一覧,500,仲見世通り
飲食店,食べる,飲食店営業（すし屋）,築地すし一番　西浅草店,35.712498,139.791977,point,西浅草二丁目１３番９号,台東区,西浅草,1615,台東区 食品衛生営業施設一覧,423,仲見世通り
飲食店,食べる,飲食店営業（すし屋）,魚裕,35.712963,139.791306,point,西浅草二丁目１５番１３号,台東区,西浅草,1545,台東区 食品衛生営業施設一覧,492,仲見世通り
飲食店,食べる,飲食店営業（すし屋）,浅草貴乃,35.713657,139.790344,point,西浅草二丁目２４番１号,台東区,西浅草,1447,台東区 食品衛生営業施設一覧,590,浅草寺
飲食店,食べる,飲食店営業（すし屋）,鮨　ほまれ,35.713528,139.792099,point,西浅草二丁目２７番１号,台東区,西浅草,1606,台東区 食品衛生営業施設一覧,440,浅草寺
飲食店,食べる,飲食店営業（すし屋）,緑寿司,35.713852,139.791809,point,西浅草二丁目２７番８号,台東区,西浅草,1575,台東区 食品衛生営業施設一覧,456,浅草寺
飲食店,食べる,飲食店営業（すし屋）,寿神　ふた川,35.714073,139.791245,point,西浅草三丁目３番４号,台東区,西浅草,1521,台東区 食品衛生営業施設一覧,502,浅草寺
飲食店,食べる,飲食店営業（すし屋）,喜久鮨,35.714439,139.789291,point,西浅草三丁目７番２号,台東区,西浅草,1342,台東区 食品衛生営業施設一覧,674,浅草寺
飲食店,食べる,飲食店営業（すし屋）,すし游,35.715023,139.79213,point,西浅草三丁目１６番８号,台東区,西浅草,1593,台東区 食品衛生営業施設一覧,418,浅草寺
飲食店,食べる,飲食店営業（すし屋）,水喜,35.714767,139.792343,point,西浅草三丁目１６番１１号,台東区,西浅草,1614,台東区 食品衛生営業施設一覧,398,浅草寺
飲食店,食べる,飲食店営業（すし屋）,鮨　４６８,35.715958,139.789703,point,西浅草三丁目２３番１４号,台東区,西浅草,1373,台東区 食品衛生営業施設一覧,651,浅草寺
飲食店,食べる,飲食店営業（すし屋）,一八寿司,35.725346,139.799072,point,日本堤一丁目４番１号,台東区,日本堤,2469,台東区 食品衛生営業施設一覧,1200,浅草寺
飲食店,食べる,飲食店営業（すし屋）,鮨　くり田,35.720394,139.781036,point,根岸一丁目１番２６号,台東区,根岸,795,台東区 食品衛生営業施設一覧,887,上野公園
飲食店,食べる,飲食店営業（すし屋）,鮨　若竹,35.721954,139.780289,point,根岸三丁目５番３号,台東区,根岸,879,台東区 食品衛生営業施設一覧,960,上野公園
飲食店,食べる,飲食店営業（すし屋）,鮨創作料理奄美,35.723862,139.784378,point,根岸四丁目１番２９号,台東区,根岸,1280,台東区 食品衛生営業施設一覧,1368,上野公園
飲食店,食べる,飲食店営業（すし屋）,鮨　明高勢,35.7243,139.783401,point,根岸四丁目２番２号,台東区,根岸,1258,台東区 食品衛生営業施設一覧,1341,上野公園
飲食店,食べる,飲食店営業（すし屋）,元祖寿司　浅草駅前店,35.711086,139.798141,point,花川戸一丁目２番３号,台東区,花川戸,2193,台東区 食品衛生営業施設一覧,134,雷門
飲食店,食べる,飲食店営業（すし屋）,築地玉寿司　浅草エキミセ店,35.71122,139.797836,point,花川戸一丁目４番１号,台東区,花川戸,2162,台東区 食品衛生営業施設一覧,113,雷門
飲食店,食べる,飲食店営業（すし屋）,株式会社松屋　浅草店　Ｂ１　催事Ｂ,35.71122,139.797836,point,花川戸一丁目４番１号,台東区,花川戸,2162,台東区 食品衛生営業施設一覧,113,雷門
飲食店,食べる,飲食店営業（すし屋）,寿司　いさりび,35.712547,139.798218,point,花川戸一丁目６番６号,台東区,花川戸,2168,台東区 食品衛生営業施設一覧,163,仲見世通り
飲食店,食べる,飲食店営業（すし屋）,陣　－　浅草　ＪＩＮ　－　ＡＳＡＫＵＳＡ,35.712772,139.799332,point,花川戸一丁目１０番１４号,台東区,花川戸,2264,台東区 食品衛生営業施設一覧,265,仲見世通り
飲食店,食べる,飲食店営業（すし屋）,㈱金太楼鮨本店,35.722828,139.801132,point,東浅草一丁目２１番７号,台東区,東浅草,2535,台東区 食品衛生営業施設一覧,985,浅草寺
飲食店,食べる,飲食店営業（すし屋）,金太楼鮨本店,35.722748,139.801437,point,東浅草一丁目２１番９号,台東区,東浅草,2558,台東区 食品衛生営業施設一覧,988,浅草寺
飲食店,食べる,飲食店営業（すし屋）,株式会社　金太楼鮨本店,35.723305,139.800995,point,東浅草二丁目１番５号,台東区,東浅草,2541,台東区 食品衛生営業施設一覧,1029,浅草寺
飲食店,食べる,飲食店営業（すし屋）,翁鮨有限会社,35.708012,139.778076,point,東上野一丁目１２番１３号,台東区,東上野,903,台東区 食品衛生営業施設一覧,333,アメヤ横丁
飲食店,食べる,飲食店営業（すし屋）,すし処　漁美,35.70956,139.781815,point,東上野二丁目２番９号,台東区,東上野,942,台東区 食品衛生営業施設一覧,684,アメヤ横丁
飲食店,食べる,飲食店営業（すし屋）,鮨　百万石,35.709274,139.778381,point,東上野二丁目１１番５号,台東区,東上野,786,台東区 食品衛生営業施設一覧,375,アメヤ横丁
飲食店,食べる,飲食店営業（すし屋）,美好鮨,35.709801,139.778549,point,東上野二丁目２２番５号,台東区,東上野,741,台東区 食品衛生営業施設一覧,410,アメヤ横丁
飲食店,食べる,飲食店営業（すし屋）,食堂ボンド　ｓｕｓｈｉ　ｓｈｏｋｕｄｏ,35.713993,139.782669,point,東上野五丁目１７番８号,台東区,東上野,759,台東区 食品衛生営業施設一覧,851,上野公園
飲食店,食べる,飲食店営業（すし屋）,太助寿し,35.714546,139.788254,point,松が谷二丁目２６番６号,台東区,松が谷,1247,台東区 食品衛生営業施設一覧,767,浅草寺
飲食店,食べる,飲食店営業（すし屋）,廻転寿司　日本海,35.718857,139.786697,point,松が谷四丁目２７番１０号,台東区,松が谷,1159,台東区 食品衛生営業施設一覧,1018,浅草寺
飲食店,食べる,飲食店営業（すし屋）,豊鮨,35.703117,139.785797,point,三筋一丁目６番１号,台東区,三筋,1723,台東区 食品衛生営業施設一覧,1179,アメヤ横丁
飲食店,食べる,飲食店営業（すし屋）,鮨処　さく山,35.703278,139.784851,point,三筋一丁目７番４号,台東区,三筋,1659,台東区 食品衛生営業施設一覧,1097,アメヤ横丁
飲食店,食べる,飲食店営業（すし屋）,銀のさら・釜寅　蔵前店,35.704449,139.784744,point,三筋一丁目１０番７号,台東区,三筋,1547,台東区 食品衛生営業施設一覧,1027,アメヤ横丁
飲食店,食べる,飲食店営業（すし屋）,鮨・酒・肴　杉玉　三ノ輪,35.729668,139.791718,point,三ノ輪一丁目２８番１２号,台東区,三ノ輪,2205,台東区 食品衛生営業施設一覧,1723,浅草寺
飲食店,食べる,飲食店営業（すし屋）,栄鮨,35.728958,139.794693,point,三ノ輪二丁目２番１号,台東区,三ノ輪,2351,台東区 食品衛生営業施設一覧,1594,浅草寺
飲食店,食べる,飲食店営業（すし屋）,次郎長寿司,35.729969,139.79216,point,三ノ輪二丁目１４番７号,台東区,三ノ輪,2257,台東区 食品衛生営業施設一覧,1746,浅草寺
飲食店,食べる,飲食店営業（すし屋）,有限会社　すし乃池,35.724598,139.764496,point,谷中三丁目２番３号,台東区,谷中,1348,台東区 食品衛生営業施設一覧,1303,上野公園
飲食店,食べる,飲食店営業（すし屋）,三喜鮨,35.7253,139.764221,point,谷中三丁目２番１０号,台東区,谷中,1423,台東区 食品衛生営業施設一覧,1380,上野公園
飲食店,食べる,飲食店営業（すし屋）,銀寿司,35.726814,139.764679,point,谷中三丁目８番５号,台東区,谷中,1530,台東区 食品衛生営業施設一覧,1495,上野公園
飲食店,食べる,飲食店営業（すし屋）,（有）美家古鮨本店,35.696499,139.787888,point,柳橋一丁目１０番１２号,台東区,柳橋,2444,台東区 食品衛生営業施設一覧,1778,雷門
飲食店,食べる,飲食店営業（すし屋）,魚がし日本一　浅草橋店,35.696846,139.786179,point,柳橋一丁目１３番３号,台東区,柳橋,2337,台東区 食品衛生営業施設一覧,1659,アメヤ横丁
飲食店,食べる,飲食店営業（すし屋）,有限会社　梅寿司,35.698071,139.788193,point,柳橋二丁目４番１号,台東区,柳橋,2308,台東区 食品衛生営業施設一覧,1610,雷門
飲食店,食べる,飲食店営業（すし屋）,すし屋　米田,35.722675,139.786316,point,竜泉一丁目１０番３号,台東区,竜泉,1325,台東区 食品衛生営業施設一覧,1292,浅草寺
飲食店,食べる,飲食店営業（すし屋）,魚誠寿司,35.724628,139.788834,point,竜泉一丁目３２番６号,台東区,竜泉,1638,台東区 食品衛生営業施設一覧,1313,浅草寺
飲食店,食べる,飲食店営業（すし屋）,有限会社　池上幸寿司,35.725769,139.795166,point,竜泉三丁目２番２号,台東区,竜泉,2182,台東区 食品衛生営業施設一覧,1237,浅草寺
飲食店,食べる,飲食店営業（そば）,株式会社　尾張屋,35.710922,139.797134,point,浅草一丁目１番３号,台東区,浅草,2109,台東区 食品衛生営業施設一覧,41,雷門
飲食店,食べる,飲食店営業（そば）,雷門　満留賀,35.711136,139.797058,point,浅草一丁目１番５号,台東区,浅草,2096,台東区 食品衛生営業施設一覧,49,雷門
飲食店,食べる,飲食店営業（そば）,文殊　浅草店,35.711655,139.797546,point,浅草一丁目１番１２号,台東区,浅草,2126,台東区 食品衛生営業施設一覧,90,仲見世通り
飲食店,食べる,飲食店営業（そば）,株式会社　尾張屋,35.711369,139.79361,point,浅草一丁目７番１号,台東区,浅草,1788,台東区 食品衛生営業施設一覧,276,仲見世通り
飲食店,食べる,飲食店営業（そば）,但馬庵,35.711521,139.792358,point,浅草一丁目１０番２号,台東区,浅草,1675,台東区 食品衛生営業施設一覧,385,仲見世通り
飲食店,食べる,飲食店営業（そば）,㈱菊水堂　手打そば　十和田,35.711964,139.793152,point,浅草一丁目１３番４号,台東区,浅草,1732,台東区 食品衛生営業施設一覧,311,仲見世通り
飲食店,食べる,飲食店営業（そば）,㈲雷門　田川,35.711269,139.796082,point,浅草一丁目１８番３号,台東区,浅草,2007,台東区 食品衛生営業施設一覧,76,雷門
飲食店,食べる,飲食店営業（そば）,竹庵,35.711712,139.79657,point,浅草一丁目１９番５号,台東区,浅草,2039,台東区 食品衛生営業施設一覧,21,仲見世通り
飲食店,食べる,飲食店営業（そば）,玄蕎麦しんがり　浅草本店,35.711727,139.796982,point,浅草一丁目１９番８号,台東区,浅草,2075,台東区 食品衛生営業施設一覧,39,仲見世通り
飲食店,食べる,飲食店営業（そば）,阿娑?（あさば）,35.712326,139.792694,point,浅草一丁目２４番３号,台東区,浅草,1682,台東区 食品衛生営業施設一覧,356,仲見世通り
飲食店,食べる,飲食店営業（そば）,丸亀製麺浅草ＲＯＸ,35.712658,139.793259,point,浅草一丁目２６番５号,台東区,浅草,1725,台東区 食品衛生営業施設一覧,313,仲見世通り
飲食店,食べる,飲食店営業（そば）,秋月,35.71188,139.796295,point,浅草一丁目３０番２号,台東区,浅草,2011,台東区 食品衛生営業施設一覧,28,仲見世通り
飲食店,食べる,飲食店営業（そば）,まぐろそば　浅草本店,35.7122,139.796143,point,浅草一丁目３１番３号,台東区,浅草,1990,台東区 食品衛生営業施設一覧,53,仲見世通り
飲食店,食べる,飲食店営業（そば）,十和田,35.711987,139.797134,point,浅草一丁目３３番５号,台東区,浅草,2083,台東区 食品衛生営業施設一覧,49,仲見世通り
飲食店,食べる,飲食店営業（そば）,花みずき,35.713108,139.797806,point,浅草二丁目１番１５号,台東区,浅草,2122,台東区 食品衛生営業施設一覧,173,仲見世通り
飲食店,食べる,飲食店営業（そば）,出雲十割そば　塩名人　極　浅草店,35.714409,139.797684,point,浅草二丁目３番６１号,台東区,浅草,2097,台東区 食品衛生営業施設一覧,91,浅草寺
飲食店,食べる,飲食店営業（そば）,翁そば,35.713596,139.793793,point,浅草二丁目５番３号,台東区,浅草,1756,台東区 食品衛生営業施設一覧,295,浅草寺
飲食店,食べる,飲食店営業（そば）,一八そば,35.713612,139.793427,point,浅草二丁目５番５号,台東区,浅草,1723,台東区 食品衛生営業施設一覧,324,浅草寺
飲食店,食べる,飲食店営業（そば）,こうた屋,35.715488,139.79277,point,浅草二丁目１３番４号,台東区,浅草,1649,台東区 食品衛生営業施設一覧,369,浅草寺
飲食店,食べる,飲食店営業（そば）,そば処　甲州屋,35.715458,139.793671,point,浅草二丁目１５番２号,台東区,浅草,1731,台東区 食品衛生営業施設一覧,290,浅草寺
飲食店,食べる,飲食店営業（そば）,手打蕎麦　つむぎ,35.716518,139.79393,point,浅草二丁目２２番１２号,台東区,浅草,1757,台東区 食品衛生営業施設一覧,324,浅草寺
飲食店,食べる,飲食店営業（そば）,長寿庵,35.716118,139.79776,point,浅草三丁目３番１号,台東区,浅草,2101,台東区 食品衛生営業施設一覧,180,浅草寺
飲食店,食べる,飲食店営業（そば）,特撰ひやむぎ　きわだち,35.717091,139.794891,point,浅草三丁目９番１０号,台東区,浅草,1848,台東区 食品衛生営業施設一覧,313,浅草寺
飲食店,食べる,飲食店営業（そば）,手打ちそば　なお太,35.716961,139.795975,point,浅草三丁目２１番３号,台東区,浅草,1945,台東区 食品衛生営業施設一覧,259,浅草寺
飲食店,食べる,飲食店営業（そば）,弁天,35.717175,139.796387,point,浅草三丁目２１番８号,台東区,浅草,1984,台東区 食品衛生営業施設一覧,275,浅草寺
飲食店,食べる,飲食店営業（そば）,丹想庵　健次郎,35.717499,139.795761,point,浅草三丁目３５番３号,台東区,浅草,1931,台東区 食品衛生営業施設一覧,322,浅草寺
飲食店,食べる,飲食店営業（そば）,能登屋支店,35.719688,139.795334,point,浅草四丁目３６番５号,台東区,浅草,1935,台東区 食品衛生営業施設一覧,567,浅草寺
飲食店,食べる,飲食店営業（そば）,浅草じゅうろく,35.719563,139.796021,point,浅草四丁目３７番８号,台東区,浅草,1992,台東区 食品衛生営業施設一覧,543,浅草寺
飲食店,食べる,飲食店営業（そば）,蕎亭　大黒屋,35.718815,139.795914,point,浅草四丁目３９番２号,台東区,浅草,1966,台東区 食品衛生営業施設一覧,462,浅草寺
飲食店,食べる,飲食店営業（そば）,株式会社浅草角萬,35.719139,139.797211,point,浅草四丁目４５番４号,台東区,浅草,2088,台東区 食品衛生営業施設一覧,493,浅草寺
飲食店,食べる,飲食店営業（そば）,永竜,35.722076,139.797653,point,浅草五丁目６４番５号,台東区,浅草,2211,台東区 食品衛生営業施設一覧,822,浅草寺
飲食店,食べる,飲食店営業（そば）,朝日山,35.715324,139.801315,point,浅草六丁目１番３号,台東区,浅草,2421,台東区 食品衛生営業施設一覧,418,浅草寺
飲食店,食べる,飲食店営業（そば）,丸花そば店,35.718121,139.800217,point,浅草六丁目３２番３号,台東区,浅草,2339,台東区 食品衛生営業施設一覧,491,浅草寺
飲食店,食べる,飲食店営業（そば）,おがわ,35.697105,139.785934,point,浅草橋一丁目９番１１号,台東区,浅草橋,2301,台東区 食品衛生営業施設一覧,1623,アメヤ横丁
飲食店,食べる,飲食店営業（そば）,手打ちそば　更里,35.697113,139.784134,point,浅草橋一丁目１１番３号,台東区,浅草橋,2232,台東区 食品衛生営業施設一覧,1523,アメヤ横丁
飲食店,食べる,飲食店営業（そば）,蕎麦和酒しゃにむに,35.697456,139.784485,point,浅草橋一丁目１６番７号,台東区,浅草橋,2210,台東区 食品衛生営業施設一覧,1511,アメヤ横丁
飲食店,食べる,飲食店営業（そば）,文殊,35.6973,139.78595,point,浅草橋一丁目１７番１２号,台東区,浅草橋,2282,台東区 食品衛生営業施設一覧,1607,アメヤ横丁
飲食店,食べる,飲食店営業（そば）,満留賀,35.697845,139.786026,point,浅草橋一丁目１８番６号,台東区,浅草橋,2232,台東区 食品衛生営業施設一覧,1566,アメヤ横丁
飲食店,食べる,飲食店営業（そば）,そば八,35.698139,139.786194,point,浅草橋一丁目３０番４号,台東区,浅草橋,2210,台東区 食品衛生営業施設一覧,1553,アメヤ横丁
飲食店,食べる,飲食店営業（そば）,大新,35.699184,139.786514,point,浅草橋二丁目２番７号,台東区,浅草橋,2123,台東区 食品衛生営業施設一覧,1491,アメヤ横丁
飲食店,食べる,飲食店営業（そば）,?家,35.698849,139.784927,point,浅草橋二丁目５番２号,台東区,浅草橋,2087,台東区 食品衛生営業施設一覧,1417,アメヤ横丁
飲食店,食べる,飲食店営業（そば）,あさだ,35.699726,139.787613,point,浅草橋二丁目２９番１１号,台東区,浅草橋,2125,台東区 食品衛生営業施設一覧,1480,雷門
飲食店,食べる,飲食店営業（そば）,すぎ栄,35.701756,139.784317,point,浅草橋三丁目３４番８号,台東区,浅草橋,1776,台東区 食品衛生営業施設一覧,1154,アメヤ横丁
飲食店,食べる,飲食店営業（そば）,手打そば　さかき,35.698006,139.782516,point,浅草橋四丁目１０番２号,台東区,浅草橋,2086,台東区 食品衛生営業施設一覧,1359,アメヤ横丁
飲食店,食べる,飲食店営業（そば）,スタンドそば　野むら,35.701427,139.780914,point,浅草橋五丁目２０番８号,台東区,浅草橋,1679,台東区 食品衛生営業施設一覧,964,アメヤ横丁
飲食店,食べる,飲食店営業（そば）,春近　ＧＡＢＡ　ＳＯＢＡ　Ｌａｂ,35.709248,139.769287,point,池之端一丁目１番７号,台東区,池之端,849,台東区 食品衛生営業施設一覧,474,アメヤ横丁
飲食店,食べる,飲食店営業（そば）,新ふじ,35.715824,139.767075,point,池之端二丁目８番４号,台東区,池之端,671,台東区 食品衛生営業施設一覧,573,上野公園
飲食店,食べる,飲食店営業（そば）,尾張屋,35.721939,139.80452,point,今戸二丁目２２番５号,台東区,今戸,2800,台東区 食品衛生営業施設一覧,1066,浅草寺
飲食店,食べる,飲食店営業（そば）,吉野屋,35.722816,139.801743,point,今戸二丁目３９番７号,台東区,今戸,2587,台東区 食品衛生営業施設一覧,1007,浅草寺
飲食店,食べる,飲食店営業（そば）,手打ちうどん　　家康,35.721245,139.786865,point,入谷一丁目２３番２号,台東区,入谷,1281,台東区 食品衛生営業施設一覧,1150,浅草寺
飲食店,食べる,飲食店営業（そば）,角萬,35.721565,139.78627,point,入谷一丁目２４番６号,台東区,入谷,1253,台東区 食品衛生営業施設一覧,1214,浅草寺
飲食店,食べる,飲食店営業（そば）,一休庵,35.718609,139.788162,point,入谷二丁目３番３号,台東区,入谷,1278,台東区 食品衛生営業施設一覧,888,浅草寺
飲食店,食べる,飲食店営業（そば）,蓮玉庵,35.709354,139.772629,point,上野二丁目８番７号,台東区,上野,715,台東区 食品衛生営業施設一覧,198,アメヤ横丁
飲食店,食べる,飲食店営業（そば）,そばｓｈｉｎ,35.709454,139.772675,point,上野二丁目１２番４号,台東区,上野,703,台東区 食品衛生営業施設一覧,202,アメヤ横丁
飲食店,食べる,飲食店営業（そば）,富士そば　しのばず店,35.71003,139.7733,point,上野二丁目１３番１２号,台東区,上野,629,台東区 食品衛生営業施設一覧,216,アメヤ横丁
飲食店,食べる,飲食店営業（そば）,はなみずき,35.703976,139.773926,point,上野三丁目５番１０号,台東区,上野,1294,台東区 食品衛生営業施設一覧,483,アメヤ横丁
飲食店,食べる,飲食店営業（そば）,上野　味喜庵,35.706287,139.773117,point,上野三丁目２３番２号,台東区,上野,1043,台東区 食品衛生営業施設一覧,252,アメヤ横丁
飲食店,食べる,飲食店営業（そば）,手打ちそば　みや川　パルコヤ上野店,35.70697,139.772964,point,上野三丁目２４番６号,台東区,上野,970,台東区 食品衛生営業施設一覧,197,アメヤ横丁
飲食店,食べる,飲食店営業（そば）,富士そば御徒町駅前店,35.707783,139.774261,point,上野三丁目２７番８号,台東区,上野,869,台東区 食品衛生営業施設一覧,59,アメヤ横丁
飲食店,食べる,飲食店営業（そば）,天ぷら宮　本店,35.708984,139.774063,point,上野四丁目５番１０号,台東区,上野,737,台東区 食品衛生営業施設一覧,82,アメヤ横丁
飲食店,食べる,飲食店営業（そば）,ゆで太郎　御徒町店,35.706379,139.775909,point,上野五丁目２３番１１号,台東区,上野,1033,台東区 食品衛生営業施設一覧,253,アメヤ横丁
飲食店,食べる,飲食店営業（そば）,匠そば　御徒町店,35.706379,139.775909,point,上野五丁目２３番１１号,台東区,上野,1033,台東区 食品衛生営業施設一覧,253,アメヤ横丁
飲食店,食べる,飲食店営業（そば）,ゆき庵,35.706657,139.775696,point,上野五丁目２４番２号,台東区,上野,1000,台東区 食品衛生営業施設一覧,217,アメヤ横丁
飲食店,食べる,飲食店営業（そば）,よもだそば　御徒町店,35.707279,139.774521,point,上野五丁目２７番６号,台東区,上野,925,台東区 食品衛生営業施設一覧,114,アメヤ横丁
飲食店,食べる,飲食店営業（そば）,いろり庵きらく御徒町店,35.707531,139.774551,point,上野五丁目２７番８号,台東区,上野,897,台東区 食品衛生営業施設一覧,87,アメヤ横丁
飲食店,食べる,飲食店営業（そば）,心洗庵,35.708279,139.775787,point,上野六丁目１番６号,台東区,上野,822,台東区 食品衛生営業施設一覧,125,アメヤ横丁
飲食店,食べる,飲食店営業（そば）,そば処　いち川,35.709415,139.77623,point,上野六丁目７番１９号,台東区,上野,705,台東区 食品衛生営業施設一覧,207,アメヤ横丁
飲食店,食べる,飲食店営業（そば）,上野やぶそば,35.710175,139.775467,point,上野六丁目９番１６号,台東区,上野,610,台東区 食品衛生営業施設一覧,230,アメヤ横丁
飲食店,食べる,飲食店営業（そば）,めん処　つるや,35.711456,139.774902,point,上野六丁目１１番１２号,台東区,上野,462,台東区 食品衛生営業施設一覧,354,アメヤ横丁
飲食店,食べる,飲食店営業（そば）,ＴＯＷＡ　－麦酒と日本酒と蕎麦－,35.711456,139.774902,point,上野六丁目１１番１２号,台東区,上野,462,台東区 食品衛生営業施設一覧,354,アメヤ横丁
飲食店,食べる,飲食店営業（そば）,大江戸そば上野９．１０番線ホーム店,35.713696,139.776917,point,上野七丁目１番１号,台東区,上野,304,台東区 食品衛生営業施設一覧,369,上野公園
飲食店,食べる,飲食店営業（そば）,いろり庵きらく上野店,35.713696,139.776917,point,上野七丁目１番１号,台東区,上野,304,台東区 食品衛生営業施設一覧,369,上野公園
飲食店,食べる,飲食店営業（そば）,そばいち二八　エキュート上野店,35.713696,139.776917,point,上野七丁目１番１号,台東区,上野,304,台東区 食品衛生営業施設一覧,369,上野公園
飲食店,食べる,飲食店営業（そば）,駅そば　爽亭　７・８番店,35.713696,139.776917,point,上野七丁目１番１号,台東区,上野,304,台東区 食品衛生営業施設一覧,369,上野公園
飲食店,食べる,飲食店営業（そば）,駅そば　爽亭,35.713696,139.776917,point,上野七丁目１番１号,台東区,上野,304,台東区 食品衛生営業施設一覧,369,上野公園
飲食店,食べる,飲食店営業（そば）,いろり庵　上野店,35.713696,139.776917,point,上野七丁目１番１号,台東区,上野,304,台東区 食品衛生営業施設一覧,369,上野公園
飲食店,食べる,飲食店営業（そば）,きなせや．　アトレ上野店,35.713696,139.776917,point,上野七丁目１番１号,台東区,上野,304,台東区 食品衛生営業施設一覧,369,上野公園
飲食店,食べる,飲食店営業（そば）,富士そば　　上野店,35.71241,139.777435,point,上野七丁目２番１号,台東区,上野,443,台東区 食品衛生営業施設一覧,492,上野公園
飲食店,食べる,飲食店営業（そば）,つたや,35.715515,139.779388,point,上野七丁目１０番６号,台東区,上野,441,台東区 食品衛生営業施設一覧,541,上野公園
飲食店,食べる,飲食店営業（そば）,喜乃字屋,35.712082,139.774704,point,上野公園１番５４号,台東区,上野公園,392,台東区 食品衛生営業施設一覧,385,上野公園
飲食店,食べる,飲食店営業（そば）,末広,35.709549,139.794296,point,雷門一丁目１番１０号,台東区,雷門,1910,台東区 食品衛生営業施設一覧,258,雷門
飲食店,食べる,飲食店営業（そば）,蕎麦処　西原,35.710194,139.791763,point,雷門一丁目７番４号,台東区,雷門,1670,台東区 食品衛生営業施設一覧,451,雷門
飲食店,食べる,飲食店営業（そば）,並木薮蕎麦,35.709667,139.79599,point,雷門二丁目１１番９号,台東区,雷門,2049,台東区 食品衛生営業施設一覧,141,雷門
飲食店,食べる,飲食店営業（そば）,いわもとＱ浅草店,35.710255,139.796799,point,雷門二丁目１８番１６号,台東区,雷門,2099,台東区 食品衛生営業施設一覧,61,雷門
飲食店,食べる,飲食店営業（そば）,富士そば　浅草店,35.710655,139.797272,point,雷門二丁目１９番１１号,台東区,雷門,2128,台東区 食品衛生営業施設一覧,54,雷門
飲食店,食べる,飲食店営業（そば）,ＳＯＢＡ－ＨＯＵＳＥ　大自然,35.715733,139.785324,point,北上野二丁目１番１４号,台東区,北上野,977,台東区 食品衛生営業施設一覧,1038,浅草寺
飲食店,食べる,飲食店営業（そば）,蕎麦義,35.715637,139.784424,point,北上野二丁目２番４号,台東区,北上野,896,台東区 食品衛生営業施設一覧,996,上野公園
飲食店,食べる,飲食店営業（そば）,有限会社　山田製麺所本店,35.71777,139.78363,point,北上野二丁目１７番７号,台東区,北上野,859,台東区 食品衛生営業施設一覧,961,上野公園
飲食店,食べる,飲食店営業（そば）,?久よし,35.724224,139.803223,point,清川一丁目１４番６号,台東区,清川,2765,台東区 食品衛生営業施設一覧,1208,浅草寺
飲食店,食べる,飲食店営業（そば）,さかえや,35.726181,139.80336,point,清川一丁目３１番９号,台東区,清川,2859,台東区 食品衛生営業施設一覧,1407,浅草寺
飲食店,食べる,飲食店営業（そば）,黒猫庵,35.704147,139.79126,point,蔵前三丁目６番８号,台東区,蔵前,1978,台東区 食品衛生営業施設一覧,888,雷門
飲食店,食べる,飲食店営業（そば）,甲州屋,35.704899,139.784149,point,小島二丁目２番１号,台東区,小島,1475,台東区 食品衛生営業施設一覧,958,アメヤ横丁
飲食店,食べる,飲食店営業（そば）,大村庵,35.706871,139.782516,point,小島二丁目２１番１０号,台東区,小島,1211,台東区 食品衛生営業施設一覧,750,アメヤ横丁
飲食店,食べる,飲食店営業（そば）,蕎麦酒房　てらさわ,35.706394,139.790054,point,寿一丁目２番１０号,台東区,寿,1738,台東区 食品衛生営業施設一覧,775,雷門
飲食店,食べる,飲食店営業（そば）,小松庵,35.709152,139.789932,point,寿二丁目４番８号,台東区,寿,1567,台東区 食品衛生営業施設一覧,638,雷門
飲食店,食べる,飲食店営業（そば）,甲州屋,35.70713,139.793518,point,寿三丁目１５番１６号,台東区,寿,1958,台東区 食品衛生営業施設一覧,499,雷門
飲食店,食べる,飲食店営業（そば）,甲州屋,35.709343,139.791504,point,寿四丁目１６番５号,台東区,寿,1686,台東区 食品衛生営業施設一覧,496,雷門
飲食店,食べる,飲食店営業（そば）,有限会社　蕎上人,35.708076,139.795792,point,駒形二丁目７番３号,台東区,駒形,2097,台東区 食品衛生営業施設一覧,314,雷門
飲食店,食べる,飲食店営業（そば）,満るい,35.720409,139.782578,point,下谷二丁目３番４号,台東区,下谷,904,台東区 食品衛生営業施設一覧,1000,上野公園
飲食店,食べる,飲食店営業（そば）,手打そば　川しま,35.720596,139.783585,point,下谷二丁目６番１号,台東区,下谷,991,台東区 食品衛生営業施設一覧,1087,上野公園
飲食店,食べる,飲食店営業（そば）,手打そば　　川しま,35.720665,139.783737,point,下谷二丁目６番１５号,台東区,下谷,1006,台東区 食品衛生営業施設一覧,1103,上野公園
飲食店,食べる,飲食店営業（そば）,甲州屋,35.722691,139.78331,point,下谷二丁目１９番３号,台東区,下谷,1120,台東区 食品衛生営業施設一覧,1209,上野公園
飲食店,食べる,飲食店営業（そば）,立喰そば　ねぎどん,35.719414,139.791611,point,千束一丁目１７番８号,台東区,千束,1602,台東区 食品衛生営業施設一覧,698,浅草寺
飲食店,食べる,飲食店営業（そば）,辰巳庵,35.719955,139.792267,point,千束三丁目８番５号,台東区,千束,1676,台東区 食品衛生営業施設一覧,709,浅草寺
飲食店,食べる,飲食店営業（そば）,山田屋,35.723583,139.791672,point,千束三丁目３３番９号,台東区,千束,1786,台東区 食品衛生営業施設一覧,1087,浅草寺
飲食店,食べる,飲食店営業（そば）,（有）能登屋,35.723831,139.795547,point,千束四丁目１６番８号,台東区,千束,2109,台東区 食品衛生営業施設一覧,1019,浅草寺
飲食店,食べる,飲食店営業（そば）,清水や,35.70047,139.780472,point,台東一丁目１番１５号,台東区,台東,1767,台東区 食品衛生営業施設一覧,1029,アメヤ横丁
飲食店,食べる,飲食店営業（そば）,川一,35.700809,139.779617,point,台東一丁目２番７号,台東区,台東,1708,台東区 食品衛生営業施設一覧,957,アメヤ横丁
飲食店,食べる,飲食店営業（そば）,更科,35.701443,139.777222,point,台東一丁目１４番９号,台東区,台東,1593,台東区 食品衛生営業施設一覧,804,アメヤ横丁
飲食店,食べる,飲食店営業（そば）,日の出,35.70121,139.780396,point,台東一丁目１７番２号,台東区,台東,1686,台東区 食品衛生営業施設一覧,956,アメヤ横丁
飲食店,食べる,飲食店営業（そば）,満留賀,35.702045,139.777161,point,台東一丁目２６番６号,台東区,台東,1526,台東区 食品衛生営業施設一覧,739,アメヤ横丁
飲食店,食べる,飲食店営業（そば）,そば処　みのがさ　蔵前橋通り店,35.702229,139.779739,point,台東一丁目３６番６号,台東区,台東,1560,台東区 食品衛生営業施設一覧,830,アメヤ横丁
飲食店,食べる,飲食店営業（そば）,有限会社　満留賀,35.704708,139.776779,point,台東三丁目１３番６号,台東区,台東,1228,台東区 食品衛生営業施設一覧,454,アメヤ横丁
飲食店,食べる,飲食店営業（そば）,かめや,35.705227,139.776276,point,台東三丁目４１番４号,台東区,台東,1165,台東区 食品衛生営業施設一覧,381,アメヤ横丁
飲食店,食べる,飲食店営業（そば）,三丁目,35.705776,139.776596,point,台東三丁目４２番７号,台東区,台東,1109,台東区 食品衛生営業施設一覧,344,アメヤ横丁
飲食店,食べる,飲食店営業（そば）,吉仙（きちせん）,35.706112,139.776367,point,台東四丁目８番５号,台東区,台東,1068,台東区 食品衛生営業施設一覧,301,アメヤ横丁
飲食店,食べる,飲食店営業（そば）,和楽庵,35.707401,139.777023,point,台東四丁目３２番７号,台東区,台東,940,台東区 食品衛生営業施設一覧,257,アメヤ横丁
飲食店,食べる,飲食店営業（そば）,栄久,35.703014,139.785751,point,鳥越二丁目１０番１０号,台東区,鳥越,1729,台東区 食品衛生営業施設一覧,1181,アメヤ横丁
飲食店,食べる,飲食店営業（そば）,浅草　ひら山,35.710762,139.789841,point,西浅草一丁目３番１４号,台東区,西浅草,1486,台東区 食品衛生営業施設一覧,619,雷門
飲食店,食べる,飲食店営業（そば）,（有）つるや,35.711769,139.79158,point,西浅草二丁目１番２号,台東区,西浅草,1600,台東区 食品衛生営業施設一覧,453,仲見世通り
飲食店,食べる,飲食店営業（そば）,おざわ,35.71373,139.791428,point,西浅草二丁目２５番１５号,台東区,西浅草,1542,台東区 食品衛生営業施設一覧,493,浅草寺
飲食店,食べる,飲食店営業（そば）,かづや,35.714073,139.791245,point,西浅草三丁目３番４号,台東区,西浅草,1521,台東区 食品衛生営業施設一覧,502,浅草寺
飲食店,食べる,飲食店営業（そば）,十一屋,35.728779,139.796906,point,日本堤二丁目３１番９号,台東区,日本堤,2498,台東区 食品衛生営業施設一覧,1563,浅草寺
飲食店,食べる,飲食店営業（そば）,粉吉うどん,35.722908,139.777924,point,根岸一丁目９番８号,台東区,根岸,869,台東区 食品衛生営業施設一覧,931,上野公園
飲食店,食べる,飲食店営業（そば）,まつかげ庵,35.724583,139.779007,point,根岸三丁目２５番６号,台東区,根岸,1079,台東区 食品衛生営業施設一覧,1142,上野公園
飲食店,食べる,飲食店営業（そば）,ほしのま,35.724861,139.784454,point,根岸四丁目１番１８号,台東区,根岸,1367,台東区 食品衛生営業施設一覧,1452,上野公園
飲食店,食べる,飲食店営業（そば）,めん処　おばた,35.722794,139.805527,point,橋場一丁目６番２号,台東区,橋場,2913,台東区 食品衛生営業施設一覧,1197,浅草寺
飲食店,食べる,飲食店営業（そば）,尾張屋,35.724903,139.804901,point,橋場一丁目１８番８号,台東区,橋場,2933,台東区 食品衛生営業施設一覧,1350,浅草寺
飲食店,食べる,飲食店営業（そば）,小川家,35.726086,139.806396,point,橋場二丁目３番２号,台東区,橋場,3107,台東区 食品衛生営業施設一覧,1535,浅草寺
飲食店,食べる,飲食店営業（そば）,風雷庵　浅草本店,35.712524,139.798386,point,花川戸一丁目６番７号,台東区,花川戸,2183,台東区 食品衛生営業施設一覧,176,仲見世通り
飲食店,食べる,飲食店営業（そば）,二天門やぶ,35.714104,139.798309,point,花川戸一丁目１５番７号,台東区,花川戸,2156,台東区 食品衛生営業施設一覧,157,浅草寺
飲食店,食べる,飲食店営業（そば）,大むら,35.707615,139.777679,point,東上野一丁目１２番３号,台東区,東上野,933,台東区 食品衛生営業施設一覧,306,アメヤ横丁
飲食店,食べる,飲食店営業（そば）,志づ屋蕎麦製粉,35.708786,139.781052,point,東上野二丁目４番３号,台東区,東上野,961,台東区 食品衛生営業施設一覧,603,アメヤ横丁
飲食店,食べる,飲食店営業（そば）,竹廼家,35.709137,139.778214,point,東上野二丁目１２番８号,台東区,東上野,793,台東区 食品衛生営業施設一覧,357,アメヤ横丁
飲食店,食べる,飲食店営業（そば）,小倉庵,35.710072,139.78067,point,東上野三丁目６番６号,台東区,東上野,830,台東区 食品衛生営業施設一覧,599,アメヤ横丁
飲食店,食べる,飲食店営業（そば）,そば処　めとろ庵上野店,35.711262,139.777847,point,東上野三丁目１９番１号,台東区,東上野,569,台東区 食品衛生営業施設一覧,453,アメヤ横丁
飲食店,食べる,飲食店営業（そば）,翁庵,35.711838,139.778839,point,東上野三丁目３９番８号,台東区,東上野,573,台東区 食品衛生営業施設一覧,562,アメヤ横丁
飲食店,食べる,飲食店営業（そば）,そば　うどん　元長,35.714184,139.7798,point,東上野四丁目１０番７号,台東区,東上野,504,台東区 食品衛生営業施設一覧,593,上野公園
飲食店,食べる,飲食店営業（そば）,秋月庵,35.71217,139.782883,point,東上野五丁目４番１９号,台東区,東上野,848,台東区 食品衛生営業施設一覧,879,アメヤ横丁
飲食店,食べる,飲食店営業（そば）,蕎麦と日本酒　いちえ,35.711174,139.78685,point,松が谷一丁目３番１５号,台東区,松が谷,1219,台東区 食品衛生営業施設一覧,884,仲見世通り
飲食店,食べる,飲食店営業（そば）,そば処　松月庵,35.714855,139.786743,point,松が谷二丁目２８番９号,台東区,松が谷,1108,台東区 食品衛生営業施設一覧,904,浅草寺
飲食店,食べる,飲食店営業（そば）,ＳＯＢＡＵＣＨＩ　ＳＨＯＰ　楽常,35.715157,139.788834,point,松が谷三丁目１番１２号,台東区,松が谷,1295,台東区 食品衛生営業施設一覧,716,浅草寺
飲食店,食べる,飲食店営業（そば）,信濃屋,35.727844,139.794067,point,三ノ輪一丁目１番９号,台東区,三ノ輪,2230,台東区 食品衛生営業施設一覧,1479,浅草寺
飲食店,食べる,飲食店営業（そば）,峠の蕎麦,35.730083,139.792068,point,三ノ輪二丁目１４番８号,台東区,三ノ輪,2260,台東区 食品衛生営業施設一覧,1760,浅草寺
飲食店,食べる,飲食店営業（そば）,砂場,35.706844,139.784775,point,元浅草一丁目１番１号,台東区,元浅草,1345,台東区 食品衛生営業施設一覧,951,アメヤ横丁
飲食店,食べる,飲食店営業（そば）,砂場,35.710835,139.784515,point,元浅草二丁目１０番１３号,台東区,元浅草,1048,台東区 食品衛生営業施設一覧,956,アメヤ横丁
飲食店,食べる,飲食店営業（そば）,滝乃家,35.707825,139.786758,point,元浅草三丁目１５番５号,台東区,元浅草,1404,台東区 食品衛生営業施設一覧,957,雷門
飲食店,食べる,飲食店営業（そば）,手打ち蕎麦　やなか,35.719479,139.767746,point,谷中一丁目１番１８号,台東区,谷中,747,台東区 食品衛生営業施設一覧,684,上野公園
飲食店,食べる,飲食店営業（そば）,うどん　根の津,35.719154,139.766968,point,谷中一丁目４番２号,台東区,谷中,786,台東区 食品衛生営業施設一覧,716,上野公園
飲食店,食べる,飲食店営業（そば）,大島屋,35.72467,139.764252,point,谷中三丁目２番５号,台東区,谷中,1369,台東区 食品衛生営業施設一覧,1323,上野公園
飲食店,食べる,飲食店営業（そば）,そば畔上,35.727661,139.76593,point,谷中三丁目１１番１１号,台東区,谷中,1548,台東区 食品衛生営業施設一覧,1523,上野公園
飲食店,食べる,飲食店営業（そば）,そば粉が香る手打そば屋　千尋,35.727886,139.765457,point,谷中三丁目１３番２２号,台東区,谷中,1591,台東区 食品衛生営業施設一覧,1565,上野公園
飲食店,食べる,飲食店営業（そば）,天下一　うどん,35.730717,139.763046,point,谷中三丁目２４番７号,台東区,谷中,1973,台東区 食品衛生営業施設一覧,1945,上野公園
飲食店,食べる,飲食店営業（そば）,かものすけ,35.696144,139.786224,point,柳橋一丁目３番１１号,台東区,柳橋,2409,台東区 食品衛生営業施設一覧,1722,アメヤ横丁
飲食店,食べる,飲食店営業（そば）,有限会社　玉椿,35.696007,139.787003,point,柳橋一丁目６番１号,台東区,柳橋,2454,台東区 食品衛生営業施設一覧,1779,アメヤ横丁
飲食店,食べる,飲食店営業（そば）,手打ちそば　和仁,35.697624,139.788177,point,柳橋一丁目３０番２号,台東区,柳橋,2350,台東区 食品衛生営業施設一覧,1655,雷門
飲食店,食べる,飲食店営業（そば）,竜泉　むさしや,35.722736,139.788345,point,竜泉一丁目６番１号,台東区,竜泉,1480,台東区 食品衛生営業施設一覧,1171,浅草寺
飲食店,食べる,飲食店営業（そば）,東嶋屋,35.724476,139.787643,point,竜泉一丁目２９番３号,台東区,竜泉,1543,台東区 食品衛生営業施設一覧,1361,浅草寺
飲食店,食べる,飲食店営業（そば）,稲廼家,35.726753,139.793228,point,竜泉三丁目３６番１０号,台東区,竜泉,2097,台東区 食品衛生営業施設一覧,1375,浅草寺
飲食店,食べる,飲食店営業（一般・イタリアン）,とん久,35.71133,139.796524,point,浅草一丁目２番６号,台東区,浅草,2044,台東区 食品衛生営業施設一覧,61,雷門
飲食店,食べる,飲食店営業（一般・イタリアン）,ＳＡＶＯＹ　雷門店,35.711475,139.796631,point,浅草一丁目２番８号,台東区,浅草,2050,台東区 食品衛生営業施設一覧,47,仲見世通り
飲食店,食べる,飲食店営業（一般・イタリアン）,Ｅａｔ－Ａｌｌｅｙ　Ａｓａｋｕｓａ,35.711857,139.794601,point,浅草一丁目１６番９号,台東区,浅草,1862,台東区 食品衛生営業施設一覧,181,仲見世通り
飲食店,食べる,飲食店営業（一般・イタリアン）,Ｃａｒｉｓｓｉｍａ,35.711292,139.795914,point,浅草一丁目１８番４号,台東区,浅草,1992,台東区 食品衛生営業施設一覧,90,雷門
飲食店,食べる,飲食店営業（一般・イタリアン）,ＩＲＯＲＩＡ,35.712086,139.793823,point,浅草一丁目２３番１号,台東区,浅草,1788,台東区 食品衛生営業施設一覧,252,仲見世通り
飲食店,食べる,飲食店営業（一般・イタリアン）,ＳＡＬＶＡＴＯＲＥ　ＣＵＯＭＯ＆ＢＡＲ　浅草,35.712658,139.793259,point,浅草一丁目２６番５号,台東区,浅草,1725,台東区 食品衛生営業施設一覧,313,仲見世通り
飲食店,食べる,飲食店営業（一般・イタリアン）,Ｓｅａｆｏｏｄ　メヒコ,35.71249,139.794296,point,浅草一丁目３９番５号,台東区,浅草,1820,台東区 食品衛生営業施設一覧,218,仲見世通り
飲食店,食べる,飲食店営業（一般・イタリアン）,Ｌａ　ＶＡＳＡＲＡ　ＣＡＦＥ＆ＧＲＩＬＬ,35.712788,139.797302,point,浅草二丁目１番３号,台東区,浅草,2082,台東区 食品衛生営業施設一覧,117,仲見世通り
飲食店,食べる,飲食店営業（一般・イタリアン）,Ｌａ　ＶＡＳＡＲＡ　別邸,35.713291,139.797211,point,浅草二丁目２番１３号,台東区,浅草,2066,台東区 食品衛生営業施設一覧,164,仲見世通り
飲食店,食べる,飲食店営業（一般・イタリアン）,Ｃｉｃｃｉｏ,35.713177,139.794083,point,浅草二丁目４番２号,台東区,浅草,1788,台東区 食品衛生営業施設一覧,268,仲見世通り
飲食店,食べる,飲食店営業（一般・イタリアン）,ｓｋｅｗｅｒｓ東京,35.713177,139.794083,point,浅草二丁目４番２号,台東区,浅草,1788,台東区 食品衛生営業施設一覧,268,仲見世通り
飲食店,食べる,飲食店営業（一般・イタリアン）,サイゼリヤ　ドンキホーテ浅草店,35.71368,139.793137,point,浅草二丁目１０番１号,台東区,浅草,1696,台東区 食品衛生営業施設一覧,346,浅草寺
飲食店,食べる,飲食店営業（一般・イタリアン）,Ｆｏｌｔｒｅ,35.7169,139.793533,point,浅草二丁目２１番６号,台東区,浅草,1724,台東区 食品衛生営業施設一覧,378,浅草寺
飲食店,食べる,飲食店営業（一般・イタリアン）,グロワ　グロワ,35.716736,139.794098,point,浅草二丁目２６番５号,台東区,浅草,1774,台東区 食品衛生営業施設一覧,328,浅草寺
飲食店,食べる,飲食店営業（一般・イタリアン）,９６ＳＵＺＵ,35.716808,139.794205,point,浅草二丁目２６番６号,台東区,浅草,1784,台東区 食品衛生営業施設一覧,327,浅草寺
飲食店,食べる,飲食店営業（一般・イタリアン）,レストラン　カプチノ,35.715343,139.798386,point,浅草二丁目３２番１２号,台東区,浅草,2157,台東区 食品衛生営業施設一覧,163,浅草寺
飲食店,食べる,飲食店営業（一般・イタリアン）,ｎａｃｏｌ,35.717232,139.798904,point,浅草三丁目２８番９号,台東区,浅草,2211,台東区 食品衛生営業施設一覧,340,浅草寺
飲食店,食べる,飲食店営業（一般・イタリアン）,カルボ,35.718506,139.792862,point,浅草三丁目４２番６号,台東区,浅草,1689,台東区 食品衛生営業施設一覧,548,浅草寺
飲食店,食べる,飲食店営業（一般・イタリアン）,洋食　三船,35.718254,139.798203,point,浅草四丁目４番７号,台東区,浅草,2160,台東区 食品衛生営業施設一覧,414,浅草寺
飲食店,食べる,飲食店営業（一般・イタリアン）,汰鐘奈,35.718098,139.795654,point,浅草四丁目１６番２号,台東区,浅草,1930,台東区 食品衛生営業施設一覧,388,浅草寺
飲食店,食べる,飲食店営業（一般・イタリアン）,ｄｉ　Ｙａｍａｎｄａ,35.719215,139.795792,point,浅草四丁目３８番７号,台東区,浅草,1964,台東区 食品衛生営業施設一覧,507,浅草寺
飲食店,食べる,飲食店営業（一般・イタリアン）,Ｃａｓａ　Ｃａｓｔｅｌｌｉｎｉ,35.720589,139.795715,point,浅草五丁目３０番１１号,台東区,浅草,1994,台東区 食品衛生営業施設一覧,659,浅草寺
飲食店,食べる,飲食店営業（一般・イタリアン）,友安製作所Ｃａｆｅ,35.696655,139.784668,point,浅草橋一丁目７番２号,台東区,浅草橋,2298,台東区 食品衛生営業施設一覧,1593,アメヤ横丁
飲食店,食べる,飲食店営業（一般・イタリアン）,浅草橋　バンバール,35.697269,139.78476,point,浅草橋一丁目１０番７号,台東区,浅草橋,2239,台東区 食品衛生営業施設一覧,1543,アメヤ横丁
飲食店,食べる,飲食店営業（一般・イタリアン）,ゑんぞ　ＰＩＺＺＥＲＩＡ　ＥＮＺＯ,35.6973,139.78595,point,浅草橋一丁目１７番２号,台東区,浅草橋,2282,台東区 食品衛生営業施設一覧,1607,アメヤ横丁
飲食店,食べる,飲食店営業（一般・イタリアン）,南欧バル　Ｉｃｈｉｇｏ,35.697464,139.785477,point,浅草橋一丁目１９番２号,台東区,浅草橋,2247,台東区 食品衛生営業施設一覧,1566,アメヤ横丁
飲食店,食べる,飲食店営業（一般・イタリアン）,ボーノボーノ,35.69849,139.784775,point,浅草橋一丁目３３番３号,台東区,浅草橋,2117,台東区 食品衛生営業施設一覧,1438,アメヤ横丁
飲食店,食べる,飲食店営業（一般・イタリアン）,食堂酒場　グラシア,35.699806,139.786087,point,浅草橋二丁目２７番５号,台東区,浅草橋,2044,台東区 食品衛生営業施設一覧,1416,アメヤ横丁
飲食店,食べる,飲食店営業（一般・イタリアン）,Ｐａｓｔａ＆Ｃａｆｅ　Ｐｏｒｃｏ　Ｐｉａｔｔｏ,35.7001,139.787872,point,浅草橋三丁目１番１０号,台東区,浅草橋,2104,台東区 食品衛生営業施設一覧,1432,雷門
飲食店,食べる,飲食店営業（一般・イタリアン）,ＤＡＲＫ　ＨＯＲＳＥ,35.70055,139.787811,point,浅草橋三丁目１９番１１号,台東区,浅草橋,2060,台東区 食品衛生営業施設一覧,1394,雷門
飲食店,食べる,飲食店営業（一般・イタリアン）,浅草橋バル　ＬＩＤＯ,35.701153,139.780945,point,浅草橋五丁目２０番６号,台東区,浅草橋,1709,台東区 食品衛生営業施設一覧,990,アメヤ横丁
飲食店,食べる,飲食店営業（一般・イタリアン）,ｌｏｔｕｓ　ｏｓｔｅｒｉａ,35.714535,139.767456,point,池之端二丁目２番２号,台東区,池之端,647,台東区 食品衛生営業施設一覧,545,上野公園
飲食店,食べる,飲食店営業（一般・イタリアン）,ｂｏｎｏｂｏ,35.721169,139.785141,point,入谷一丁目１８番５号,台東区,入谷,1143,台東区 食品衛生営業施設一覧,1240,上野公園
飲食店,食べる,飲食店営業（一般・イタリアン）,ラ・サエッタ,35.70549,139.770554,point,上野一丁目３番５号,台東区,上野,1179,台東区 食品衛生営業施設一覧,467,アメヤ横丁
飲食店,食べる,飲食店営業（一般・イタリアン）,ＦＵＲＢＯ,35.706593,139.771469,point,上野一丁目１６番２２号,台東区,上野,1038,台東区 食品衛生営業施設一覧,326,アメヤ横丁
飲食店,食べる,飲食店営業（一般・イタリアン）,ＴＯＫＹＯ　ＢＵＤＯＵ　ＢＡＴＡＫＥ,35.706593,139.771469,point,上野一丁目１６番２２号,台東区,上野,1038,台東区 食品衛生営業施設一覧,326,アメヤ横丁
飲食店,食べる,飲食店営業（一般・イタリアン）,ｔｒａｔｔｏｒｉａ　ｒｉｌａｓｅｎｔｅ,35.708572,139.772049,point,上野二丁目３番９号,台東区,上野,812,台東区 食品衛生営業施設一覧,214,アメヤ横丁
飲食店,食べる,飲食店営業（一般・イタリアン）,サイゼリヤ　上野広小路店,35.709156,139.773132,point,上野二丁目７番１２号,台東区,上野,727,台東区 食品衛生営業施設一覧,149,アメヤ横丁
飲食店,食べる,飲食店営業（一般・イタリアン）,かまくら　ハウス,35.711254,139.773102,point,上野二丁目１４番２６号,台東区,上野,499,台東区 食品衛生営業施設一覧,349,アメヤ横丁
飲食店,食べる,飲食店営業（一般・イタリアン）,クロックカフェ　上野アクア店,35.710747,139.773224,point,上野二丁目１４番３０号,台東区,上野,552,台東区 食品衛生営業施設一覧,292,アメヤ横丁
飲食店,食べる,飲食店営業（一般・イタリアン）,アジオ　イタリアン　ダイニング,35.706024,139.773438,point,上野三丁目１９番５号,台東区,上野,1069,台東区 食品衛生営業施設一覧,268,アメヤ横丁
飲食店,食べる,飲食店営業（一般・イタリアン）,上野ワインバル　八十郎,35.70697,139.772964,point,上野三丁目２４番６号,台東区,上野,970,台東区 食品衛生営業施設一覧,197,アメヤ横丁
飲食店,食べる,飲食店営業（一般・イタリアン）,Ｆｒｉｅｎｄｌｙ　Ｄｉｎｉｎｇ　Ｂａｒ,35.708382,139.773865,point,上野四丁目３番８号,台東区,上野,805,台東区 食品衛生営業施設一覧,49,アメヤ横丁
飲食店,食べる,飲食店営業（一般・イタリアン）,洋麺屋五右衛門　上野広小路店,35.70911,139.77356,point,上野四丁目５番６号,台東区,上野,727,台東区 食品衛生営業施設一覧,118,アメヤ横丁
飲食店,食べる,飲食店営業（一般・イタリアン）,トラットリア・イタリア　上野店,35.710175,139.773865,point,上野四丁目９番６号,台東区,上野,606,台東区 食品衛生営業施設一覧,214,アメヤ横丁
飲食店,食べる,飲食店営業（一般・イタリアン）,上野５００Ｂａｒ,35.709881,139.774384,point,上野四丁目９番１５号,台東区,上野,636,台東区 食品衛生営業施設一覧,176,アメヤ横丁
飲食店,食べる,飲食店営業（一般・イタリアン）,ＲＩＭＬＡＮＤ,35.703274,139.77533,point,上野五丁目５番２号,台東区,上野,1373,台東区 食品衛生営業施設一覧,565,アメヤ横丁
飲食店,食べる,飲食店営業（一般・イタリアン）,東京ブッチャーズ,35.70525,139.774231,point,上野五丁目１０番９号,台東区,上野,1151,台東区 食品衛生営業施設一覧,339,アメヤ横丁
飲食店,食べる,飲食店営業（一般・イタリアン）,エッグベイビーカフェ,35.70525,139.774231,point,上野五丁目１０番９号,台東区,上野,1151,台東区 食品衛生営業施設一覧,339,アメヤ横丁
飲食店,食べる,飲食店営業（一般・イタリアン）,スパゲッティ―のパンチョ　御徒町店,35.707539,139.775101,point,上野五丁目２６番８号,台東区,上野,898,台東区 食品衛生営業施設一覧,106,アメヤ横丁
飲食店,食べる,飲食店営業（一般・イタリアン）,テラス,35.710842,139.774811,point,上野六丁目１１番１７号,台東区,上野,530,台東区 食品衛生営業施設一覧,285,アメヤ横丁
飲食店,食べる,飲食店営業（一般・イタリアン）,イタリアンバール　イル　カドッチョ,35.710331,139.775436,point,上野六丁目１３番１号,台東区,上野,592,台東区 食品衛生営業施設一覧,244,アメヤ横丁
飲食店,食べる,飲食店営業（一般・イタリアン）,ＥＳＯＬＡ　上野店,35.71138,139.775543,point,上野六丁目１４番７号,台東区,上野,479,台東区 食品衛生営業施設一覧,358,アメヤ横丁
飲食店,食べる,飲食店営業（一般・イタリアン）,パスタモーレ上野店,35.710232,139.775787,point,上野六丁目１５番１号,台東区,上野,608,台東区 食品衛生営業施設一覧,249,アメヤ横丁
飲食店,食べる,飲食店営業（一般・イタリアン）,ＣｏＣｏ,35.710381,139.77597,point,上野六丁目１６番５号,台東区,上野,595,台東区 食品衛生営業施設一覧,271,アメヤ横丁
飲食店,食べる,飲食店営業（一般・イタリアン）,ＷＩＮＥＨＡＬＬ　ＧＬＡＭＯＵＲ上野,35.710922,139.776062,point,上野六丁目１６番９号,台東区,上野,539,台東区 食品衛生営業施設一覧,328,アメヤ横丁
飲食店,食べる,飲食店営業（一般・イタリアン）,ブラボー　上野中央口店,35.713696,139.776917,point,上野七丁目１番１号,台東区,上野,304,台東区 食品衛生営業施設一覧,369,上野公園
飲食店,食べる,飲食店営業（一般・イタリアン）,チロンボ・マリーナ　上野店,35.712669,139.77739,point,上野七丁目２番４号,台東区,上野,417,台東区 食品衛生営業施設一覧,470,上野公園
飲食店,食べる,飲食店営業（一般・イタリアン）,ｃａｆｅ　＆　Ｒｏｔｉｓｓｅｒｉｅ　ＬＡ　ＣｏＣｏＲｉＣｏ,35.713482,139.778183,point,上野七丁目７番１号,台東区,上野,407,台東区 食品衛生営業施設一覧,481,上野公園
飲食店,食べる,飲食店営業（一般・イタリアン）,レ・クアトロ・スタジオーニ,35.711555,139.774216,point,上野公園１番５９号,台東区,上野公園,451,台東区 食品衛生営業施設一覧,362,アメヤ横丁
飲食店,食べる,飲食店営業（一般・イタリアン）,ホテルオークラ　ガーデンテラス,35.717556,139.775543,point,上野公園１３番９号,台東区,上野公園,237,台東区 食品衛生営業施設一覧,310,上野公園
飲食店,食べる,飲食店営業（一般・イタリアン）,Ｏｓｔｅｒｉａ　Ｐｉａｎｉｎｏ,35.720699,139.77095,point,上野桜木一丁目１０番２６号,台東区,上野桜木,651,台東区 食品衛生営業施設一覧,631,上野公園
飲食店,食べる,飲食店営業（一般・イタリアン）,スパゲッティスタンド　カルボ,35.711025,139.794342,point,雷門一丁目１３番１０号,台東区,雷門,1862,台東区 食品衛生営業施設一覧,214,雷門
飲食店,食べる,飲食店営業（一般・イタリアン）,ＬＵＮＥＴＴＡ,35.710888,139.792297,point,雷門一丁目１６番２号,台東区,雷門,1690,台東区 食品衛生営業施設一覧,398,雷門
飲食店,食べる,飲食店営業（一般・イタリアン）,ＰＩＺＺＥＲＩＡ　Ｋｉｒａｋｕ,35.709564,139.794556,point,雷門二丁目７番６号,台東区,雷門,1931,台東区 食品衛生営業施設一覧,237,雷門
飲食店,食べる,飲食店営業（一般・イタリアン）,ペコリーノ,35.717575,139.785156,point,北上野二丁目２０番２号,台東区,北上野,987,台東区 食品衛生営業施設一覧,1089,上野公園
飲食店,食べる,飲食店営業（一般・イタリアン）,ＡＬ　ＣＯＶＯ,35.718624,139.78566,point,北上野二丁目２６番１１号,台東区,北上野,1062,台東区 食品衛生営業施設一覧,1091,浅草寺
飲食店,食べる,飲食店営業（一般・イタリアン）,生パスタの店　エッコ・エッコ　入谷店,35.719242,139.785431,point,北上野二丁目３２番８号,台東区,北上野,1067,台東区 食品衛生営業施設一覧,1139,浅草寺
飲食店,食べる,飲食店営業（一般・イタリアン）,ＫＡＲＡＳＵ　ｎｏ　ＯＮＧＡＥＳＨＩ,35.703182,139.791061,point,蔵前二丁目５番４号,台東区,蔵前,2035,台東区 食品衛生営業施設一覧,988,雷門
飲食店,食べる,飲食店営業（一般・イタリアン）,イタメシ×ビストロ　ＢＡＦＦＩ,35.703144,139.792603,point,蔵前二丁目８番１１号,台東区,蔵前,2142,台東区 食品衛生営業施設一覧,928,雷門
飲食店,食べる,飲食店営業（一般・イタリアン）,木村食堂,35.701942,139.78891,point,蔵前四丁目５番２号,台東区,蔵前,2000,台東区 食品衛生営業施設一覧,1210,雷門
飲食店,食べる,飲食店営業（一般・イタリアン）,Ｆａｋａｌｏ　ｐｉｚｚａ　ｇａｌｌｅｒｙ,35.704987,139.783478,point,小島二丁目２番５号,台東区,小島,1432,台東区 食品衛生営業施設一覧,899,アメヤ横丁
飲食店,食べる,飲食店営業（一般・イタリアン）,Ｂａｒ　Ｂｌｕｅ　Ｊｕｉｃｅ,35.706394,139.790054,point,寿一丁目２番１０号,台東区,寿,1738,台東区 食品衛生営業施設一覧,775,雷門
飲食店,食べる,飲食店営業（一般・イタリアン）,ＰＩＺＺＡ　ＬＩＮＤＡ,35.70705,139.791458,point,寿三丁目１０番５号,台東区,寿,1802,台東区 食品衛生営業施設一覧,631,雷門
飲食店,食べる,飲食店営業（一般・イタリアン）,オステリア　コゾリテ,35.706894,139.792709,point,寿三丁目１３番９号,台東区,寿,1908,台東区 食品衛生営業施設一覧,564,雷門
飲食店,食べる,飲食店営業（一般・イタリアン）,リストランテすずらん,35.70826,139.793076,point,寿四丁目３番４号,台東区,寿,1865,台東区 食品衛生営業施設一覧,432,雷門
飲食店,食べる,飲食店営業（一般・イタリアン）,サイゼリヤ台東田原町店,35.709217,139.791672,point,寿四丁目１６番３号,台東区,寿,1705,台東区 食品衛生営業施設一覧,487,雷門
飲食店,食べる,飲食店営業（一般・イタリアン）,Ｓｏｇｎａｎｄｏ,35.706059,139.794937,point,駒形二丁目１番１１号,台東区,駒形,2128,台東区 食品衛生営業施設一覧,551,雷門
飲食店,食べる,飲食店営業（一般・イタリアン）,ＣＵＣＩＮＡ　ＣＲＥＡＺＩＯＮＥ　ＰＯＺＺＡ,35.706184,139.794998,point,駒形二丁目１番１２号,台東区,駒形,2126,台東区 食品衛生営業施設一覧,536,雷門
飲食店,食べる,飲食店営業（一般・イタリアン）,Ｉｎｆ～隅田川イタリアン～,35.706306,139.795059,point,駒形二丁目１番１３号,台東区,駒形,2125,台東区 食品衛生営業施設一覧,521,雷門
飲食店,食べる,飲食店営業（一般・イタリアン）,ヴェッラ・ルージュ,35.723248,139.795212,point,千束四丁目２３番４号,台東区,千束,2054,台東区 食品衛生営業施設一覧,958,浅草寺
飲食店,食べる,飲食店営業（一般・イタリアン）,ロールキャベツ専門店　ｒｏｌｌｓ,35.700745,139.779083,point,台東一丁目４番１０号,台東区,台東,1703,台東区 食品衛生営業施設一覧,940,アメヤ横丁
飲食店,食べる,飲食店営業（一般・イタリアン）,ＬＵＮＫＥＲ,35.700874,139.776718,point,台東一丁目７番６号,台東区,台東,1650,台東区 食品衛生営業施設一覧,852,アメヤ横丁
飲食店,食べる,飲食店営業（一般・イタリアン）,ＢＡＭＢＡ－Ｒ,35.700874,139.775833,point,台東一丁目９番４号,台東区,台東,1642,台東区 食品衛生営業施設一覧,836,アメヤ横丁
飲食店,食べる,飲食店営業（一般・イタリアン）,ｔｏｉｔｏｉ,35.701611,139.776749,point,台東一丁目２７番２号,台東区,台東,1569,台東区 食品衛生営業施設一覧,773,アメヤ横丁
飲食店,食べる,飲食店営業（一般・イタリアン）,下町バル　ジュ・タタン,35.704556,139.777374,point,台東三丁目１１番５号,台東区,台東,1255,台東区 食品衛生営業施設一覧,495,アメヤ横丁
飲食店,食べる,飲食店営業（一般・イタリアン）,Ｌａ　Ｏｎｇｌｅｔ,35.705368,139.781174,point,台東三丁目２９番６号,台東区,台東,1287,台東区 食品衛生営業施設一覧,693,アメヤ横丁
飲食店,食べる,飲食店営業（一般・イタリアン）,ピザ屋　想兵衛,35.704975,139.781052,point,台東三丁目３０番１２号,台東区,台東,1321,台東区 食品衛生営業施設一覧,705,アメヤ横丁
飲食店,食べる,飲食店営業（一般・イタリアン）,ＰｉｚｚａＫｉｎｇ　バンバール,35.706612,139.779846,point,台東四丁目２０番１２号,台東区,台東,1110,台東区 食品衛生営業施設一覧,526,アメヤ横丁
飲食店,食べる,飲食店営業（一般・イタリアン）,ＣＡＰＯ,35.71183,139.79068,point,西浅草一丁目９番９号,台東区,西浅草,1520,台東区 食品衛生営業施設一覧,535,仲見世通り
飲食店,食べる,飲食店営業（一般・イタリアン）,オステリア　キクヤ,35.71299,139.789642,point,西浅草二丁目８番７号,台東区,西浅草,1398,台東区 食品衛生営業施設一覧,640,仲見世通り
飲食店,食べる,飲食店営業（一般・イタリアン）,Ｄｅｌｉ　ａｎｄ　Ｂａｒ　ＯＮＥ　ＬＯＶＥ,35.713516,139.790833,point,西浅草二丁目１６番９号,台東区,西浅草,1493,台東区 食品衛生営業施設一覧,551,浅草寺
飲食店,食べる,飲食店営業（一般・イタリアン）,Ｄｏｃｈａｋｕ,35.71339,139.790375,point,西浅草二丁目１７番１１号,台東区,西浅草,1454,台東区 食品衛生営業施設一覧,586,仲見世通り
飲食店,食べる,飲食店営業（一般・イタリアン）,ＰＡＮＺＥＤＩＮＡ,35.714199,139.789993,point,西浅草二丁目２３番８号,台東区,西浅草,1407,台東区 食品衛生営業施設一覧,613,浅草寺
飲食店,食べる,飲食店営業（一般・イタリアン）,Ｐｉｚｚｅｒｉａ　Ｒｏｍａｎｏ　ｅ　Ｍａｒｉｎｏ,35.716019,139.790939,point,西浅草三丁目１９番３号,台東区,西浅草,1485,台東区 食品衛生営業施設一覧,544,浅草寺
飲食店,食べる,飲食店営業（一般・イタリアン）,匠のローストビーフ　キッチン　フォーク,35.726341,139.774551,point,根岸二丁目２１番１４号,台東区,根岸,1194,台東区 食品衛生営業施設一覧,1223,上野公園
飲食店,食べる,飲食店営業（一般・イタリアン）,浅草　イタリアンバル　Ｍａｔｓｕ１５１,35.713436,139.798386,point,花川戸一丁目１５番１号,台東区,花川戸,2170,台東区 食品衛生営業施設一覧,205,浅草寺
飲食店,食べる,飲食店営業（一般・イタリアン）,ブラカリ　イタリア料理店,35.715073,139.799713,point,花川戸二丁目９番１０号,台東区,花川戸,2277,台東区 食品衛生営業施設一覧,270,浅草寺
飲食店,食べる,飲食店営業（一般・イタリアン）,Ｔｒａｔｔｏｒｉａ　Ｃａｎｄｉｔｏ,35.70755,139.780075,point,東上野一丁目６番４号,台東区,東上野,1027,台東区 食品衛生営業施設一覧,519,アメヤ横丁
飲食店,食べる,飲食店営業（一般・イタリアン）,ＨＩＮＡＮＯ,35.709377,139.780182,point,東上野二丁目２３番２３号,台東区,東上野,861,台東区 食品衛生営業施設一覧,536,アメヤ横丁
飲食店,食べる,飲食店営業（一般・イタリアン）,ボスコ・イルキャンティ,35.71183,139.777985,point,東上野三丁目１９番７号,台東区,東上野,524,台東区 食品衛生営業施設一覧,509,アメヤ横丁
飲食店,食べる,飲食店営業（一般・イタリアン）,篤　ＡＴＳＵ,35.711239,139.781952,point,東上野三丁目３４番９号,台東区,東上野,829,台東区 食品衛生営業施設一覧,756,アメヤ横丁
飲食店,食べる,飲食店営業（一般・イタリアン）,Ｄｉｄｏｔ,35.711864,139.778687,point,東上野三丁目３９番７号,台東区,東上野,562,台東区 食品衛生営業施設一覧,554,アメヤ横丁
飲食店,食べる,飲食店営業（一般・イタリアン）,リストランテパドレマスターチ（ひげおやじの店）,35.712852,139.781616,point,東上野五丁目６番１１号,台東区,東上野,711,台東区 食品衛生営業施設一覧,793,上野公園
飲食店,食べる,飲食店営業（一般・イタリアン）,ＮＯＳＴＲＡ　ＰＩＺＺＡ,35.727501,139.79097,point,三ノ輪一丁目９番４号,台東区,三ノ輪,1990,台東区 食品衛生営業施設一覧,1514,浅草寺
飲食店,食べる,飲食店営業（一般・イタリアン）,カラーズ,35.728172,139.790924,point,三ノ輪一丁目２０番３号,台東区,三ノ輪,2038,台東区 食品衛生営業施設一覧,1586,浅草寺
飲食店,食べる,飲食店営業（一般・イタリアン）,Ｌａ　Ｆａｍｅ,35.718605,139.766708,point,谷中一丁目２番１０号,台東区,谷中,779,台東区 食品衛生営業施設一覧,703,上野公園
飲食店,食べる,飲食店営業（一般・イタリアン）,ｔｒａｔｔｏｒｉａ　ＣｈａｍａＣｈａｍａ,35.719181,139.766342,point,谷中一丁目３番７号,台東区,谷中,837,台東区 食品衛生営業施設一覧,765,上野公園
飲食店,食べる,飲食店営業（一般・イタリアン）,オステリア　谷中のトラモント,35.726009,139.768387,point,谷中七丁目１７番１１号,台東区,谷中,1282,台東区 食品衛生営業施設一覧,1266,上野公園
飲食店,食べる,飲食店営業（一般・イタリアン）,ボンマルシェ　ボンテ,35.695961,139.785812,point,柳橋一丁目３番５号,台東区,柳橋,2411,台東区 食品衛生営業施設一覧,1716,アメヤ横丁
飲食店,食べる,飲食店営業（一般・イタリアン）,リトルブッチャー,35.69693,139.786758,point,柳橋一丁目１２番５号,台東区,柳橋,2353,台東区 食品衛生営業施設一覧,1686,アメヤ横丁
飲食店,食べる,飲食店営業（一般・イタリアン）,リトルパイレーツ,35.696934,139.786667,point,柳橋一丁目１３番１０号,台東区,柳橋,2348,台東区 食品衛生営業施設一覧,1681,アメヤ横丁
飲食店,食べる,飲食店営業（一般・イタリアン）,アカネコ,35.698174,139.787598,point,柳橋一丁目３２番５号,台東区,柳橋,2270,台東区 食品衛生営業施設一覧,1627,雷門
飲食店,食べる,飲食店営業（一般・イタリアン）,肉究　Ｏｇａｔｏｍｏ,35.722675,139.786316,point,竜泉一丁目１０番３号,台東区,竜泉,1325,台東区 食品衛生営業施設一覧,1292,浅草寺
飲食店,食べる,飲食店営業（一般・イタリアン）,花ｋｉｄｏｒｉ,35.724606,139.788269,point,竜泉一丁目３０番６号,台東区,竜泉,1596,台東区 食品衛生営業施設一覧,1340,浅草寺
飲食店,食べる,飲食店営業（一般・うなぎ）,㈱川松,35.711147,139.795334,point,浅草一丁目４番１号,台東区,浅草,1945,台東区 食品衛生営業施設一覧,129,雷門
飲食店,食べる,飲食店営業（一般・うなぎ）,うなぎ御食事処　九寅,35.71133,139.793793,point,浅草一丁目６番２号,台東区,浅草,1805,台東区 食品衛生営業施設一覧,261,仲見世通り
飲食店,食べる,飲食店営業（一般・うなぎ）,鰻　やっ?,35.711521,139.792358,point,浅草一丁目１０番２号,台東区,浅草,1675,台東区 食品衛生営業施設一覧,385,仲見世通り
飲食店,食べる,飲食店営業（一般・うなぎ）,大長,35.711708,139.793747,point,浅草一丁目１４番１０号,台東区,浅草,1791,台東区 食品衛生営業施設一覧,258,仲見世通り
飲食店,食べる,飲食店営業（一般・うなぎ）,小柳,35.712143,139.795563,point,浅草一丁目２９番１１号,台東区,浅草,1940,台東区 食品衛生営業施設一覧,97,仲見世通り
飲食店,食べる,飲食店営業（一般・うなぎ）,つるや,35.711735,139.797409,point,浅草一丁目３３番２号,台東区,浅草,2112,台東区 食品衛生営業施設一覧,75,仲見世通り
飲食店,食べる,飲食店営業（一般・うなぎ）,浅草うな鐵　国際通り店,35.7136,139.792572,point,浅草一丁目４３番７号,台東区,浅草,1647,台東区 食品衛生営業施設一覧,397,浅草寺
飲食店,食べる,飲食店営業（一般・うなぎ）,浅草うなな,35.715202,139.794373,point,浅草二丁目７番２１号,台東区,浅草,1795,台東区 食品衛生営業施設一覧,221,浅草寺
飲食店,食べる,飲食店営業（一般・うなぎ）,うなぎ　?久,35.716549,139.792831,point,浅草二丁目１９番２号,台東区,浅草,1658,台東区 食品衛生営業施設一覧,408,浅草寺
飲食店,食べる,飲食店営業（一般・うなぎ）,大黒家,35.71619,139.79834,point,浅草三丁目１番４号,台東区,浅草,2153,台東区 食品衛生営業施設一覧,218,浅草寺
飲食店,食べる,飲食店営業（一般・うなぎ）,だるま,35.716282,139.797943,point,浅草三丁目２番４号,台東区,浅草,2118,台東区 食品衛生営業施設一覧,204,浅草寺
飲食店,食べる,飲食店営業（一般・うなぎ）,うなぎ　たての屋,35.717117,139.795959,point,浅草三丁目２０番９号,台東区,浅草,1945,台東区 食品衛生営業施設一覧,276,浅草寺
飲食店,食べる,飲食店営業（一般・うなぎ）,有限会社　千葉家,35.697601,139.785782,point,浅草橋一丁目１９番１０号,台東区,浅草橋,2246,台東区 食品衛生営業施設一覧,1572,アメヤ横丁
飲食店,食べる,飲食店営業（一般・うなぎ）,なかや蒲焼店,35.699314,139.784378,point,浅草橋二丁目１０番２号,台東区,浅草橋,2019,台東区 食品衛生営業施設一覧,1345,アメヤ横丁
飲食店,食べる,飲食店営業（一般・うなぎ）,鰻　柏家,35.715164,139.766464,point,池之端二丁目３番１１号,台東区,池之端,727,台東区 食品衛生営業施設一覧,627,上野公園
飲食店,食べる,飲食店営業（一般・うなぎ）,伊豆榮　不忍亭,35.7094,139.771072,point,上野二丁目１１番１９号,台東区,上野,756,台東区 食品衛生営業施設一覧,324,アメヤ横丁
飲食店,食べる,飲食店営業（一般・うなぎ）,うなぎ色川,35.70924,139.795181,point,雷門二丁目６番１１号,台東区,雷門,1997,台東区 食品衛生営業施設一覧,221,雷門
飲食店,食べる,飲食店営業（一般・うなぎ）,初小川,35.709831,139.79451,point,雷門二丁目８番４号,台東区,雷門,1917,台東区 食品衛生営業施設一覧,225,雷門
飲食店,食べる,飲食店営業（一般・うなぎ）,鰻「やしま」,35.706623,139.784851,point,小島二丁目１８番１９号,台東区,小島,1367,台東区 食品衛生営業施設一覧,962,アメヤ横丁
飲食店,食べる,飲食店営業（一般・うなぎ）,前川,35.708221,139.796249,point,駒形二丁目１番２９号,台東区,駒形,2128,台東区 食品衛生営業施設一覧,290,雷門
飲食店,食べる,飲食店営業（一般・うなぎ）,入谷鬼子母神門前　のだや,35.720284,139.78302,point,下谷二丁目３番１号,台東区,下谷,929,台東区 食品衛生営業施設一覧,1025,上野公園
飲食店,食べる,飲食店営業（一般・うなぎ）,入谷鬼子母神門前　のだや　別館,35.720299,139.783112,point,下谷二丁目３番１７号,台東区,下谷,937,台東区 食品衛生営業施設一覧,1033,上野公園
飲食店,食べる,飲食店営業（一般・うなぎ）,（有）筑波家,35.728416,139.805435,point,橋場二丁目２２番８号,台東区,橋場,3135,台東区 食品衛生営業施設一覧,1713,浅草寺
飲食店,食べる,飲食店営業（一般・うなぎ）,浅草うな鐵　浅草駅前本店,35.711365,139.798584,point,花川戸一丁目２番１１号,台東区,花川戸,2225,台東区 食品衛生営業施設一覧,181,雷門
飲食店,食べる,飲食店営業（一般・うなぎ）,名代　宇奈とと　浅草店,35.712048,139.797913,point,花川戸一丁目５番２号,台東区,花川戸,2150,台東区 食品衛生営業施設一覧,120,仲見世通り
飲食店,食べる,飲食店営業（一般・うなぎ）,鰻　かねいち,35.708591,139.778992,point,東上野一丁目２３番５号,台東区,東上野,879,台東区 食品衛生営業施設一覧,416,アメヤ横丁
飲食店,食べる,飲食店営業（一般・うなぎ）,うなぎ　魚重,35.708038,139.787766,point,元浅草三丁目１３番８号,台東区,元浅草,1463,台東区 食品衛生営業施設一覧,863,雷門
飲食店,食べる,飲食店営業（一般・うなぎ）,有限会社　山ぎし,35.72823,139.764633,point,谷中三丁目１３番９号,台東区,谷中,1663,台東区 食品衛生営業施設一覧,1633,上野公園
飲食店,食べる,飲食店営業（一般・うなぎ）,千根や,35.726601,139.76825,point,谷中五丁目９番２５号,台東区,谷中,1347,台東区 食品衛生営業施設一覧,1332,上野公園
飲食店,食べる,飲食店営業（一般・うなぎ）,竜泉大和田,35.724144,139.791183,point,竜泉三丁目１３番３号,台東区,竜泉,1781,台東区 食品衛生営業施設一覧,1162,浅草寺
飲食店,食べる,飲食店営業（一般・おでん）,ひょうたんなべ,35.711464,139.796799,point,浅草一丁目２番９号,台東区,浅草,2065,台東区 食品衛生営業施設一覧,52,仲見世通り
飲食店,食べる,飲食店営業（一般・おでん）,ひむろ,35.712231,139.792862,point,浅草一丁目１２番６号,台東区,浅草,1700,台東区 食品衛生営業施設一覧,339,仲見世通り
飲食店,食べる,飲食店営業（一般・おでん）,丸太ごうし,35.715488,139.798416,point,浅草二丁目３２番１１号,台東区,浅草,2159,台東区 食品衛生営業施設一覧,173,浅草寺
飲食店,食べる,飲食店営業（一般・おでん）,○△□（まる　さんかく　しかく）,35.698154,139.785492,point,浅草橋一丁目２８番８号,台東区,浅草橋,2179,台東区 食品衛生営業施設一覧,1509,アメヤ横丁
飲食店,食べる,飲食店営業（一般・おでん）,びんてじ,35.698273,139.785629,point,浅草橋一丁目３１番４号,台東区,浅草橋,2173,台東区 食品衛生営業施設一覧,1507,アメヤ横丁
飲食店,食べる,飲食店営業（一般・おでん）,??久,35.708912,139.770218,point,上野二丁目１１番８号,台東区,上野,838,台東区 食品衛生営業施設一覧,384,アメヤ横丁
飲食店,食べる,飲食店営業（一般・おでん）,旬菜　おでん　Ｄｉｎｉｎｇ　ＷＡＢＵＹＡ,35.721066,139.794434,point,千束三丁目３番２号,台東区,千束,1899,台東区 食品衛生営業施設一覧,736,浅草寺
飲食店,食べる,飲食店営業（一般・おでん）,浅草　いちずみ,35.713982,139.791718,point,西浅草三丁目３番１号,台東区,西浅草,1565,台東区 食品衛生営業施設一覧,462,浅草寺
飲食店,食べる,飲食店営業（一般・おでん）,おでん　小林,35.708313,139.77684,point,東上野一丁目１４番９号,台東区,東上野,837,台東区 食品衛生営業施設一覧,220,アメヤ横丁
飲食店,食べる,飲食店営業（一般・おでん）,おでん　沢,35.715282,139.783539,point,東上野六丁目２４番７号,台東区,東上野,817,台東区 食品衛生営業施設一覧,915,上野公園
飲食店,食べる,飲食店営業（一般・お好み焼きもんじゃ）,月島もんじゃ　おこげ浅草分店,35.711704,139.797195,point,浅草一丁目１番１０号,台東区,浅草,2094,台東区 食品衛生営業施設一覧,58,仲見世通り
飲食店,食べる,飲食店営業（一般・お好み焼きもんじゃ）,海鮮もんじゃもすけ,35.711246,139.794495,point,浅草一丁目５番１号,台東区,浅草,1869,台東区 食品衛生営業施設一覧,203,仲見世通り
飲食店,食べる,飲食店営業（一般・お好み焼きもんじゃ）,六文銭,35.711628,139.793091,point,浅草一丁目８番４号,台東区,浅草,1736,台東区 食品衛生営業施設一覧,318,仲見世通り
飲食店,食べる,飲食店営業（一般・お好み焼きもんじゃ）,祭ばやし,35.711628,139.793091,point,浅草一丁目８番４号,台東区,浅草,1736,台東区 食品衛生営業施設一覧,318,仲見世通り
飲食店,食べる,飲食店営業（一般・お好み焼きもんじゃ）,浅草もんじゃ　豊友,35.711666,139.792999,point,浅草一丁目９番７号,台東区,浅草,1727,台東区 食品衛生営業施設一覧,326,仲見世通り
飲食店,食べる,飲食店営業（一般・お好み焼きもんじゃ）,ｏｃｏｍｏ,35.711784,139.792236,point,浅草一丁目１０番５号,台東区,浅草,1657,台東区 食品衛生営業施設一覧,394,仲見世通り
飲食店,食べる,飲食店営業（一般・お好み焼きもんじゃ）,穂里,35.71183,139.793121,point,浅草一丁目１３番３号,台東区,浅草,1733,台東区 食品衛生営業施設一覧,314,仲見世通り
飲食店,食べる,飲食店営業（一般・お好み焼きもんじゃ）,神戸牛ダイア　すし屋通り店,35.71183,139.793121,point,浅草一丁目１３番３号,台東区,浅草,1733,台東区 食品衛生営業施設一覧,314,仲見世通り
飲食店,食べる,飲食店営業（一般・お好み焼きもんじゃ）,てっぱん大吉,35.7117,139.793518,point,浅草一丁目１４番２号,台東区,浅草,1771,台東区 食品衛生営業施設一覧,279,仲見世通り
飲食店,食べる,飲食店営業（一般・お好み焼きもんじゃ）,香味家,35.71199,139.793976,point,浅草一丁目１５番６号,台東区,浅草,1804,台東区 食品衛生営業施設一覧,237,仲見世通り
飲食店,食べる,飲食店営業（一般・お好み焼きもんじゃ）,津久志,35.711594,139.79422,point,浅草一丁目１６番３号,台東区,浅草,1835,台東区 食品衛生営業施設一覧,218,仲見世通り
飲食店,食べる,飲食店営業（一般・お好み焼きもんじゃ）,もんじゃお好み焼き　ぽんぽこ,35.711926,139.794281,point,浅草一丁目１６番７号,台東区,浅草,1832,台東区 食品衛生営業施設一覧,209,仲見世通り
飲食店,食べる,飲食店営業（一般・お好み焼きもんじゃ）,六文銭,35.711857,139.794601,point,浅草一丁目１６番９号,台東区,浅草,1862,台東区 食品衛生営業施設一覧,181,仲見世通り
飲食店,食べる,飲食店営業（一般・お好み焼きもんじゃ）,もんじゃ　加とう,35.711594,139.795395,point,浅草一丁目１７番１０号,台東区,浅草,1938,台東区 食品衛生営業施設一覧,114,仲見世通り
飲食店,食べる,飲食店営業（一般・お好み焼きもんじゃ）,雷門おすぎ,35.711292,139.795914,point,浅草一丁目１８番４号,台東区,浅草,1992,台東区 食品衛生営業施設一覧,90,雷門
飲食店,食べる,飲食店営業（一般・お好み焼きもんじゃ）,つる次郎,35.71183,139.795593,point,浅草一丁目２０番８号,台東区,浅草,1950,台東区 食品衛生営業施設一覧,91,仲見世通り
飲食店,食べる,飲食店営業（一般・お好み焼きもんじゃ）,月島名物　もんじゃ　だるま　浅草店,35.711811,139.796432,point,浅草一丁目２０番１２号,台東区,浅草,2024,台東区 食品衛生営業施設一覧,18,仲見世通り
飲食店,食べる,飲食店営業（一般・お好み焼きもんじゃ）,一丁目,35.711674,139.795242,point,浅草一丁目２１番２号,台東区,浅草,1923,台東区 食品衛生営業施設一覧,125,仲見世通り
飲食店,食べる,飲食店営業（一般・お好み焼きもんじゃ）,浅草もんじゃ　ぜんや,35.711929,139.795319,point,浅草一丁目２１番９号,台東区,浅草,1923,台東区 食品衛生営業施設一覧,116,仲見世通り
飲食店,食べる,飲食店営業（一般・お好み焼きもんじゃ）,たこ焼き　ふるちゃん,35.712498,139.79245,point,浅草一丁目２４番７号,台東区,浅草,1657,台東区 食品衛生営業施設一覧,381,仲見世通り
飲食店,食べる,飲食店営業（一般・お好み焼きもんじゃ）,月島もんじゃ　こぼれや　浅草,35.712116,139.794662,point,浅草一丁目２８番１号,台東区,浅草,1861,台東区 食品衛生営業施設一覧,177,仲見世通り
飲食店,食べる,飲食店営業（一般・お好み焼きもんじゃ）,鉄板?,35.711998,139.795288,point,浅草一丁目２９番２号,台東区,浅草,1919,台東区 食品衛生営業施設一覧,119,仲見世通り
飲食店,食べる,飲食店営業（一般・お好み焼きもんじゃ）,お好み焼き　しらいわ　浅草店,35.711937,139.795807,point,浅草一丁目３０番５号,台東区,浅草,1966,台東区 食品衛生営業施設一覧,72,仲見世通り
飲食店,食べる,飲食店営業（一般・お好み焼きもんじゃ）,月島もんじゃうまうま　浅草店,35.712173,139.797165,point,浅草一丁目３４番４号,台東区,浅草,2081,台東区 食品衛生営業施設一覧,59,仲見世通り
飲食店,食べる,飲食店営業（一般・お好み焼きもんじゃ）,月島もんじゃ　おこげ　浅草,35.712585,139.797699,point,浅草一丁目３５番９号,台東区,浅草,2121,台東区 食品衛生営業施設一覧,125,仲見世通り
飲食店,食べる,飲食店営業（一般・お好み焼きもんじゃ）,浅草　つる次郎　ＨＡＮＡＲＥ,35.712418,139.79686,point,浅草一丁目３６番２号,台東区,浅草,2050,台東区 食品衛生営業施設一覧,62,仲見世通り
飲食店,食べる,飲食店営業（一般・お好み焼きもんじゃ）,浅草　江戸もんじゃ　ひょうたん,35.712494,139.796005,point,浅草一丁目３７番４号,台東区,浅草,1972,台東区 食品衛生営業施設一覧,85,仲見世通り
飲食店,食べる,飲食店営業（一般・お好み焼きもんじゃ）,香味家別館,35.71249,139.794296,point,浅草一丁目３９番５号,台東区,浅草,1820,台東区 食品衛生営業施設一覧,218,仲見世通り
飲食店,食べる,飲食店営業（一般・お好み焼きもんじゃ）,藤伝,35.712807,139.794662,point,浅草一丁目３９番１０号,台東区,浅草,1847,台東区 食品衛生営業施設一覧,202,仲見世通り
飲食店,食べる,飲食店営業（一般・お好み焼きもんじゃ）,浅草もんじゃ　もんろう,35.712933,139.793991,point,浅草一丁目４１番２号,台東区,浅草,1785,台東区 食品衛生営業施設一覧,262,仲見世通り
飲食店,食べる,飲食店営業（一般・お好み焼きもんじゃ）,浅草もんじゃ　かのやはなれ,35.7131,139.794205,point,浅草二丁目４番１号,台東区,浅草,1801,台東区 食品衛生営業施設一覧,254,仲見世通り
飲食店,食べる,飲食店営業（一般・お好み焼きもんじゃ）,もんじゃ　大樹,35.713531,139.793976,point,浅草二丁目４番１０号,台東区,浅草,1773,台東区 食品衛生営業施設一覧,283,浅草寺
飲食店,食べる,飲食店営業（一般・お好み焼きもんじゃ）,浅草もんじゃ　かのや,35.713531,139.794128,point,浅草二丁目４番１１号,台東区,浅草,1787,台東区 食品衛生営業施設一覧,271,浅草寺
飲食店,食べる,飲食店営業（一般・お好み焼きもんじゃ）,つくし,35.713337,139.79422,point,浅草二丁目４番１３号,台東区,浅草,1798,台東区 食品衛生営業施設一覧,268,仲見世通り
飲食店,食べる,飲食店営業（一般・お好み焼きもんじゃ）,とんこつもんじゃ　コナマミレ　浅草横丁店,35.713928,139.793396,point,浅草二丁目６番７号,台東区,浅草,1716,台東区 食品衛生営業施設一覧,315,浅草寺
飲食店,食べる,飲食店営業（一般・お好み焼きもんじゃ）,浅草もんじゃ　もきち,35.715256,139.794052,point,浅草二丁目７番１９号,台東区,浅草,1766,台東区 食品衛生営業施設一覧,251,浅草寺
飲食店,食べる,飲食店営業（一般・お好み焼きもんじゃ）,いろは歌　花やしき通り店,35.715176,139.794525,point,浅草二丁目７番２２号,台東区,浅草,1809,台東区 食品衛生営業施設一覧,207,浅草寺
飲食店,食べる,飲食店営業（一般・お好み焼きもんじゃ）,穂,35.715488,139.79277,point,浅草二丁目１３番４号,台東区,浅草,1649,台東区 食品衛生営業施設一覧,369,浅草寺
飲食店,食べる,飲食店営業（一般・お好み焼きもんじゃ）,もんじゃ　まぐろ家　浅草店,35.715908,139.792786,point,浅草二丁目１３番７号,台東区,浅草,1651,台東区 食品衛生営業施設一覧,381,浅草寺
飲食店,食べる,飲食店営業（一般・お好み焼きもんじゃ）,もんじゃ　浅吉本店,35.715729,139.793686,point,浅草二丁目１４番１１号,台東区,浅草,1732,台東区 食品衛生営業施設一覧,299,浅草寺
飲食店,食べる,飲食店営業（一般・お好み焼きもんじゃ）,よっちゃん,35.716248,139.793381,point,浅草二丁目１７番６号,台東区,浅草,1706,台東区 食品衛生営業施設一覧,348,浅草寺
飲食店,食べる,飲食店営業（一般・お好み焼きもんじゃ）,お好焼　どん,35.71669,139.792847,point,浅草二丁目１９番３号,台東区,浅草,1661,台東区 食品衛生営業施設一覧,415,浅草寺
飲食店,食べる,飲食店営業（一般・お好み焼きもんじゃ）,浅草もんじゃ　お好み焼き　ぽんちゃん,35.716389,139.793884,point,浅草二丁目２２番１３号,台東区,浅草,1752,台東区 食品衛生営業施設一覧,318,浅草寺
飲食店,食べる,飲食店営業（一般・お好み焼きもんじゃ）,松邑,35.715309,139.795242,point,浅草二丁目２９番５号,台東区,浅草,1873,台東区 食品衛生営業施設一覧,151,浅草寺
飲食店,食べる,飲食店営業（一般・お好み焼きもんじゃ）,お好み焼ハウス　きゃろっと,35.717808,139.794937,point,浅草三丁目３７番４号,台東区,浅草,1861,台東区 食品衛生営業施設一覧,380,浅草寺
飲食店,食べる,飲食店営業（一般・お好み焼きもんじゃ）,お好焼　新ちゃん,35.720673,139.795975,point,浅草五丁目２９番４号,台東区,浅草,2019,台東区 食品衛生営業施設一覧,666,浅草寺
飲食店,食べる,飲食店営業（一般・お好み焼きもんじゃ）,ツースリー２,35.720589,139.795715,point,浅草五丁目３０番１１号,台東区,浅草,1994,台東区 食品衛生営業施設一覧,659,浅草寺
飲食店,食べる,飲食店営業（一般・お好み焼きもんじゃ）,まる,35.721359,139.795563,point,浅草五丁目３２番８号,台東区,浅草,2006,台東区 食品衛生営業施設一覧,746,浅草寺
飲食店,食べる,飲食店営業（一般・お好み焼きもんじゃ）,香味由,35.696758,139.785248,point,浅草橋一丁目８番６号,台東区,浅草橋,2309,台東区 食品衛生営業施設一覧,1615,アメヤ横丁
飲食店,食べる,飲食店営業（一般・お好み焼きもんじゃ）,赤文字,35.697456,139.784485,point,浅草橋一丁目１６番７号,台東区,浅草橋,2210,台東区 食品衛生営業施設一覧,1511,アメヤ横丁
飲食店,食べる,飲食店営業（一般・お好み焼きもんじゃ）,あらいばる,35.697479,139.785263,point,浅草橋一丁目２０番１号,台東区,浅草橋,2237,台東区 食品衛生営業施設一覧,1552,アメヤ横丁
飲食店,食べる,飲食店営業（一般・お好み焼きもんじゃ）,ねづ味,35.718258,139.767044,point,池之端四丁目２４番５号,台東区,池之端,735,台東区 食品衛生営業施設一覧,657,上野公園
飲食店,食べる,飲食店営業（一般・お好み焼きもんじゃ）,上野ぐりぐり,35.708401,139.772141,point,上野二丁目２番３号,台東区,上野,828,台東区 食品衛生営業施設一覧,204,アメヤ横丁
飲食店,食べる,飲食店営業（一般・お好み焼きもんじゃ）,ふわとろ工房,35.709137,139.772003,point,上野二丁目１０番９号,台東区,上野,753,台東区 食品衛生営業施設一覧,236,アメヤ横丁
飲食店,食べる,飲食店営業（一般・お好み焼きもんじゃ）,創作鉄板じゅうじゅう,35.708946,139.77037,point,上野二丁目１１番７号,台東区,上野,829,台東区 食品衛生営業施設一覧,371,アメヤ横丁
飲食店,食べる,飲食店営業（一般・お好み焼きもんじゃ）,ぼてぢゅう御徒町店,35.707405,139.77446,point,上野三丁目２７番１２号,台東区,上野,911,台東区 食品衛生営業施設一覧,100,アメヤ横丁
飲食店,食べる,飲食店営業（一般・お好み焼きもんじゃ）,もんじゃや　上野ＡＢＡＢ前店,35.70911,139.77356,point,上野四丁目５番６号,台東区,上野,727,台東区 食品衛生営業施設一覧,118,アメヤ横丁
飲食店,食べる,飲食店営業（一般・お好み焼きもんじゃ）,ふわとろ工房　アメ横店,35.708862,139.774033,point,上野四丁目５番１１号,台東区,上野,750,台東区 食品衛生営業施設一覧,71,アメヤ横丁
飲食店,食べる,飲食店営業（一般・お好み焼きもんじゃ）,元祖　上野　もんちゃん,35.709049,139.774475,point,上野四丁目７番２号,台東区,上野,728,台東区 食品衛生営業施設一覧,84,アメヤ横丁
飲食店,食べる,飲食店営業（一般・お好み焼きもんじゃ）,月島もんじゃ　三九　上野総本店,35.709049,139.774475,point,上野四丁目７番２号,台東区,上野,728,台東区 食品衛生営業施設一覧,84,アメヤ横丁
飲食店,食べる,飲食店営業（一般・お好み焼きもんじゃ）,アメ横お好み焼きたこ焼き,35.709705,139.774414,point,上野四丁目７番８号,台東区,上野,656,台東区 食品衛生営業施設一覧,156,アメヤ横丁
飲食店,食べる,飲食店営業（一般・お好み焼きもんじゃ）,東京もんじゃ倶楽部　おだし上野店,35.709881,139.773834,point,上野四丁目８番９号,台東区,上野,639,台東区 食品衛生営業施設一覧,183,アメヤ横丁
飲食店,食べる,飲食店営業（一般・お好み焼きもんじゃ）,道とん堀　御徒町店,35.706108,139.774384,point,上野五丁目２０番３号,台東区,上野,1056,台東区 食品衛生営業施設一覧,244,アメヤ横丁
飲食店,食べる,飲食店営業（一般・お好み焼きもんじゃ）,月島もんじゃ三九　上野２号店,35.710087,139.775558,point,上野六丁目８番１１号,台東区,上野,620,台東区 食品衛生営業施設一覧,225,アメヤ横丁
飲食店,食べる,飲食店営業（一般・お好み焼きもんじゃ）,月島もんじゃ　もへじ　上野分店,35.709988,139.774628,point,上野六丁目１０番１０号,台東区,上野,624,台東区 食品衛生営業施設一覧,189,アメヤ横丁
飲食店,食べる,飲食店営業（一般・お好み焼きもんじゃ）,月島もんじゃ　もへじ　上野,35.710453,139.774536,point,上野六丁目１１番２号,台東区,上野,572,台東区 食品衛生営業施設一覧,240,アメヤ横丁
飲食店,食べる,飲食店営業（一般・お好み焼きもんじゃ）,月島もんじゃたまとや上野,35.710579,139.774933,point,上野六丁目１２番１７号,台東区,上野,560,台東区 食品衛生営業施設一覧,258,アメヤ横丁
飲食店,食べる,飲食店営業（一般・お好み焼きもんじゃ）,お好み焼　じゃんじゃん,35.710247,139.775955,point,上野六丁目１６番４号,台東区,上野,610,台東区 食品衛生営業施設一覧,258,アメヤ横丁
飲食店,食べる,飲食店営業（一般・お好み焼きもんじゃ）,お好み焼き・鉄板焼き　こて吉　上野の森さくらテラス店,35.712082,139.774704,point,上野公園１番５４号,台東区,上野公園,392,台東区 食品衛生営業施設一覧,385,上野公園
飲食店,食べる,飲食店営業（一般・お好み焼きもんじゃ）,もんじゃ　こむぎ,35.725983,139.80484,point,清川一丁目２８番８号,台東区,清川,2972,台東区 食品衛生営業施設一覧,1450,浅草寺
飲食店,食べる,飲食店営業（一般・お好み焼きもんじゃ）,タコです,35.726334,139.803482,point,清川二丁目２番４号,台東区,清川,2876,台東区 食品衛生営業施設一覧,1427,浅草寺
飲食店,食べる,飲食店営業（一般・お好み焼きもんじゃ）,くわちゃん,35.704945,139.792221,point,蔵前三丁目２０番１３号,台東区,蔵前,1991,台東区 食品衛生営業施設一覧,766,雷門
飲食店,食べる,飲食店営業（一般・お好み焼きもんじゃ）,お好み焼　巨峰,35.704144,139.782974,point,小島一丁目９番５号,台東区,小島,1486,台東区 食品衛生営業施設一覧,902,アメヤ横丁
飲食店,食べる,飲食店営業（一般・お好み焼きもんじゃ）,てっぱん　花道,35.705025,139.784683,point,小島二丁目１番１１号,台東区,小島,1493,台東区 食品衛生営業施設一覧,997,アメヤ横丁
飲食店,食べる,飲食店営業（一般・お好み焼きもんじゃ）,まんぼう,35.70834,139.796326,point,駒形二丁目１番３０号,台東区,駒形,2130,台東区 食品衛生営業施設一覧,276,雷門
飲食店,食べる,飲食店営業（一般・お好み焼きもんじゃ）,お好み焼　ガンクラ,35.704094,139.780075,point,台東三丁目４番１１号,台東区,台東,1375,台東区 食品衛生営業施設一覧,694,アメヤ横丁
飲食店,食べる,飲食店営業（一般・お好み焼きもんじゃ）,お好み焼き　道草,35.70504,139.779236,point,台東三丁目２２番８号,台東区,台東,1250,台東区 食品衛生営業施設一覧,568,アメヤ横丁
飲食店,食べる,飲食店営業（一般・お好み焼きもんじゃ）,下町もんじゃ　ゆうじ,35.706097,139.778305,point,台東四丁目１４番５号,台東区,台東,1111,台東区 食品衛生営業施設一覧,429,アメヤ横丁
飲食店,食べる,飲食店営業（一般・お好み焼きもんじゃ）,かっぱ祭り,35.710762,139.789841,point,西浅草一丁目３番１４号,台東区,西浅草,1486,台東区 食品衛生営業施設一覧,619,雷門
飲食店,食べる,飲食店営業（一般・お好み焼きもんじゃ）,鉄板　暁,35.710636,139.791138,point,西浅草一丁目７番３号,台東区,西浅草,1600,台東区 食品衛生営業施設一覧,503,雷門
飲食店,食べる,飲食店営業（一般・お好み焼きもんじゃ）,染太郎,35.71191,139.790833,point,西浅草二丁目２番２号,台東区,西浅草,1531,台東区 食品衛生営業施設一覧,521,仲見世通り
飲食店,食べる,飲食店営業（一般・お好み焼きもんじゃ）,七五三,35.71423,139.789825,point,西浅草二丁目２３番７号,台東区,西浅草,1392,台東区 食品衛生営業施設一覧,628,浅草寺
飲食店,食べる,飲食店営業（一般・お好み焼きもんじゃ）,あぽろ,35.714069,139.790695,point,西浅草二丁目２５番９号,台東区,西浅草,1472,台東区 食品衛生営業施設一覧,551,浅草寺
飲食店,食べる,飲食店営業（一般・お好み焼きもんじゃ）,ひなと家,35.715202,139.789627,point,西浅草三丁目１０番１０号,台東区,西浅草,1366,台東区 食品衛生営業施設一覧,645,浅草寺
飲食店,食べる,飲食店営業（一般・お好み焼きもんじゃ）,浅草　文字家,35.715179,139.790421,point,西浅草三丁目１２番８号,台東区,西浅草,1438,台東区 食品衛生営業施設一覧,574,浅草寺
飲食店,食べる,飲食店営業（一般・お好み焼きもんじゃ）,日本堤もんじゃ　ひぐち,35.726936,139.795349,point,日本堤二丁目１７番４号,台東区,日本堤,2265,台東区 食品衛生営業施設一覧,1364,浅草寺
飲食店,食べる,飲食店営業（一般・お好み焼きもんじゃ）,もんじゃ　彩羽,35.720734,139.779724,point,根岸一丁目３番２１号,台東区,根岸,740,台東区 食品衛生営業施設一覧,825,上野公園
飲食店,食べる,飲食店営業（一般・お好み焼きもんじゃ）,りん,35.7243,139.783401,point,根岸四丁目２番２号,台東区,根岸,1258,台東区 食品衛生営業施設一覧,1341,上野公園
飲食店,食べる,飲食店営業（一般・お好み焼きもんじゃ）,多美,35.72971,139.790436,point,根岸五丁目２０番４号,台東区,根岸,2129,台東区 食品衛生営業施設一覧,1762,浅草寺
飲食店,食べる,飲食店営業（一般・お好み焼きもんじゃ）,エッグ,35.727097,139.793762,point,三ノ輪一丁目３番１号,台東区,三ノ輪,2158,台東区 食品衛生営業施設一覧,1402,浅草寺
飲食店,食べる,飲食店営業（一般・お好み焼きもんじゃ）,谷中　よし川,35.727772,139.765488,point,谷中三丁目１３番２３号,台東区,谷中,1579,台東区 食品衛生営業施設一覧,1552,上野公園
飲食店,食べる,飲食店営業（一般・お好み焼きもんじゃ）,琴瑟館,35.722858,139.790558,point,竜泉一丁目１番３号,台東区,竜泉,1659,台東区 食品衛生営業施設一覧,1064,浅草寺
飲食店,食べる,飲食店営業（一般・お好み焼きもんじゃ）,お好焼　しいちゃん,35.725842,139.791092,point,竜泉三丁目２２番４号,台東区,竜泉,1882,台東区 食品衛生営業施設一覧,1338,浅草寺
飲食店,食べる,飲食店営業（一般・カレー）,冒険香る　Ｒｏｍａｎ　Ｋｉｔｃｈｅｎ,35.702034,139.775146,point,秋葉原１番５号,台東区,秋葉原,1510,台東区 食品衛生営業施設一覧,700,アメヤ横丁
飲食店,食べる,飲食店営業（一般・カレー）,ＡＳＡＫＵＳＡ　ＳＯＵＰ　ＣＵＲＲＹ　Ｂｉｌｌｉ,35.713223,139.793777,point,浅草一丁目４１番７号,台東区,浅草,1760,台東区 食品衛生営業施設一覧,294,仲見世通り
飲食店,食べる,飲食店営業（一般・カレー）,ＪＩＭＪＵＭ,35.713657,139.792664,point,浅草一丁目４３番８号,台東区,浅草,1654,台東区 食品衛生営業施設一覧,387,浅草寺
飲食店,食べる,飲食店営業（一般・カレー）,ＳＯＵＴＨ　ＰＡＲＫ,35.716019,139.793259,point,浅草二丁目１７番４号,台東区,浅草,1694,台東区 食品衛生営業施設一覧,347,浅草寺
飲食店,食べる,飲食店営業（一般・カレー）,Ｈａｌａｌ　Ｊａｐａｎｅｓｅ　Ｃｕｒｒｙ　Ｙｏｓｈｉ’ｓ　Ｐａｓｓｉｏｎ,35.716698,139.796707,point,浅草三丁目２２番１号,台東区,浅草,2009,台東区 食品衛生営業施設一覧,220,浅草寺
飲食店,食べる,飲食店営業（一般・カレー）,Ｃａｒｉｌ,35.718285,139.79512,point,浅草四丁目１７番３号,台東区,浅草,1885,台東区 食品衛生営業施設一覧,423,浅草寺
飲食店,食べる,飲食店営業（一般・カレー）,ＳＰＩＣＥ　ＳＰＡＣＥ　ＵＧＡＹＡ,35.719727,139.798325,point,浅草五丁目２３番７号,台東区,浅草,2199,台東区 食品衛生営業施設一覧,575,浅草寺
飲食店,食べる,飲食店営業（一般・カレー）,ＮＡＭＡＳＴＥ　ＡＳＩＡＮ　ＤＩＮＩＮＧ＆ＢＡＲ,35.721352,139.797012,point,浅草五丁目５３番２号,台東区,浅草,2131,台東区 食品衛生営業施設一覧,738,浅草寺
飲食店,食べる,飲食店営業（一般・カレー）,ＳｍｉｌｅＳｐｉｃｅ,35.71558,139.801666,point,浅草六丁目１番１７号,台東区,浅草,2453,台東区 食品衛生営業施設一覧,454,浅草寺
飲食店,食べる,飲食店営業（一般・カレー）,カレーショップ　プチシャニ,35.71645,139.8013,point,浅草六丁目１９番９号,台東区,浅草,2421,台東区 食品衛生営業施設一覧,454,浅草寺
飲食店,食べる,飲食店営業（一般・カレー）,日乃屋カレー　浅草橋店,35.697456,139.784012,point,浅草橋一丁目１５番１１号,台東区,浅草橋,2193,台東区 食品衛生営業施設一覧,1486,アメヤ横丁
飲食店,食べる,飲食店営業（一般・カレー）,ＮＥＷ　ＨＹＤＥＲＡＢＡＤ,35.698971,139.783752,point,浅草橋二丁目７番３号,台東区,浅草橋,2029,台東区 食品衛生営業施設一覧,1338,アメヤ横丁
飲食店,食べる,飲食店営業（一般・カレー）,マッサラフレーバー,35.700069,139.78743,point,浅草橋三丁目１番３号,台東区,浅草橋,2085,台東区 食品衛生営業施設一覧,1458,雷門
飲食店,食べる,飲食店営業（一般・カレー）,ＮＩＪＩ　ＲＥＳＴＡＵＲＡＮＴ　ＦＬＡＶＯＵＲＳ　ＯＦ　ＡＳＩＡ,35.701588,139.788208,point,浅草橋三丁目２５番５号,台東区,浅草橋,1990,台東区 食品衛生営業施設一覧,1280,雷門
飲食店,食べる,飲食店営業（一般・カレー）,アジアンダイニングバー　カナピナ,35.701427,139.780914,point,浅草橋五丁目２０番８号,台東区,浅草橋,1679,台東区 食品衛生営業施設一覧,964,アメヤ横丁
飲食店,食べる,飲食店営業（一般・カレー）,サルガム　インド＆ネパール,35.708794,139.769485,point,池之端一丁目１番２号,台東区,池之端,882,台東区 食品衛生営業施設一覧,447,アメヤ横丁
飲食店,食べる,飲食店営業（一般・カレー）,サルガム,35.712986,139.768234,point,池之端二丁目１番４５号,台東区,池之端,636,台東区 食品衛生営業施設一覧,537,上野公園
飲食店,食べる,飲食店営業（一般・カレー）,カレー　くろーばー,35.70636,139.770966,point,上野一丁目１２番９号,台東区,上野,1076,台東区 食品衛生営業施設一覧,378,アメヤ横丁
飲食店,食べる,飲食店営業（一般・カレー）,ＰＵＩ　ＰＵＩ　カレー,35.70874,139.77211,point,上野二丁目５番３号,台東区,上野,793,台東区 食品衛生営業施設一覧,212,アメヤ横丁
飲食店,食べる,飲食店営業（一般・カレー）,アンドラキッチン,35.705677,139.773956,point,上野三丁目２０番２号,台東区,上野,1104,台東区 食品衛生営業施設一覧,294,アメヤ横丁
飲食店,食べる,飲食店営業（一般・カレー）,ディップパレス御徒町店,35.707405,139.77446,point,上野三丁目２７番１２号,台東区,上野,911,台東区 食品衛生営業施設一覧,100,アメヤ横丁
飲食店,食べる,飲食店営業（一般・カレー）,ＳＡＵＲＹＡ　Ａｓｉａｎ　Ｄｉｎｉｎｇ　＆　Ｂａｒ,35.705498,139.774277,point,上野五丁目１０番１１号,台東区,上野,1123,台東区 食品衛生営業施設一覧,312,アメヤ横丁
飲食店,食べる,飲食店営業（一般・カレー）,カレーハウスＣｏＣｏ壱番屋御徒町昭和通店,35.705067,139.775757,point,上野五丁目１５番１７号,台東区,上野,1177,台東区 食品衛生営業施設一覧,380,アメヤ横丁
飲食店,食べる,飲食店営業（一般・カレー）,インドカレー　サクラ,35.706379,139.775909,point,上野五丁目２３番１１号,台東区,上野,1033,台東区 食品衛生営業施設一覧,253,アメヤ横丁
飲食店,食べる,飲食店営業（一般・カレー）,ＫＨＡＮＡ・ＫＨＡＺＡ　ＩＮＤＩＡＮ　ＮＥＰＡＬＩ　ＡＳＩＡＮ　ＤＩＮＮＩＮＧ　＆　ＢＡＲ,35.708279,139.775787,point,上野六丁目１番６号,台東区,上野,822,台東区 食品衛生営業施設一覧,125,アメヤ横丁
飲食店,食べる,飲食店営業（一般・カレー）,ゴーゴーカレー御徒町店,35.708462,139.775421,point,上野六丁目２番７号,台東区,上野,798,台東区 食品衛生営業施設一覧,94,アメヤ横丁
飲食店,食べる,飲食店営業（一般・カレー）,カレー専門店クラウンエース,35.711365,139.775131,point,上野六丁目１２番１１号,台東区,上野,474,台東区 食品衛生営業施設一覧,347,アメヤ横丁
飲食店,食べる,飲食店営業（一般・カレー）,マイカリー食堂　上野店,35.713009,139.778336,point,上野七丁目４番７号,台東区,上野,450,台東区 食品衛生営業施設一覧,518,上野公園
飲食店,食べる,飲食店営業（一般・カレー）,ニューダイカマ,35.726208,139.804291,point,清川一丁目２９番５号,台東区,清川,2937,台東区 食品衛生営業施設一覧,1447,浅草寺
飲食店,食べる,飲食店営業（一般・カレー）,有限会社　日正カレー,35.726704,139.804901,point,清川二丁目９番１２号,台東区,清川,3009,台東区 食品衛生営業施設一覧,1522,浅草寺
飲食店,食べる,飲食店営業（一般・カレー）,ラッキー　ロイヤルガーデン　アジアンダイニング,35.709629,139.790878,point,寿二丁目１０番１１号,台東区,寿,1621,台東区 食品衛生営業施設一覧,542,雷門
飲食店,食べる,飲食店営業（一般・カレー）,（ＡＳＯＫＡ）Ｂ＆Ｂ　ＡＳＩＡＮ　ＧＡＲＤＥＮ,35.705997,139.791992,point,寿三丁目３番５号,台東区,寿,1906,台東区 食品衛生営業施設一覧,683,雷門
飲食店,食べる,飲食店営業（一般・カレー）,ＳＥＲＥＮＤＩＢ（セレンディッブ）,35.706421,139.790985,point,寿三丁目８番３号,台東区,寿,1805,台東区 食品衛生営業施設一覧,709,雷門
飲食店,食べる,飲食店営業（一般・カレー）,ネパール・インドレストラン＆バー　世話,35.723701,139.786591,point,下谷三丁目１番２５号,台東区,下谷,1415,台東区 食品衛生営業施設一覧,1356,浅草寺
飲食店,食べる,飲食店営業（一般・カレー）,居酒　ＤＯＵＣＨＵＵ,35.723827,139.792084,point,千束三丁目３３番１２号,台東区,千束,1832,台東区 食品衛生営業施設一覧,1097,浅草寺
飲食店,食べる,飲食店営業（一般・カレー）,カレーは飲み物。,35.700874,139.775833,point,台東一丁目９番４号,台東区,台東,1642,台東区 食品衛生営業施設一覧,836,アメヤ横丁
飲食店,食べる,飲食店営業（一般・カレー）,スパイスパレット,35.700874,139.775833,point,台東一丁目９番４号,台東区,台東,1642,台東区 食品衛生営業施設一覧,836,アメヤ横丁
飲食店,食べる,飲食店営業（一般・カレー）,カレー＆キッチン　ラホール,35.701424,139.776291,point,台東一丁目１１番６号,台東区,台東,1585,台東区 食品衛生営業施設一覧,783,アメヤ横丁
飲食店,食べる,飲食店営業（一般・カレー）,Ｓｐｉｃｅ　Ｃｕｒｒｙ　カリカリ,35.701416,139.777542,point,台東一丁目１４番１１号,台東区,台東,1601,台東区 食品衛生営業施設一覧,816,アメヤ横丁
飲食店,食べる,飲食店営業（一般・カレー）,インドカレー　ラホール,35.703804,139.781082,point,台東二丁目１９番７号,台東区,台東,1440,台東区 食品衛生営業施設一覧,784,アメヤ横丁
飲食店,食べる,飲食店営業（一般・カレー）,ＰＲＡＳＨＩＤＨＡ　ＴＡＪ,35.70507,139.781067,point,台東三丁目３０番１１号,台東区,台東,1312,台東区 食品衛生営業施設一覧,701,アメヤ横丁
飲食店,食べる,飲食店営業（一般・カレー）,ＶＥＧＥ　ＫＩＴＣＨＥＮ　＆　ＢＡＲ,35.705475,139.777832,point,台東三丁目４４番８号,台東区,台東,1165,台東区 食品衛生営業施設一覧,441,アメヤ横丁
飲食店,食べる,飲食店営業（一般・カレー）,ＶＥＮＵ’Ｓ　ＳＯＵＴＨ　ＩＮＤＩＡＮ　ＤＩＮＩＮＧ,35.706066,139.776886,point,台東四丁目８番９号,台東区,台東,1082,台東区 食品衛生営業施設一覧,335,アメヤ横丁
飲食店,食べる,飲食店営業（一般・カレー）,ラッフルズ　カリー,35.707314,139.778381,point,台東四丁目２９番１０号,台東区,台東,986,台東区 食品衛生営業施設一覧,376,アメヤ横丁
飲食店,食べる,飲食店営業（一般・カレー）,西インドスパイス　ガヤバジ,35.710819,139.790298,point,西浅草一丁目６番３号,台東区,西浅草,1522,台東区 食品衛生営業施設一覧,578,雷門
飲食店,食べる,飲食店営業（一般・カレー）,インド料理　パナス,35.710934,139.791641,point,西浅草一丁目７番１８号,台東区,西浅草,1632,台東区 食品衛生営業施設一覧,457,雷門
飲食店,食べる,飲食店営業（一般・カレー）,ＮＥＷ　ＬＵＭＢＩＮＩ　ＦＯＯＤ　ＣＡＦＥ,35.720856,139.780182,point,根岸一丁目１番１５号,台東区,根岸,778,台東区 食品衛生営業施設一覧,864,上野公園
飲食店,食べる,飲食店営業（一般・カレー）,ＮＥＷ　ＨＩＭＡＬＡＹＡ　ＤＩＮＩＮＧ　＆　ＢＡＲ,35.711479,139.798447,point,花川戸一丁目２番７号,台東区,花川戸,2210,台東区 食品衛生営業施設一覧,173,仲見世通り
飲食店,食べる,飲食店営業（一般・カレー）,カレーハウスＣｏＣｏ壱番屋　東武浅草駅前店,35.711685,139.79866,point,花川戸一丁目３番２号,台東区,花川戸,2224,台東区 食品衛生営業施設一覧,188,仲見世通り
飲食店,食べる,飲食店営業（一般・カレー）,カレーの店　　サカエヤ,35.707409,139.78006,point,東上野一丁目６番３号,台東区,東上野,1040,台東区 食品衛生営業施設一覧,521,アメヤ横丁
飲食店,食べる,飲食店営業（一般・カレー）,カレー＆キッチン　ラホール,35.707409,139.78006,point,東上野一丁目６番３号,台東区,東上野,1040,台東区 食品衛生営業施設一覧,521,アメヤ横丁
飲食店,食べる,飲食店営業（一般・カレー）,インド　アジアン　ヒマラヤ　レストラン＆バー,35.710464,139.777969,point,東上野二丁目２０番９号,台東区,東上野,651,台東区 食品衛生営業施設一覧,402,アメヤ横丁
飲食店,食べる,飲食店営業（一般・カレー）,Ｒｅ　ＮＥＰＡＫＡ,35.710735,139.780334,point,東上野三丁目２５番１号,台東区,東上野,755,台東区 食品衛生営業施設一覧,600,アメヤ横丁
飲食店,食べる,飲食店営業（一般・カレー）,ＨＡＬＩＭＡ　ＫＥＢＡＢ　ＢＩＲＹＡＮＩ,35.711575,139.780304,point,東上野三丁目３６番７号,台東区,東上野,689,台東区 食品衛生営業施設一覧,646,アメヤ横丁
飲食店,食べる,飲食店営業（一般・カレー）,インド　ネパール　ダイニング　ＳＰＩＣＥ６,35.711845,139.781601,point,東上野五丁目１番１１号,台東区,東上野,765,台東区 食品衛生営業施設一覧,760,アメヤ横丁
飲食店,食べる,飲食店営業（一般・カレー）,Ｂａｙｌｅａｆ　Ｋｉｔｃｈｅｎ＆Ｒｅｓｔａｕｒａｎｔ,35.711845,139.781601,point,東上野五丁目１番１１号,台東区,東上野,765,台東区 食品衛生営業施設一覧,760,アメヤ横丁
飲食店,食べる,飲食店営業（一般・カレー）,ＢＡＹＬＥＡＦ　ＫＩＴＣＨＥＮ＆ＲＥＳＴＡＵＲＡＮＴ,35.711845,139.781601,point,東上野五丁目１番１１号,台東区,東上野,765,台東区 食品衛生営業施設一覧,760,アメヤ横丁
飲食店,食べる,飲食店営業（一般・カレー）,ＩＮＤＩＡＮ　ＲＥＳＴＡＵＲＡＮＴ＆ＢＡＲ　ＳＩＴＡＬ,35.711315,139.783951,point,東上野六丁目１番７号,台東区,東上野,977,台東区 食品衛生営業施設一覧,925,アメヤ横丁
飲食店,食べる,飲食店営業（一般・カレー）,株式会社釜浅商店,35.713936,139.788635,point,松が谷二丁目２４番１号,台東区,松が谷,1289,台東区 食品衛生営業施設一覧,738,浅草寺
飲食店,食べる,飲食店営業（一般・カレー）,ＳＡＭＲＡＴ　ＤＡＩＮＩＮＧ　ＡＮＤ　ＢＡＲ,35.718567,139.787598,point,松が谷四丁目２７番１６号,台東区,松が谷,1228,台東区 食品衛生営業施設一覧,930,浅草寺
飲食店,食べる,飲食店営業（一般・カレー）,ぱおぱおカレー　三ノ輪店,35.729279,139.791321,point,三ノ輪一丁目２８番８号,台東区,三ノ輪,2149,台東区 食品衛生営業施設一覧,1691,浅草寺
飲食店,食べる,飲食店営業（一般・カレー）,薬膳カレー　じねんじょ,35.726601,139.76825,point,谷中五丁目９番２５号,台東区,谷中,1347,台東区 食品衛生営業施設一覧,1332,上野公園
飲食店,食べる,飲食店営業（一般・カレー）,インド　ナン　ハウス,35.698738,139.787796,point,柳橋二丁目７番１０号,台東区,柳橋,2226,台東区 食品衛生営業施設一覧,1564,雷門
飲食店,食べる,飲食店営業（一般・すき焼きしゃぶしゃぶ）,ともちゃんの火鍋,35.711784,139.792236,point,浅草一丁目１０番５号,台東区,浅草,1657,台東区 食品衛生営業施設一覧,394,仲見世通り
飲食店,食べる,飲食店営業（一般・すき焼きしゃぶしゃぶ）,㈲今半本店,35.711746,139.796829,point,浅草一丁目１９番７号,台東区,浅草,2061,台東区 食品衛生営業施設一覧,27,仲見世通り
飲食店,食べる,飲食店営業（一般・すき焼きしゃぶしゃぶ）,しゃぶしゃぶ　但馬屋,35.712658,139.793259,point,浅草一丁目２６番５号,台東区,浅草,1725,台東区 食品衛生営業施設一覧,313,仲見世通り
飲食店,食べる,飲食店営業（一般・すき焼きしゃぶしゃぶ）,江戸肉割烹さゝや浅草,35.712383,139.797287,point,浅草一丁目３５番３号,台東区,浅草,2088,台東区 食品衛生営業施設一覧,82,仲見世通り
飲食店,食べる,飲食店営業（一般・すき焼きしゃぶしゃぶ）,有限会社　今半別館,35.713062,139.796707,point,浅草二丁目２番５号,台東区,浅草,2025,台東区 食品衛生営業施設一覧,130,仲見世通り
飲食店,食べる,飲食店営業（一般・すき焼きしゃぶしゃぶ）,しゃぶ葉　ドン・キホーテ浅草店,35.714094,139.793088,point,浅草二丁目１０番,台東区,浅草,1687,台東区 食品衛生営業施設一覧,338,浅草寺
飲食店,食べる,飲食店営業（一般・すき焼きしゃぶしゃぶ）,味しゃぶ　浅高,35.715759,139.792786,point,浅草二丁目１３番６号,台東区,浅草,1651,台東区 食品衛生営業施設一覧,376,浅草寺
飲食店,食べる,飲食店営業（一般・すき焼きしゃぶしゃぶ）,米久本店,35.715919,139.793747,point,浅草二丁目１７番１０号,台東区,浅草,1738,台東区 食品衛生営業施設一覧,302,浅草寺
飲食店,食べる,飲食店営業（一般・すき焼きしゃぶしゃぶ）,浅草しゃぶ辰,35.718609,139.795685,point,浅草四丁目１８番９号,台東区,浅草,1942,台東区 食品衛生営業施設一覧,443,浅草寺
飲食店,食べる,飲食店営業（一般・すき焼きしゃぶしゃぶ）,めでたや,35.698166,139.78299,point,浅草橋一丁目２５番４号,台東区,浅草橋,2085,台東区 食品衛生営業施設一覧,1368,アメヤ横丁
飲食店,食べる,飲食店営業（一般・すき焼きしゃぶしゃぶ）,人形町今半　上野広小路店,35.707733,139.772827,point,上野一丁目２０番１１号,台東区,上野,888,台東区 食品衛生営業施設一覧,155,アメヤ横丁
飲食店,食べる,飲食店営業（一般・すき焼きしゃぶしゃぶ）,木曽路　上野店,35.709026,139.773102,point,上野二丁目７番１３号,台東区,上野,742,台東区 食品衛生営業施設一覧,142,アメヤ横丁
飲食店,食べる,飲食店営業（一般・すき焼きしゃぶしゃぶ）,しゃぶしゃぶ　上野　かこい,35.705959,139.772842,point,上野三丁目１８番５号,台東区,上野,1082,台東区 食品衛生営業施設一覧,296,アメヤ横丁
飲食店,食べる,飲食店営業（一般・すき焼きしゃぶしゃぶ）,ＷＡＧＹＵ　ＳＵＫＩＹＡＫＩ　極　上野店,35.709175,139.773666,point,上野四丁目５番７号,台東区,上野,718,台東区 食品衛生営業施設一覧,118,アメヤ横丁
飲食店,食べる,飲食店営業（一般・すき焼きしゃぶしゃぶ）,しゃぶしゃぶ　鉢の木,35.709095,139.774323,point,上野四丁目７番３号,台東区,上野,723,台東区 食品衛生営業施設一覧,89,アメヤ横丁
飲食店,食べる,飲食店営業（一般・すき焼きしゃぶしゃぶ）,しゃぶしゃぶ＆すき焼き　まんぷく屋,35.710793,139.77504,point,上野六丁目１３番６号,台東区,上野,537,台東区 食品衛生営業施設一覧,283,アメヤ横丁
飲食店,食べる,飲食店営業（一般・すき焼きしゃぶしゃぶ）,和牛すき焼き　ぱんが浅草店,35.70945,139.797241,point,雷門二丁目１番１３号,台東区,雷門,2164,台東区 食品衛生営業施設一覧,158,雷門
飲食店,食べる,飲食店営業（一般・すき焼きしゃぶしゃぶ）,ＭＯ－ＭＯ－ＰＡＲＡＤＩＳＥ　浅草雷門店,35.710949,139.794937,point,雷門二丁目１６番９号,台東区,雷門,1916,台東区 食品衛生営業施設一覧,160,雷門
飲食店,食べる,飲食店営業（一般・すき焼きしゃぶしゃぶ）,ワガママ　シャブシャブ　ＴＯＫＹＯ　浅草店,35.710949,139.794937,point,雷門二丁目１６番９号,台東区,雷門,1916,台東区 食品衛生営業施設一覧,160,雷門
飲食店,食べる,飲食店営業（一般・すき焼きしゃぶしゃぶ）,しゃぶしゃぶ和葉,35.711533,139.791824,point,西浅草一丁目８番１３号,台東区,西浅草,1628,台東区 食品衛生営業施設一覧,433,仲見世通り
飲食店,食べる,飲食店営業（一般・すき焼きしゃぶしゃぶ）,花水木,35.712963,139.791306,point,西浅草二丁目１５番１３号,台東区,西浅草,1545,台東区 食品衛生営業施設一覧,492,仲見世通り
飲食店,食べる,飲食店営業（一般・すき焼きしゃぶしゃぶ）,浅草今半　国際通り本店,35.713932,139.792252,point,西浅草三丁目１番１２号,台東区,西浅草,1613,台東区 食品衛生営業施設一覧,415,浅草寺
飲食店,食べる,飲食店営業（一般・すき焼きしゃぶしゃぶ）,ちんや　浅草　本店,35.714859,139.801285,point,花川戸二丁目１６番１号,台東区,花川戸,2420,台東区 食品衛生営業施設一覧,410,浅草寺
飲食店,食べる,飲食店営業（一般・すき焼きしゃぶしゃぶ）,しゃぶしゃぶ　かがやき,35.72636,139.789459,point,竜泉二丁目１６番６号,台東区,竜泉,1804,台東区 食品衛生営業施設一覧,1452,浅草寺
飲食店,食べる,飲食店営業（一般・その他）,レストラン　カミヤ,35.710876,139.79747,point,浅草一丁目１番１号,台東区,浅草,2139,台東区 食品衛生営業施設一覧,70,雷門
飲食店,食べる,飲食店営業（一般・その他）,Ｈａｌａｌ　Ｋａｒａａｇｅ　Ｙｏｓｈｉ　Ｃｈｉｋｉ,35.711655,139.797546,point,浅草一丁目１番１２号,台東区,浅草,2126,台東区 食品衛生営業施設一覧,90,仲見世通り
飲食店,食べる,飲食店営業（一般・その他）,株式会社増田園総本店,35.711048,139.797623,point,浅草一丁目１番１７号,台東区,浅草,2148,台東区 食品衛生営業施設一覧,88,雷門
飲食店,食べる,飲食店営業（一般・その他）,浅草食堂　元松,35.711113,139.795654,point,浅草一丁目３番５号,台東区,浅草,1974,台東区 食品衛生営業施設一覧,101,雷門
飲食店,食べる,飲食店営業（一般・その他）,相模屋本店　角打ち,35.711426,139.793152,point,浅草一丁目８番２号,台東区,浅草,1747,台東区 食品衛生営業施設一覧,316,仲見世通り
飲食店,食べる,飲食店営業（一般・その他）,ちいきと,35.711842,139.792587,point,浅草一丁目１１番１号,台東区,浅草,1686,台東区 食品衛生営業施設一覧,362,仲見世通り
飲食店,食べる,飲食店営業（一般・その他）,ステーキハウス　松波,35.71225,139.792313,point,浅草一丁目１１番６号,台東区,浅草,1651,台東区 食品衛生営業施設一覧,389,仲見世通り
飲食店,食べる,飲食店営業（一般・その他）,ハブ　浅草店,35.711815,139.792786,point,浅草一丁目１２番２号,台東区,浅草,1704,台東区 食品衛生営業施設一覧,344,仲見世通り
飲食店,食べる,飲食店営業（一般・その他）,Ｆｒｉｔｅｓ　Ｂｒｕｇｅｓ,35.71167,139.793671,point,浅草一丁目１４番１号,台東区,浅草,1785,台東区 食品衛生営業施設一覧,266,仲見世通り
飲食店,食べる,飲食店営業（一般・その他）,ＭＩＳＯＪＹＵ　ＳＥＬＥＣＴ,35.7117,139.793518,point,浅草一丁目１４番２号,台東区,浅草,1771,台東区 食品衛生営業施設一覧,279,仲見世通り
飲食店,食べる,飲食店営業（一般・その他）,元祖　釜めし春,35.711819,139.793777,point,浅草一丁目１４番９号,台東区,浅草,1790,台東区 食品衛生営業施設一覧,255,仲見世通り
飲食店,食べる,飲食店営業（一般・その他）,Ｇｏｌｄ　Ｆｉｓｈ,35.711624,139.793991,point,浅草一丁目１５番１号,台東区,浅草,1814,台東区 食品衛生営業施設一覧,238,仲見世通り
飲食店,食べる,飲食店営業（一般・その他）,ステーキ＆シーフードレストラン「徳吉」,35.711758,139.794113,point,浅草一丁目１５番９号,台東区,浅草,1822,台東区 食品衛生営業施設一覧,225,仲見世通り
飲食店,食べる,飲食店営業（一般・その他）,牛カツ京都勝牛　浅草オレンジ通り店,35.71162,139.794647,point,浅草一丁目１６番１１号,台東区,浅草,1872,台東区 食品衛生営業施設一覧,179,仲見世通り
飲食店,食べる,飲食店営業（一般・その他）,ＴＨＥ　ＷＡＧＹＵ　ＢＲＯＴＨＥＲＳ,35.711269,139.796082,point,浅草一丁目１８番３号,台東区,浅草,2007,台東区 食品衛生営業施設一覧,76,雷門
飲食店,食べる,飲食店営業（一般・その他）,雷門焼酎バル利左衛門,35.711292,139.795914,point,浅草一丁目１８番４号,台東区,浅草,1992,台東区 食品衛生営業施設一覧,90,雷門
飲食店,食べる,飲食店営業（一般・その他）,Ｔ８　ＡＳＡＫＵＳＡ,35.71154,139.795975,point,浅草一丁目１８番１１号,台東区,浅草,1991,台東区 食品衛生営業施設一覧,69,仲見世通り
飲食店,食べる,飲食店営業（一般・その他）,ＷＡＧＹＵＳＵＫＩＹＡＫＩ　極～ＧＯＫＵ,35.711491,139.796432,point,浅草一丁目１８番１２号,台東区,浅草,2032,台東区 食品衛生営業施設一覧,48,仲見世通り
飲食店,食べる,飲食店営業（一般・その他）,浅草もんじゃころっけ,35.712006,139.794174,point,浅草一丁目２２番４号,台東区,浅草,1821,台東区 食品衛生営業施設一覧,219,仲見世通り
飲食店,食べる,飲食店営業（一般・その他）,河村屋,35.712132,139.794312,point,浅草一丁目２２番８号,台東区,浅草,1830,台東区 食品衛生営業施設一覧,208,仲見世通り
飲食店,食べる,飲食店営業（一般・その他）,ひとにぎり浅草店,35.712261,139.792999,point,浅草一丁目２４番１号,台東区,浅草,1711,台東区 食品衛生営業施設一覧,328,仲見世通り
飲食店,食べる,飲食店営業（一般・その他）,フードノート浅草本店,35.712326,139.792694,point,浅草一丁目２４番３号,台東区,浅草,1682,台東区 食品衛生営業施設一覧,356,仲見世通り
飲食店,食べる,飲食店営業（一般・その他）,ｍａｒｉｍａｒｉ,35.711998,139.795288,point,浅草一丁目２９番２号,台東区,浅草,1919,台東区 食品衛生営業施設一覧,119,仲見世通り
飲食店,食べる,飲食店営業（一般・その他）,仲見世　銀花堂,35.711849,139.796448,point,浅草一丁目３０番１号,台東区,浅草,2025,台東区 食品衛生営業施設一覧,15,仲見世通り
飲食店,食べる,飲食店営業（一般・その他）,酒右衛門,35.712219,139.79599,point,浅草一丁目３１番４号,台東区,浅草,1976,台東区 食品衛生営業施設一覧,66,仲見世通り
飲食店,食べる,飲食店営業（一般・その他）,和牛と羽釜飯　和雲,35.711781,139.796936,point,浅草一丁目３２番１号,台東区,浅草,2070,台東区 食品衛生営業施設一覧,33,仲見世通り
飲食店,食べる,飲食店営業（一般・その他）,ＩＣＥ　ＴＯＫＹＯ,35.711803,139.796783,point,浅草一丁目３２番２号,台東区,浅草,2056,台東区 食品衛生営業施設一覧,20,仲見世通り
飲食店,食べる,飲食店営業（一般・その他）,壱番屋,35.712368,139.796722,point,浅草一丁目３２番８号,台東区,浅草,2038,台東区 食品衛生営業施設一覧,53,仲見世通り
飲食店,食べる,飲食店営業（一般・その他）,ばえ焼き,35.712017,139.797058,point,浅草一丁目３２番１３号,台東区,浅草,2075,台東区 食品衛生営業施設一覧,43,仲見世通り
飲食店,食べる,飲食店営業（一般・その他）,神戸牛　ダイア　浅草１号店,35.711735,139.797409,point,浅草一丁目３３番２号,台東区,浅草,2112,台東区 食品衛生営業施設一覧,75,仲見世通り
飲食店,食べる,飲食店営業（一般・その他）,黒毛和牛　壱乃屋　浅草,35.712326,139.797272,point,浅草一丁目３４番６号,台東区,浅草,2088,台東区 食品衛生営業施設一覧,77,仲見世通り
飲食店,食べる,飲食店営業（一般・その他）,丸仁の森,35.712704,139.797302,point,浅草一丁目３５番６号,台東区,浅草,2084,台東区 食品衛生営業施設一覧,110,仲見世通り
飲食店,食べる,飲食店営業（一般・その他）,おいもやさん興伸　浅草伝法院東通店,35.712734,139.796677,point,浅草一丁目３６番６号,台東区,浅草,2027,台東区 食品衛生営業施設一覧,93,仲見世通り
飲食店,食べる,飲食店営業（一般・その他）,ブランシュ,35.712452,139.795609,point,浅草一丁目３８番１３号,台東区,浅草,1938,台東区 食品衛生営業施設一覧,109,仲見世通り
飲食店,食べる,飲食店営業（一般・その他）,㈲ラルース,35.712349,139.794571,point,浅草一丁目３９番２号,台東区,浅草,1848,台東区 食品衛生営業施設一覧,190,仲見世通り
飲食店,食べる,飲食店営業（一般・その他）,浅草生搾り果汁　おれんじーる,35.712471,139.79483,point,浅草一丁目３９番１４号,台東区,浅草,1868,台東区 食品衛生営業施設一覧,172,仲見世通り
飲食店,食べる,飲食店営業（一般・その他）,みたらし団子　櫻田,35.712715,139.794037,point,浅草一丁目４０番２号,台東区,浅草,1793,台東区 食品衛生営業施設一覧,249,仲見世通り
飲食店,食べる,飲食店営業（一般・その他）,かき小屋　浅草店,35.713154,139.793915,point,浅草一丁目４１番８号,台東区,浅草,1774,台東区 食品衛生営業施設一覧,280,仲見世通り
飲食店,食べる,飲食店営業（一般・その他）,神戸牛ダイアロック忍者店,35.713154,139.793915,point,浅草一丁目４１番８号,台東区,浅草,1774,台東区 食品衛生営業施設一覧,280,仲見世通り
飲食店,食べる,飲食店営業（一般・その他）,とろり天使のわらびもち,35.713161,139.793289,point,浅草一丁目４２番４号,台東区,浅草,1718,台東区 食品衛生営業施設一覧,330,仲見世通り
飲食店,食べる,飲食店営業（一般・その他）,デニーズ浅草国際通り店,35.713345,139.792526,point,浅草一丁目４３番５号,台東区,浅草,1647,台東区 食品衛生営業施設一覧,401,仲見世通り
飲食店,食べる,飲食店営業（一般・その他）,オカオカ本舗,35.712772,139.79747,point,浅草二丁目１番２号,台東区,浅草,2098,台東区 食品衛生営業施設一覧,125,仲見世通り
飲食店,食べる,飲食店営業（一般・その他）,浅草　弁天屋,35.713013,139.797226,point,浅草二丁目１番５号,台東区,浅草,2072,台東区 食品衛生営業施設一覧,136,仲見世通り
飲食店,食べる,飲食店営業（一般・その他）,ＥＮＧＡＷＡ　ＡＳＡＫＵＳＡ,35.712975,139.79776,point,浅草二丁目１番１６号,台東区,浅草,2120,台東区 食品衛生営業施設一覧,159,仲見世通り
飲食店,食べる,飲食店営業（一般・その他）,浅草　大和屋,35.71286,139.796219,point,浅草二丁目３番３号,台東区,浅草,1984,台東区 食品衛生営業施設一覧,112,仲見世通り
飲食店,食べる,飲食店営業（一般・その他）,ＨＡＴＯＹＡ,35.71286,139.796219,point,浅草二丁目３番３号,台東区,浅草,1984,台東区 食品衛生営業施設一覧,112,仲見世通り
飲食店,食べる,飲食店営業（一般・その他）,黒毛和牛　壱乃屋　浅草伝法院,35.71286,139.796219,point,浅草二丁目３番３号,台東区,浅草,1984,台東区 食品衛生営業施設一覧,112,仲見世通り
飲食店,食べる,飲食店営業（一般・その他）,ｆｅｔｔｅ　ｐａｎｉｓｓａ　ｅ　ｖｉｎｏ,35.713604,139.79364,point,浅草二丁目５番４号,台東区,浅草,1742,台東区 食品衛生営業施設一覧,307,浅草寺
飲食店,食べる,飲食店営業（一般・その他）,江戸鯛焼き　浅草本店,35.713612,139.793427,point,浅草二丁目５番５号,台東区,浅草,1723,台東区 食品衛生営業施設一覧,324,浅草寺
飲食店,食べる,飲食店営業（一般・その他）,たこの鳴き声,35.713829,139.793869,point,浅草二丁目５番９号,台東区,浅草,1760,台東区 食品衛生営業施設一覧,278,浅草寺
飲食店,食べる,飲食店営業（一般・その他）,いわき家,35.713894,139.794006,point,浅草二丁目５番１０号,台東区,浅草,1771,台東区 食品衛生営業施設一覧,264,浅草寺
飲食店,食べる,飲食店営業（一般・その他）,和牛ダイニング　ぱんが,35.713928,139.793396,point,浅草二丁目６番７号,台東区,浅草,1716,台東区 食品衛生営業施設一覧,315,浅草寺
飲食店,食べる,飲食店営業（一般・その他）,いづも　浅草横町,35.713928,139.793396,point,浅草二丁目６番７号,台東区,浅草,1716,台東区 食品衛生営業施設一覧,315,浅草寺
飲食店,食べる,飲食店営業（一般・その他）,神戸牛ダイア浅草楽天地店,35.713928,139.793396,point,浅草二丁目６番７号,台東区,浅草,1716,台東区 食品衛生営業施設一覧,315,浅草寺
飲食店,食べる,飲食店営業（一般・その他）,合同会社嵐,35.713928,139.793396,point,浅草二丁目６番７号,台東区,浅草,1716,台東区 食品衛生営業施設一覧,315,浅草寺
飲食店,食べる,飲食店営業（一般・その他）,わらび餅もとこ浅草店,35.714573,139.794113,point,浅草二丁目７番１３号,台東区,浅草,1774,台東区 食品衛生営業施設一覧,239,浅草寺
飲食店,食べる,飲食店営業（一般・その他）,東京カレーパン,35.714573,139.794113,point,浅草二丁目７番１３号,台東区,浅草,1774,台東区 食品衛生営業施設一覧,239,浅草寺
飲食店,食べる,飲食店営業（一般・その他）,浅草製作所,35.714573,139.794113,point,浅草二丁目７番１３号,台東区,浅草,1774,台東区 食品衛生営業施設一覧,239,浅草寺
飲食店,食べる,飲食店営業（一般・その他）,焼き芋専門店　芋やす,35.715122,139.794861,point,浅草二丁目７番２４号,台東区,浅草,1839,台東区 食品衛生営業施設一覧,176,浅草寺
飲食店,食べる,飲食店営業（一般・その他）,鬼屋,35.715122,139.794861,point,浅草二丁目７番２４号,台東区,浅草,1839,台東区 食品衛生営業施設一覧,176,浅草寺
飲食店,食べる,飲食店営業（一般・その他）,ＳＨＩＮ　フーズ,35.714607,139.793274,point,浅草二丁目９番１４号,台東区,浅草,1699,台東区 食品衛生営業施設一覧,314,浅草寺
飲食店,食べる,飲食店営業（一般・その他）,神戸牛ダイア　浅草ドンキホーテ店,35.714094,139.793088,point,浅草二丁目１０番,台東区,浅草,1687,台東区 食品衛生営業施設一覧,338,浅草寺
飲食店,食べる,飲食店営業（一般・その他）,ＴＥＡ　ＴＡＴＡＭＯ　浅草店,35.71368,139.793137,point,浅草二丁目１０番１号,台東区,浅草,1696,台東区 食品衛生営業施設一覧,346,浅草寺
飲食店,食べる,飲食店営業（一般・その他）,浅草相撲部屋,35.714272,139.793243,point,浅草二丁目１０番１２号,台東区,浅草,1699,台東区 食品衛生営業施設一覧,321,浅草寺
飲食店,食べる,飲食店営業（一般・その他）,浅草相撲部屋　ＡＮＮＥＸ,35.714378,139.792709,point,浅草二丁目１１番７号,台東区,浅草,1650,台東区 食品衛生営業施設一覧,367,浅草寺
飲食店,食べる,飲食店営業（一般・その他）,浅草浪花家,35.71492,139.79274,point,浅草二丁目１２番４号,台東区,浅草,1648,台東区 食品衛生営業施設一覧,363,浅草寺
飲食店,食べる,飲食店営業（一般・その他）,花福蝶,35.715927,139.793045,point,浅草二丁目１３番９号,台東区,浅草,1675,台東区 食品衛生営業施設一覧,360,浅草寺
飲食店,食べる,飲食店営業（一般・その他）,なでしこ,35.715569,139.793091,point,浅草二丁目１３番１２号,台東区,浅草,1678,台東区 食品衛生営業施設一覧,344,浅草寺
飲食店,食べる,飲食店営業（一般・その他）,油そば雷神　浅草店,35.715336,139.793472,point,浅草二丁目１４番１号,台東区,浅草,1713,台東区 食品衛生営業施設一覧,304,浅草寺
飲食店,食べる,飲食店営業（一般・その他）,Ｃａｆｅ　Ｒｅｓｔ’Ｃｕｚｎ　Ｈｏｍｅｇｒｏｕｎｄ,35.716049,139.793777,point,浅草二丁目１７番９号,台東区,浅草,1741,台東区 食品衛生営業施設一覧,306,浅草寺
飲食店,食べる,飲食店営業（一般・その他）,Ｌａ　ｃａｓａ　ａｓａｋｕｓａ,35.716198,139.794693,point,浅草二丁目２４番８号,台東区,浅草,1824,台東区 食品衛生営業施設一覧,248,浅草寺
飲食店,食べる,飲食店営業（一般・その他）,ｔａｃｏ４４．,35.716736,139.794098,point,浅草二丁目２６番５号,台東区,浅草,1774,台東区 食品衛生営業施設一覧,328,浅草寺
飲食店,食べる,飲食店営業（一般・その他）,浅草　飴屋,35.715118,139.795242,point,浅草二丁目２９番３号,台東区,浅草,1873,台東区 食品衛生営業施設一覧,143,浅草寺
飲食店,食べる,飲食店営業（一般・その他）,宿六,35.717091,139.794891,point,浅草三丁目９番１０号,台東区,浅草,1848,台東区 食品衛生営業施設一覧,313,浅草寺
飲食店,食べる,飲食店営業（一般・その他）,じゃの目,35.717278,139.793198,point,浅草三丁目１２番１号,台東区,浅草,1698,台東区 食品衛生営業施設一覧,429,浅草寺
飲食店,食べる,飲食店営業（一般・その他）,株式会社　丸千,35.716511,139.797409,point,浅草三丁目２４番１号,台東区,浅草,2071,台東区 食品衛生営業施設一覧,208,浅草寺
飲食店,食べる,飲食店営業（一般・その他）,グリル　グランド,35.717003,139.797531,point,浅草三丁目２４番６号,台東区,浅草,2085,台東区 食品衛生営業施設一覧,263,浅草寺
飲食店,食べる,飲食店営業（一般・その他）,グリル　佐久良,35.717373,139.797089,point,浅草三丁目３２番４号,台東区,浅草,2049,台東区 食品衛生営業施設一覧,297,浅草寺
飲食店,食べる,飲食店営業（一般・その他）,まき田,35.717941,139.797653,point,浅草四丁目６番２号,台東区,浅草,2106,台東区 食品衛生営業施設一覧,367,浅草寺
飲食店,食べる,飲食店営業（一般・その他）,Ｍｒｓ．Ｄａｎｇｅｒ,35.718716,139.7966,point,浅草四丁目４３番３号,台東区,浅草,2025,台東区 食品衛生営業施設一覧,445,浅草寺
飲食店,食べる,飲食店営業（一般・その他）,大門,35.720184,139.79541,point,浅草五丁目１７番１０号,台東区,浅草,1955,台東区 食品衛生営業施設一覧,619,浅草寺
飲食店,食べる,飲食店営業（一般・その他）,ＨＡＴＣＨ,35.715714,139.801666,point,浅草六丁目１番１６号,台東区,浅草,2453,台東区 食品衛生営業施設一覧,457,浅草寺
飲食店,食べる,飲食店営業（一般・その他）,株式会社　野田屋,35.696331,139.784576,point,浅草橋一丁目１番５号,台東区,浅草橋,2328,台東区 食品衛生営業施設一覧,1617,アメヤ横丁
飲食店,食べる,飲食店営業（一般・その他）,三浦屋,35.69648,139.784912,point,浅草橋一丁目１番１０号,台東区,浅草橋,2325,台東区 食品衛生営業施設一覧,1621,アメヤ横丁
飲食店,食べる,飲食店営業（一般・その他）,Ｃａｍｅｌｅｏｎ,35.696869,139.783691,point,浅草橋一丁目５番２号,台東区,浅草橋,2242,台東区 食品衛生営業施設一覧,1523,アメヤ横丁
飲食店,食べる,飲食店営業（一般・その他）,マンホール,35.697418,139.783142,point,浅草橋一丁目１３番６号,台東区,浅草橋,2167,台東区 食品衛生営業施設一覧,1445,アメヤ横丁
飲食店,食べる,飲食店営業（一般・その他）,にっぽんまるごと酒蔵,35.697624,139.78334,point,浅草橋一丁目２４番１号,台東区,浅草橋,2152,台東区 食品衛生営業施設一覧,1436,アメヤ横丁
飲食店,食べる,飲食店営業（一般・その他）,はなまるうどん　浅草橋駅前店,35.697865,139.786301,point,浅草橋一丁目３０番１号,台東区,浅草橋,2241,台東区 食品衛生営業施設一覧,1581,アメヤ横丁
飲食店,食べる,飲食店営業（一般・その他）,竹や,35.698608,139.785492,point,浅草橋一丁目３２番６号,台東区,浅草橋,2134,台東区 食品衛生営業施設一覧,1471,アメヤ横丁
飲食店,食べる,飲食店営業（一般・その他）,フィリ,35.699665,139.784866,point,浅草橋二丁目１５番３号,台東区,浅草橋,2004,台東区 食品衛生営業施設一覧,1347,アメヤ横丁
飲食店,食べる,飲食店営業（一般・その他）,キッチンスペース浅草橋,35.698063,139.781052,point,浅草橋四丁目４番７号,台東区,浅草橋,2038,台東区 食品衛生営業施設一覧,1287,アメヤ横丁
飲食店,食べる,飲食店営業（一般・その他）,Ｃｏｃｔｓ　Ａｋｉｈａｂａｒａ,35.699493,139.781311,point,浅草橋五丁目２番７号,台東区,浅草橋,1894,台東区 食品衛生営業施設一覧,1161,アメヤ横丁
飲食店,食べる,飲食店営業（一般・その他）,おにぎりや　ヤソハチ,35.699772,139.780609,point,浅草橋五丁目５番５号,台東区,浅草橋,1844,台東区 食品衛生営業施設一覧,1102,アメヤ横丁
飲食店,食べる,飲食店営業（一般・その他）,肉の大和,35.701202,139.783447,point,浅草橋五丁目１５番６号,台東区,浅草橋,1793,台東区 食品衛生営業施設一覧,1136,アメヤ横丁
飲食店,食べる,飲食店営業（一般・その他）,東天紅　上野店　４階,35.710407,139.768585,point,池之端一丁目４番１号,台東区,池之端,787,台東区 食品衛生営業施設一覧,575,アメヤ横丁
飲食店,食べる,飲食店営業（一般・その他）,大本東京本部,35.71312,139.768204,point,池之端二丁目１番４４号,台東区,池之端,632,台東区 食品衛生営業施設一覧,532,上野公園
飲食店,食べる,飲食店営業（一般・その他）,ＳＮＡＰ,35.718876,139.804352,point,今戸一丁目２番１０号,台東区,今戸,2720,台東区 食品衛生営業施設一覧,827,浅草寺
飲食店,食べる,飲食店営業（一般・その他）,有限会社　川上酒店,35.720428,139.786011,point,入谷一丁目１５番９号,台東区,入谷,1170,台東区 食品衛生営業施設一覧,1159,浅草寺
飲食店,食べる,飲食店営業（一般・その他）,石窯パン工房　グーテルブレ,35.72102,139.785477,point,入谷一丁目１８番１０号,台東区,入谷,1160,台東区 食品衛生営業施設一覧,1236,浅草寺
飲食店,食べる,飲食店営業（一般・その他）,ＴＨＩＳ　ＢＲＥＷＩＮＧ,35.705414,139.770874,point,上野一丁目３番７号,台東区,上野,1179,台東区 食品衛生営業施設一覧,452,アメヤ横丁
飲食店,食べる,飲食店営業（一般・その他）,コロコロ堂,35.705914,139.771011,point,上野一丁目９番３号,台東区,上野,1122,台東区 食品衛生営業施設一覧,405,アメヤ横丁
飲食店,食べる,飲食店営業（一般・その他）,ジャズクラブ　アリエス,35.708767,139.772034,point,上野二丁目４番８号,台東区,上野,792,台東区 食品衛生営業施設一覧,220,アメヤ横丁
飲食店,食べる,飲食店営業（一般・その他）,ＳＴＥＡＫ　ＤＩＮＩＮＧ　鷹,35.70874,139.77211,point,上野二丁目５番３号,台東区,上野,793,台東区 食品衛生営業施設一覧,212,アメヤ横丁
飲食店,食べる,飲食店営業（一般・その他）,ステーキハウス　ゲイン,35.709171,139.772705,point,上野二丁目８番９号,台東区,上野,733,台東区 食品衛生営業施設一覧,181,アメヤ横丁
飲食店,食べる,飲食店営業（一般・その他）,洋食　黒船亭,35.709946,139.77327,point,上野二丁目１３番１３号,台東区,上野,638,台東区 食品衛生営業施設一覧,210,アメヤ横丁
飲食店,食べる,飲食店営業（一般・その他）,洋食割烹くろふね亭,35.709946,139.77327,point,上野二丁目１３番１３号,台東区,上野,638,台東区 食品衛生営業施設一覧,210,アメヤ横丁
飲食店,食べる,飲食店営業（一般・その他）,上野の森スモークダイニングＧＡＧＡ,35.711128,139.773148,point,上野二丁目１４番２７号,台東区,上野,512,台東区 食品衛生営業施設一覧,334,アメヤ横丁
飲食店,食べる,飲食店営業（一般・その他）,ＧＲＡＣＥ　ＢＡＬＩ上野,35.710747,139.773224,point,上野二丁目１４番３０号,台東区,上野,552,台東区 食品衛生営業施設一覧,292,アメヤ横丁
飲食店,食べる,飲食店営業（一般・その他）,洋食バル　０１４１,35.704803,139.77327,point,上野三丁目７番５号,台東区,上野,1206,台東区 食品衛生営業施設一覧,402,アメヤ横丁
飲食店,食べる,飲食店営業（一般・その他）,伝説のすた丼屋　御徒町店,35.705944,139.774109,point,上野三丁目２０番７号,台東区,上野,1074,台東区 食品衛生営業施設一覧,263,アメヤ横丁
飲食店,食べる,飲食店営業（一般・その他）,Ｌｅ　ｇｌｏｕｔｏｎ,35.706425,139.773483,point,上野三丁目２２番４号,台東区,上野,1024,台東区 食品衛生営業施設一覧,224,アメヤ横丁
飲食店,食べる,飲食店営業（一般・その他）,ローストビーフとステーキ　ＹＯＳＨＩＭＩ,35.70697,139.772964,point,上野三丁目２４番６号,台東区,上野,970,台東区 食品衛生営業施設一覧,197,アメヤ横丁
飲食店,食べる,飲食店営業（一般・その他）,８ＴＨ　ＳＥＡ　ＯＹＳＴＥＲ　Ｂａｒ　パルコヤ上野店,35.70697,139.772964,point,上野三丁目２４番６号,台東区,上野,970,台東区 食品衛生営業施設一覧,197,アメヤ横丁
飲食店,食べる,飲食店営業（一般・その他）,松坂屋　上野店,35.707516,139.773193,point,上野三丁目２９番５号,台東区,上野,907,台東区 食品衛生営業施設一覧,140,アメヤ横丁
飲食店,食べる,飲食店営業（一般・その他）,松坂屋　上野店（催事場）,35.707516,139.773193,point,上野三丁目２９番５号,台東区,上野,907,台東区 食品衛生営業施設一覧,140,アメヤ横丁
飲食店,食べる,飲食店営業（一般・その他）,肉めし　岡もと　御徒町店,35.707973,139.774307,point,上野四丁目１番２号,台東区,上野,848,台東区 食品衛生営業施設一覧,37,アメヤ横丁
飲食店,食べる,飲食店営業（一般・その他）,かのう家,35.708054,139.7742,point,上野四丁目１番３号,台東区,上野,840,台東区 食品衛生営業施設一覧,33,アメヤ横丁
飲食店,食べる,飲食店営業（一般・その他）,ＧＯＬＦ　ＰＡＲＫ　Ｆａｒａｗａｙ,35.708492,139.773987,point,上野四丁目２番６号,台東区,上野,792,台東区 食品衛生営業施設一覧,43,アメヤ横丁
飲食店,食べる,飲食店営業（一般・その他）,宝島２４御徒町店,35.708252,139.773819,point,上野四丁目３番９号,台東区,上野,819,台東区 食品衛生営業施設一覧,53,アメヤ横丁
飲食店,食べる,飲食店営業（一般・その他）,有限会社　文久堂,35.708065,139.773499,point,上野四丁目４番１号,台東区,上野,843,台東区 食品衛生営業施設一覧,85,アメヤ横丁
飲食店,食べる,飲食店営業（一般・その他）,想夫恋　上野店,35.70895,139.774155,point,上野四丁目６番７号,台東区,上野,740,台東区 食品衛生営業施設一覧,76,アメヤ横丁
飲食店,食べる,飲食店営業（一般・その他）,ＭＵＳＨＩ－ＹＡ,35.709705,139.774414,point,上野四丁目７番８号,台東区,上野,656,台東区 食品衛生営業施設一覧,156,アメヤ横丁
飲食店,食べる,飲食店営業（一般・その他）,松屋　上野店,35.710049,139.773804,point,上野四丁目９番５号,台東区,上野,620,台東区 食品衛生営業施設一覧,202,アメヤ横丁
飲食店,食べる,飲食店営業（一般・その他）,バグース　上野店,35.710175,139.773865,point,上野四丁目９番６号,台東区,上野,606,台東区 食品衛生営業施設一覧,214,アメヤ横丁
飲食店,食べる,飲食店営業（一般・その他）,丸亀製麺上野中央通り店,35.710175,139.773865,point,上野四丁目９番６号,台東区,上野,606,台東区 食品衛生営業施設一覧,214,アメヤ横丁
飲食店,食べる,飲食店営業（一般・その他）,創作空間ｃａｆ?アトリエ×プレイフルマインドカフェ,35.703659,139.774353,point,上野五丁目９番２０号,台東区,上野,1328,台東区 食品衛生営業施設一覧,516,アメヤ横丁
飲食店,食べる,飲食店営業（一般・その他）,とりジンジャー,35.705879,139.775024,point,上野五丁目１９番６号,台東区,上野,1082,台東区 食品衛生営業施設一覧,275,アメヤ横丁
飲食店,食べる,飲食店営業（一般・その他）,レモネード東京アメ横店,35.708004,139.775314,point,上野六丁目３番１５号,台東区,上野,848,台東区 食品衛生営業施設一覧,89,アメヤ横丁
飲食店,食べる,飲食店営業（一般・その他）,たこ焼　なんちゃん,35.708969,139.775543,point,上野六丁目８番２号,台東区,上野,743,台東区 食品衛生営業施設一覧,127,アメヤ横丁
飲食店,食べる,飲食店営業（一般・その他）,赤から　上野駅前店,35.710197,139.77565,point,上野六丁目８番１３号,台東区,上野,610,台東区 食品衛生営業施設一覧,239,アメヤ横丁
飲食店,食べる,飲食店営業（一般・その他）,名代秘伝の味　大阪じゅげむ　上野御徒町店,35.709724,139.775284,point,上野六丁目９番１号,台東区,上野,657,台東区 食品衛生営業施設一覧,177,アメヤ横丁
飲食店,食べる,飲食店営業（一般・その他）,レストラン・じゅらく,35.711468,139.774734,point,上野六丁目１１番１１号,台東区,上野,460,台東区 食品衛生営業施設一覧,354,アメヤ横丁
飲食店,食べる,飲食店営業（一般・その他）,シナボン,35.710232,139.775787,point,上野六丁目１５番１号,台東区,上野,608,台東区 食品衛生営業施設一覧,249,アメヤ横丁
飲食店,食べる,飲食店営業（一般・その他）,ふるーつ飴と幸せな僕,35.710232,139.775787,point,上野六丁目１５番１号,台東区,上野,608,台東区 食品衛生営業施設一覧,249,アメヤ横丁
飲食店,食べる,飲食店営業（一般・その他）,ザ・ガーデン　自由が丘　上野店,35.713696,139.776917,point,上野七丁目１番１号,台東区,上野,304,台東区 食品衛生営業施設一覧,369,上野公園
飲食店,食べる,飲食店営業（一般・その他）,ＧＲＩＬＬ１９３０　つばめグリル,35.713696,139.776917,point,上野七丁目１番１号,台東区,上野,304,台東区 食品衛生営業施設一覧,369,上野公園
飲食店,食べる,飲食店営業（一般・その他）,ＴＲＡＩＮ　ＳＵＩＴＥ　四季島キッチン,35.713696,139.776917,point,上野七丁目１番１号,台東区,上野,304,台東区 食品衛生営業施設一覧,369,上野公園
飲食店,食べる,飲食店営業（一般・その他）,エキュート上野　共同厨房１５,35.713696,139.776917,point,上野七丁目１番１号,台東区,上野,304,台東区 食品衛生営業施設一覧,369,上野公園
飲食店,食べる,飲食店営業（一般・その他）,Ｂｅｎ’ｓ　Ｃｏｏｋｉｅｓ　ｅｃｕｔｅ上野店,35.713696,139.776917,point,上野七丁目１番１号,台東区,上野,304,台東区 食品衛生営業施設一覧,369,上野公園
飲食店,食べる,飲食店営業（一般・その他）,キィニョン上野店　後方厨房,35.713696,139.776917,point,上野七丁目１番１号,台東区,上野,304,台東区 食品衛生営業施設一覧,369,上野公園
飲食店,食べる,飲食店営業（一般・その他）,北欧,35.713093,139.777985,point,上野七丁目２番１６号,台東区,上野,420,台東区 食品衛生営業施設一覧,486,上野公園
飲食店,食べる,飲食店営業（一般・その他）,野家　上野駅前店,35.71236,139.777695,point,上野七丁目３番２号,台東区,上野,462,台東区 食品衛生営業施設一覧,513,上野公園
飲食店,食べる,飲食店営業（一般・その他）,肉めし　かとう,35.713055,139.778473,point,上野七丁目５番８号,台東区,上野,457,台東区 食品衛生営業施設一覧,526,上野公園
飲食店,食べる,飲食店営業（一般・その他）,さるやまキッチン,35.715878,139.772903,point,上野公園９番８３号,台東区,上野公園,147,台東区 食品衛生営業施設一覧,71,上野公園
飲食店,食べる,飲食店営業（一般・その他）,ホテルオークラレストラン　ゆりの木,35.717556,139.775543,point,上野公園１３番９号,台東区,上野公園,237,台東区 食品衛生営業施設一覧,310,上野公園
飲食店,食べる,飲食店営業（一般・その他）,豚勝　じゅうろく,35.710316,139.792572,point,雷門一丁目５番１１号,台東区,雷門,1734,台東区 食品衛生営業施設一覧,377,雷門
飲食店,食べる,飲食店営業（一般・その他）,ステーキ鉄板焼　裕,35.710575,139.794235,point,雷門一丁目１２番８号,台東区,雷門,1867,台東区 食品衛生営業施設一覧,224,雷門
飲食店,食べる,飲食店営業（一般・その他）,いきなりステーキ　浅草雷門店,35.711117,139.793655,point,雷門一丁目１４番６号,台東区,雷門,1800,台東区 食品衛生営業施設一覧,277,雷門
飲食店,食べる,飲食店営業（一般・その他）,船宿あみ清,35.70945,139.797241,point,雷門二丁目１番１２号,台東区,雷門,2164,台東区 食品衛生営業施設一覧,158,雷門
飲食店,食べる,飲食店営業（一般・その他）,（株）あみ清,35.70945,139.797241,point,雷門二丁目１番１２号,台東区,雷門,2164,台東区 食品衛生営業施設一覧,158,雷門
飲食店,食べる,飲食店営業（一般・その他）,黒毛和牛　壱乃屋　浅草雷門,35.70945,139.797241,point,雷門二丁目１番１３号,台東区,雷門,2164,台東区 食品衛生営業施設一覧,158,雷門
飲食店,食べる,飲食店営業（一般・その他）,ステーキ　とみい,35.709202,139.795929,point,雷門二丁目４番９号,台東区,雷門,2061,台東区 食品衛生営業施設一覧,191,雷門
飲食店,食べる,飲食店営業（一般・その他）,Ｓｕｓｈｉ　Ｍａｋｉｎｇ　Ｔｏｋｙｏ,35.71085,139.795731,point,雷門二丁目１７番９号,台東区,雷門,1988,台東区 食品衛生営業施設一覧,88,雷門
飲食店,食べる,飲食店営業（一般・その他）,デニーズ浅草雷門店,35.710464,139.796387,point,雷門二丁目１８番７号,台東区,雷門,2057,台東区 食品衛生営業施設一覧,47,雷門
飲食店,食べる,飲食店営業（一般・その他）,おいもやさん　興伸,35.710697,139.79689,point,雷門二丁目１８番１２号,台東区,雷門,2094,台東区 食品衛生営業施設一覧,21,雷門
飲食店,食べる,飲食店営業（一般・その他）,浅草　粋斬舞,35.71059,139.797363,point,雷門二丁目１９番１２号,台東区,雷門,2138,台東区 食品衛生営業施設一覧,64,雷門
飲食店,食べる,飲食店営業（一般・その他）,松屋　入谷店,35.719444,139.784729,point,北上野二丁目３１番６号,台東区,北上野,1018,台東区 食品衛生営業施設一覧,1118,上野公園
飲食店,食べる,飲食店営業（一般・その他）,㈱　アクア・なごみ,35.701435,139.790131,point,蔵前一丁目３番２５号,台東区,蔵前,2115,台東区 食品衛生営業施設一覧,1198,雷門
飲食店,食べる,飲食店営業（一般・その他）,エスプールラウンジ,35.703846,139.793076,point,蔵前二丁目１４番２号,台東区,蔵前,2126,台東区 食品衛生営業施設一覧,840,雷門
飲食店,食べる,飲食店営業（一般・その他）,ＧＯＮＩＡ　ＫＵＲＡＭＡＥ,35.702888,139.790222,point,蔵前三丁目１番１号,台東区,蔵前,2003,台東区 食品衛生営業施設一覧,1056,雷門
飲食店,食べる,飲食店営業（一般・その他）,さんかく食堂,35.703793,139.790909,point,蔵前三丁目４番６号,台東区,蔵前,1980,台東区 食品衛生営業施設一覧,938,雷門
飲食店,食べる,飲食店営業（一般・その他）,アンビカベジ＆ヴィーガンショップ蔵前,35.705322,139.79129,point,蔵前三丁目１９番２号,台東区,蔵前,1898,台東区 食品衛生営業施設一覧,781,雷門
飲食店,食べる,飲食店営業（一般・その他）,Ｃａｆ?，＆　ＢＡＲ　Ｇｒｉｌｌ　ＭＡＮＵＫＡ,35.705441,139.791656,point,蔵前三丁目１９番１０号,台東区,蔵前,1917,台東区 食品衛生営業施設一覧,750,雷門
飲食店,食べる,飲食店営業（一般・その他）,株式会社蛇善,35.701786,139.788712,point,蔵前四丁目１番２号,台東区,蔵前,2002,台東区 食品衛生営業施設一覧,1235,雷門
飲食店,食べる,飲食店営業（一般・その他）,双葉食品株式会社　ＫＡＫＵＵＣＨＩ　ＣＡＦＥ　ＦＵＴＡＢＡ,35.705719,139.788147,point,蔵前四丁目３７番４号,台東区,蔵前,1651,台東区 食品衛生営業施設一覧,957,雷門
飲食店,食べる,飲食店営業（一般・その他）,Ｔｈｉｓ　肉バル,35.709629,139.790878,point,寿二丁目１０番１１号,台東区,寿,1621,台東区 食品衛生営業施設一覧,542,雷門
飲食店,食べる,飲食店営業（一般・その他）,ＫＡＮＥＪＩＮ　ＦＩＳＨ＆ＣＨＩＰＳ,35.706394,139.791489,point,寿三丁目７番９号,台東区,寿,1844,台東区 食品衛生営業施設一覧,679,雷門
飲食店,食べる,飲食店営業（一般・その他）,浅草　寿　まめむすび,35.707123,139.792358,point,寿三丁目１７番１号,台東区,寿,1868,台東区 食品衛生営業施設一覧,566,雷門
飲食店,食べる,飲食店営業（一般・その他）,駒形町　伊東屋,35.708153,139.794647,point,駒形一丁目９番１号,台東区,駒形,1999,台東区 食品衛生営業施設一覧,348,雷門
飲食店,食べる,飲食店営業（一般・その他）,トーセイホテルココネ珈琲館　浅草蔵前店,35.705269,139.79361,point,駒形二丁目３番３号,台東区,駒形,2073,台東区 食品衛生営業施設一覧,675,雷門
飲食店,食べる,飲食店営業（一般・その他）,ハンバーグの店　ベア,35.705383,139.793655,point,駒形二丁目３番４号,台東区,駒形,2069,台東区 食品衛生営業施設一覧,662,雷門
飲食店,食べる,飲食店営業（一般・その他）,Ｅｎｏｔｅｃａ　ｌａ　Ｒｏｃｃｉａ,35.70631,139.794891,point,駒形二丁目５番１号,台東区,駒形,2111,台東区 食品衛生営業施設一覧,525,雷門
飲食店,食べる,飲食店営業（一般・その他）,ハクセキ,35.719757,139.783279,point,下谷一丁目１１番７号,台東区,下谷,918,台東区 食品衛生営業施設一覧,1016,上野公園
飲食店,食べる,飲食店営業（一般・その他）,チーズ谷,35.720284,139.78302,point,下谷二丁目３番１号,台東区,下谷,929,台東区 食品衛生営業施設一覧,1025,上野公園
飲食店,食べる,飲食店営業（一般・その他）,サウナセンター,35.720989,139.781769,point,下谷二丁目４番７号,台東区,下谷,889,台東区 食品衛生営業施設一覧,980,上野公園
飲食店,食べる,飲食店営業（一般・その他）,さけ処　川セ美,35.722305,139.785553,point,下谷二丁目２４番１１号,台東区,下谷,1246,台東区 食品衛生営業施設一覧,1316,浅草寺
飲食店,食べる,飲食店営業（一般・その他）,レストラン　兜,35.727833,139.78949,point,下谷三丁目２０番１０号,台東区,下谷,1919,台東区 食品衛生営業施設一覧,1599,浅草寺
飲食店,食べる,飲食店営業（一般・その他）,Ｂｒｕｎｃｈ　Ｍｉｏ,35.718937,139.789993,point,千束一丁目１０番５号,台東区,千束,1447,台東区 食品衛生営業施設一覧,769,浅草寺
飲食店,食べる,飲食店営業（一般・その他）,西ノ陣　浅草店,35.721027,139.793594,point,千束三丁目４番１３号,台東区,千束,1826,台東区 食品衛生営業施設一覧,757,浅草寺
飲食店,食べる,飲食店営業（一般・その他）,オーエムカフェ＆キッチン,35.700718,139.778702,point,台東一丁目５番２６号,台東区,台東,1698,台東区 食品衛生営業施設一覧,928,アメヤ横丁
飲食店,食べる,飲食店営業（一般・その他）,うどん　伝次,35.701897,139.780746,point,台東一丁目３８番９号,台東区,台東,1625,台東区 食品衛生営業施設一覧,914,アメヤ横丁
飲食店,食べる,飲食店営業（一般・その他）,藤本商店,35.704582,139.778641,point,台東三丁目８番９号,台東区,台東,1281,台東区 食品衛生営業施設一覧,564,アメヤ横丁
飲食店,食べる,飲食店営業（一般・その他）,葡蔵人　～Ｂｏｏｋ　Ｒｏａｄ～,35.705074,139.777084,point,台東三丁目４０番２号,台東区,台東,1193,台東区 食品衛生営業施設一覧,433,アメヤ横丁
飲食店,食べる,飲食店営業（一般・その他）,リカーアンドスター,35.70533,139.777344,point,台東三丁目４０番１０号,台東区,台東,1170,台東区 食品衛生営業施設一覧,424,アメヤ横丁
飲食店,食べる,飲食店営業（一般・その他）,サミットストア御徒町ＴＡＫＥＹＡ１店（フレッシュサラダ、カットフルーツ作業場）,35.706573,139.776855,point,台東四丁目１２番１号,台東区,台東,1026,台東区 食品衛生営業施設一覧,293,アメヤ横丁
飲食店,食べる,飲食店営業（一般・その他）,サミットストア御徒町ＴＡＫＥＹＡ１店（総菜作業場、寿司作業場）,35.706573,139.776855,point,台東四丁目１２番１号,台東区,台東,1026,台東区 食品衛生営業施設一覧,293,アメヤ横丁
飲食店,食べる,飲食店営業（一般・その他）,ＯＴＥＭＯＴＯ,35.702621,139.78212,point,鳥越一丁目１１番３号,台東区,鳥越,1599,台東区 食品衛生営業施設一覧,941,アメヤ横丁
飲食店,食べる,飲食店営業（一般・その他）,井戸端ダイニング勝虫,35.703167,139.78186,point,鳥越一丁目２３番１号,台東区,鳥越,1534,台東区 食品衛生営業施設一覧,883,アメヤ横丁
飲食店,食べる,飲食店営業（一般・その他）,株式会社　ココスナカムラ　鳥越店,35.703014,139.782913,point,鳥越一丁目２５番３号,台東区,鳥越,1592,台東区 食品衛生営業施設一覧,968,アメヤ横丁
飲食店,食べる,飲食店営業（一般・その他）,伊勢宇本店,35.703472,139.783585,point,鳥越一丁目２９番５号,台東区,鳥越,1578,台東区 食品衛生営業施設一覧,988,アメヤ横丁
飲食店,食べる,飲食店営業（一般・その他）,下町大衆居酒屋　浅草伝一郎,35.710526,139.791306,point,西浅草一丁目１番１３号,台東区,西浅草,1619,台東区 食品衛生営業施設一覧,488,雷門
飲食店,食べる,飲食店営業（一般・その他）,釜めし　かづ,35.711086,139.790802,point,西浅草一丁目６番１６号,台東区,西浅草,1555,台東区 食品衛生営業施設一覧,531,仲見世通り
飲食店,食べる,飲食店営業（一般・その他）,ミスタードーナッツ　浅草店,35.711197,139.791733,point,西浅草一丁目７番１６号,台東区,西浅草,1631,台東区 食品衛生営業施設一覧,446,仲見世通り
飲食店,食べる,飲食店営業（一般・その他）,松竹圓カフェ,35.713028,139.789169,point,西浅草二丁目７番６号,台東区,西浅草,1355,台東区 食品衛生営業施設一覧,683,仲見世通り
飲食店,食べる,飲食店営業（一般・その他）,ｍａｒｕ浅草,35.712185,139.791351,point,西浅草二丁目１２番２号,台東区,西浅草,1568,台東区 食品衛生営業施設一覧,475,仲見世通り
飲食店,食べる,飲食店営業（一般・その他）,すてえき屋　すきずき,35.712635,139.791595,point,西浅草二丁目１２番８号,台東区,西浅草,1578,台東区 食品衛生営業施設一覧,459,仲見世通り
飲食店,食べる,飲食店営業（一般・その他）,うどん家　八重桜　浅草店,35.712967,139.792068,point,西浅草二丁目１４番１６号,台東区,西浅草,1613,台東区 食品衛生営業施設一覧,426,仲見世通り
飲食店,食べる,飲食店営業（一般・その他）,Ｗａｚｎ,35.713516,139.790833,point,西浅草二丁目１６番９号,台東区,西浅草,1493,台東区 食品衛生営業施設一覧,551,浅草寺
飲食店,食べる,飲食店営業（一般・その他）,茶御飯東京,35.713104,139.790344,point,西浅草二丁目１７番１３号,台東区,西浅草,1457,台東区 食品衛生営業施設一覧,580,仲見世通り
飲食店,食べる,飲食店営業（一般・その他）,かっぱ焼きそば　喜八,35.714024,139.789917,point,西浅草二丁目２３番４号,台東区,西浅草,1403,台東区 食品衛生営業施設一覧,622,浅草寺
飲食店,食べる,飲食店営業（一般・その他）,有限会社　八千代堂,35.714138,139.790298,point,西浅草二丁目２３番１０号,台東区,西浅草,1436,台東区 食品衛生営業施設一覧,586,浅草寺
飲食店,食べる,飲食店営業（一般・その他）,出町久屋,35.714069,139.790695,point,西浅草二丁目２５番９号,台東区,西浅草,1472,台東区 食品衛生営業施設一覧,551,浅草寺
飲食店,食べる,飲食店営業（一般・その他）,とろぞう浅草店,35.71394,139.791367,point,西浅草二丁目２５番１３号,台東区,西浅草,1534,台東区 食品衛生営業施設一覧,494,浅草寺
飲食店,食べる,飲食店営業（一般・その他）,どぜう飯田屋,35.714008,139.791565,point,西浅草三丁目３番２号,台東区,西浅草,1551,台東区 食品衛生営業施設一覧,475,浅草寺
飲食店,食べる,飲食店営業（一般・その他）,浅草ビューホテル　武蔵,35.715073,139.792282,point,西浅草三丁目１７番１号,台東区,西浅草,1606,台東区 食品衛生営業施設一覧,405,浅草寺
飲食店,食べる,飲食店営業（一般・その他）,浅草ビューホテル　フィットネスセンターザ・クラブ,35.715073,139.792282,point,西浅草三丁目１７番１号,台東区,西浅草,1606,台東区 食品衛生営業施設一覧,405,浅草寺
飲食店,食べる,飲食店営業（一般・その他）,むすびまつ葉,35.715824,139.790909,point,西浅草三丁目２０番７号,台東区,西浅草,1482,台東区 食品衛生営業施設一覧,541,浅草寺
飲食店,食べる,飲食店営業（一般・その他）,気ままなキッチン,35.715626,139.789627,point,西浅草三丁目２３番１号,台東区,西浅草,1366,台東区 食品衛生営業施設一覧,651,浅草寺
飲食店,食べる,飲食店営業（一般・その他）,チキンプレイスロティサリーズ　合羽橋,35.716522,139.789627,point,西浅草三丁目２４番１２号,台東区,西浅草,1370,台東区 食品衛生営業施設一覧,674,浅草寺
飲食店,食べる,飲食店営業（一般・その他）,湯どんぶり　　栄湯,35.725365,139.798645,point,日本堤一丁目４番５号,台東区,日本堤,2435,台東区 食品衛生営業施設一覧,1196,浅草寺
飲食店,食べる,飲食店営業（一般・その他）,あつみや別館,35.726269,139.799881,point,日本堤一丁目２１番１号,台東区,日本堤,2580,台東区 食品衛生営業施設一覧,1315,浅草寺
飲食店,食べる,飲食店営業（一般・その他）,堀井ベーカリー,35.726688,139.797287,point,日本堤一丁目３５番８号,台東区,日本堤,2398,台東区 食品衛生営業施設一覧,1332,浅草寺
飲食店,食べる,飲食店営業（一般・その他）,東京キネマ倶楽部,35.72076,139.78006,point,根岸一丁目１番１４号,台東区,根岸,762,台東区 食品衛生営業施設一覧,848,上野公園
飲食店,食べる,飲食店営業（一般・その他）,から揚げの天才　うぐいす谷店,35.720615,139.781113,point,根岸一丁目１番２４号,台東区,根岸,817,台東区 食品衛生営業施設一覧,908,上野公園
飲食店,食べる,飲食店営業（一般・その他）,おにぎり?一,35.722645,139.778778,point,根岸一丁目６番１４号,台東区,根岸,873,台東区 食品衛生営業施設一覧,943,上野公園
飲食店,食べる,飲食店営業（一般・その他）,グリーンプラス鶯谷店,35.724598,139.777176,point,根岸二丁目１２番５号,台東区,根岸,1029,台東区 食品衛生営業施設一覧,1080,上野公園
飲食店,食べる,飲食店営業（一般・その他）,伊太利麺　世茂利奈,35.724022,139.77832,point,根岸二丁目１５番７号,台東区,根岸,998,台東区 食品衛生営業施設一覧,1059,上野公園
飲食店,食べる,飲食店営業（一般・その他）,レストラン　Ｑ,35.722237,139.779999,point,根岸三丁目６番３号,台東区,根岸,889,台東区 食品衛生営業施設一覧,968,上野公園
飲食店,食べる,飲食店営業（一般・その他）,Ｈａｐｐｙ　Ｄｉｎｅｒ　Ｔｏｋｙｏ,35.724419,139.783005,point,根岸三丁目１８番１４号,台東区,根岸,1245,台東区 食品衛生営業施設一覧,1327,上野公園
飲食店,食べる,飲食店営業（一般・その他）,ＨＡＴＯＫＡＩ,35.729538,139.791077,point,根岸五丁目１９番８号,台東区,根岸,2154,台東区 食品衛生営業施設一覧,1725,浅草寺
飲食店,食べる,飲食店営業（一般・その他）,オーケー橋場店,35.723972,139.807648,point,橋場一丁目１番１５号,台東区,橋場,3134,台東区 食品衛生営業施設一覧,1423,浅草寺
飲食店,食べる,飲食店営業（一般・その他）,ジュビリー,35.710674,139.798401,point,花川戸一丁目１番１号,台東区,花川戸,2226,台東区 食品衛生営業施設一覧,154,雷門
飲食店,食べる,飲食店営業（一般・その他）,ヒミコ,35.710674,139.798401,point,花川戸一丁目１番１号,台東区,花川戸,2226,台東区 食品衛生営業施設一覧,154,雷門
飲食店,食べる,飲食店営業（一般・その他）,竜馬,35.710674,139.798401,point,花川戸一丁目１番１号,台東区,花川戸,2226,台東区 食品衛生営業施設一覧,154,雷門
飲食店,食べる,飲食店営業（一般・その他）,エメラルダス,35.710674,139.798401,point,花川戸一丁目１番１号,台東区,花川戸,2226,台東区 食品衛生営業施設一覧,154,雷門
飲食店,食べる,飲食店営業（一般・その他）,牛光　浅草店,35.711567,139.798523,point,花川戸一丁目２番８号,台東区,花川戸,2215,台東区 食品衛生営業施設一覧,178,仲見世通り
飲食店,食べる,飲食店営業（一般・その他）,鶴亀屋　浅草ＥＫＩＭＩＳＥ,35.71122,139.797836,point,花川戸一丁目４番１号,台東区,花川戸,2162,台東区 食品衛生営業施設一覧,113,雷門
飲食店,食べる,飲食店営業（一般・その他）,東武トップツアーズ株式会社　ＴＩＣ東武（Ｎ１０２）,35.71122,139.797836,point,花川戸一丁目４番１号,台東区,花川戸,2162,台東区 食品衛生営業施設一覧,113,雷門
飲食店,食べる,飲食店営業（一般・その他）,東武トップツアーズ株式会社　ＴＩＣ東武（Ｎ１０１）,35.71122,139.797836,point,花川戸一丁目４番１号,台東区,花川戸,2162,台東区 食品衛生営業施設一覧,113,雷門
飲食店,食べる,飲食店営業（一般・その他）,東武トップツアーズ株式会社　ＴＩＣ東武（Ｎ１０３）,35.71122,139.797836,point,花川戸一丁目４番１号,台東区,花川戸,2162,台東区 食品衛生営業施設一覧,113,雷門
飲食店,食べる,飲食店営業（一般・その他）,東武トップツアーズ株式会社　ＴＩＣ東武（Ｎ１０４）,35.71122,139.797836,point,花川戸一丁目４番１号,台東区,花川戸,2162,台東区 食品衛生営業施設一覧,113,雷門
飲食店,食べる,飲食店営業（一般・その他）,吉野家　浅草駅前店,35.712048,139.797913,point,花川戸一丁目５番２号,台東区,花川戸,2150,台東区 食品衛生営業施設一覧,120,仲見世通り
飲食店,食べる,飲食店営業（一般・その他）,寿司と抹茶,35.71257,139.799103,point,花川戸一丁目１０番１６号,台東区,花川戸,2247,台東区 食品衛生営業施設一覧,238,仲見世通り
飲食店,食べる,飲食店営業（一般・その他）,あつみや,35.726009,139.800659,point,東浅草二丁目１８番７号,台東区,東浅草,2630,台東区 食品衛生営業施設一覧,1304,浅草寺
飲食店,食べる,飲食店営業（一般・その他）,カフェ２２２５,35.724915,139.799728,point,東浅草二丁目２２番５号,台東区,東浅草,2502,台東区 食品衛生営業施設一覧,1165,浅草寺
飲食店,食べる,飲食店営業（一般・その他）,沖縄ダイニング　和海　ＮＡＧＯＭＩ,35.70882,139.778564,point,東上野一丁目２０番８号,台東区,東上野,838,台東区 食品衛生営業施設一覧,380,アメヤ横丁
飲食店,食べる,飲食店営業（一般・その他）,オーラム,35.708012,139.781189,point,東上野一丁目２６番２号,台東区,東上野,1038,台東区 食品衛生営業施設一覧,614,アメヤ横丁
飲食店,食べる,飲食店営業（一般・その他）,ティンパニ,35.708645,139.78067,point,東上野一丁目２７番９号,台東区,東上野,953,台東区 食品衛生営業施設一覧,567,アメヤ横丁
飲食店,食べる,飲食店営業（一般・その他）,上野肉店,35.709404,139.777267,point,東上野二丁目１５番４号,台東区,東上野,733,台東区 食品衛生営業施設一覧,286,アメヤ横丁
飲食店,食べる,飲食店営業（一般・その他）,共栄　作業場,35.70953,139.777267,point,東上野二丁目１５番５号,台東区,東上野,720,台東区 食品衛生営業施設一覧,293,アメヤ横丁
飲食店,食べる,飲食店営業（一般・その他）,ウエノチキン,35.70953,139.777267,point,東上野二丁目１５番５号,台東区,東上野,720,台東区 食品衛生営業施設一覧,293,アメヤ横丁
飲食店,食べる,飲食店営業（一般・その他）,オリジナル　アラビアンサンド,35.70953,139.777267,point,東上野二丁目１５番５号,台東区,東上野,720,台東区 食品衛生営業施設一覧,293,アメヤ横丁
飲食店,食べる,飲食店営業（一般・その他）,ファミリーマート　東上野車坂通り店,35.710136,139.779144,point,東上野三丁目１３番１号,台東区,東上野,738,台東区 食品衛生営業施設一覧,474,アメヤ横丁
飲食店,食べる,飲食店営業（一般・その他）,エブリィスウィング,35.71051,139.778641,point,東上野三丁目１５番１４号,台東区,東上野,678,台東区 食品衛生営業施設一覧,455,アメヤ横丁
飲食店,食べる,飲食店営業（一般・その他）,上野音横丁,35.710682,139.77774,point,東上野三丁目１６番３号,台東区,東上野,620,台東区 食品衛生営業施設一覧,401,アメヤ横丁
飲食店,食べる,飲食店営業（一般・その他）,株式会社　村上スッポン本舗,35.712048,139.779388,point,東上野四丁目２番２号,台東区,東上野,592,台東区 食品衛生営業施設一覧,614,アメヤ横丁
飲食店,食べる,飲食店営業（一般・その他）,ひまわり,35.713379,139.779861,point,東上野四丁目７番１２号,台東区,東上野,543,台東区 食品衛生営業施設一覧,624,上野公園
飲食店,食べる,飲食店営業（一般・その他）,Ｃａｆｅ　ｂｒａｓｓｅｒｉｅ　Ｌｕｄｉｑｕｅ,35.713406,139.780518,point,東上野四丁目１５番７号,台東区,東上野,596,台東区 食品衛生営業施設一覧,679,上野公園
飲食店,食べる,飲食店営業（一般・その他）,鉄板焼　天神,35.713047,139.781372,point,東上野五丁目７番２号,台東区,東上野,682,台東区 食品衛生営業施設一覧,765,上野公園
飲食店,食べる,飲食店営業（一般・その他）,アイマール　上野店,35.713116,139.781662,point,東上野五丁目７番１０号,台東区,東上野,703,台東区 食品衛生営業施設一覧,787,上野公園
飲食店,食べる,飲食店営業（一般・その他）,藤よし,35.715427,139.782822,point,東上野五丁目２４番１０号,台東区,東上野,752,台東区 食品衛生営業施設一覧,851,上野公園
飲食店,食べる,飲食店営業（一般・その他）,サウナセンター稲荷町,35.711742,139.783142,point,東上野六丁目２番８号,台東区,東上野,890,台東区 食品衛生営業施設一覧,877,アメヤ横丁
飲食店,食べる,飲食店営業（一般・その他）,改栄湯,35.729908,139.794266,point,三ノ輪二丁目１０番１５号,台東区,三ノ輪,2391,台東区 食品衛生営業施設一覧,1704,浅草寺
飲食店,食べる,飲食店営業（一般・その他）,ＢＯＴＴＥＬＩＱＵＥＲ,35.709812,139.783539,point,元浅草二丁目５番２号,台東区,元浅草,1039,台東区 食品衛生営業施設一覧,842,アメヤ横丁
飲食店,食べる,飲食店営業（一般・その他）,フロマージュ・デュ・テロワール　谷中店,35.727562,139.764862,point,谷中三丁目８番１１号,台東区,谷中,1589,台東区 食品衛生営業施設一覧,1559,上野公園
飲食店,食べる,飲食店営業（一般・その他）,ａｓａｔｔｅ,35.727264,139.765808,point,谷中三丁目１０番１４号,台東区,谷中,1516,台東区 食品衛生営業施設一覧,1489,上野公園
飲食店,食べる,飲食店営業（一般・その他）,いか焼　やきや,35.727642,139.766586,point,谷中三丁目１１番１５号,台東区,谷中,1518,台東区 食品衛生営業施設一覧,1496,上野公園
飲食店,食べる,飲食店営業（一般・その他）,筆や,35.723022,139.77005,point,谷中七丁目４番１号,台東区,谷中,918,台東区 食品衛生営業施設一覧,902,上野公園
飲食店,食べる,飲食店営業（一般・その他）,井筒屋,35.695568,139.787018,point,柳橋一丁目２番３号,台東区,柳橋,2498,台東区 食品衛生営業施設一覧,1817,アメヤ横丁
飲食店,食べる,飲食店営業（一般・その他）,船宿　あみ新,35.695858,139.786118,point,柳橋一丁目３番３号,台東区,柳橋,2433,台東区 食品衛生営業施設一覧,1742,アメヤ横丁
飲食店,食べる,飲食店営業（一般・その他）,田中屋,35.695961,139.785812,point,柳橋一丁目３番５号,台東区,柳橋,2411,台東区 食品衛生営業施設一覧,1716,アメヤ横丁
飲食店,食べる,飲食店営業（一般・その他）,ｌａｎａｃａｓ,35.696369,139.787827,point,柳橋一丁目１０番１３号,台東区,柳橋,2454,台東区 食品衛生営業施設一覧,1794,雷門
飲食店,食べる,飲食店営業（一般・その他）,Ｄｒ．Ｍｅａｔ　竜泉店,35.724606,139.788269,point,竜泉一丁目３０番６号,台東区,竜泉,1596,台東区 食品衛生営業施設一覧,1340,浅草寺
飲食店,食べる,飲食店営業（一般・その他国別料理）,ベトナム料理　オーセンティック,35.711655,139.797546,point,浅草一丁目１番１２号,台東区,浅草,2126,台東区 食品衛生営業施設一覧,90,仲見世通り
飲食店,食べる,飲食店営業（一般・その他国別料理）,サイアムタイム,35.711655,139.797546,point,浅草一丁目１番１２号,台東区,浅草,2126,台東区 食品衛生営業施設一覧,90,仲見世通り
飲食店,食べる,飲食店営業（一般・その他国別料理）,ザ・ケバブファクトリー,35.711655,139.797546,point,浅草一丁目１番１２号,台東区,浅草,2126,台東区 食品衛生営業施設一覧,90,仲見世通り
飲食店,食べる,飲食店営業（一般・その他国別料理）,ＭＯＯＫＡＴＡ　ＡＳＡＫＵＳＡ,35.711655,139.797546,point,浅草一丁目１番１２号,台東区,浅草,2126,台東区 食品衛生営業施設一覧,90,仲見世通り
飲食店,食べる,飲食店営業（一般・その他国別料理）,成田,35.711849,139.79303,point,浅草一丁目１２番１０号,台東区,浅草,1724,台東区 食品衛生営業施設一覧,322,仲見世通り
飲食店,食べる,飲食店営業（一般・その他国別料理）,シブヤケバブ　浅草店,35.71183,139.793121,point,浅草一丁目１３番３号,台東区,浅草,1733,台東区 食品衛生営業施設一覧,314,仲見世通り
飲食店,食べる,飲食店営業（一般・その他国別料理）,東京豆漿大王,35.712158,139.79451,point,浅草一丁目２８番２号,台東区,浅草,1847,台東区 食品衛生営業施設一覧,191,仲見世通り
飲食店,食べる,飲食店営業（一般・その他国別料理）,神戸ビーフ亭,35.713928,139.793396,point,浅草二丁目６番７号,台東区,浅草,1716,台東区 食品衛生営業施設一覧,315,浅草寺
飲食店,食べる,飲食店営業（一般・その他国別料理）,Ｙｏ　Ｇｏｌｄｅｎ　ｓｔａｒ,35.71579,139.793213,point,浅草二丁目１４番７号,台東区,浅草,1690,台東区 食品衛生営業施設一覧,341,浅草寺
飲食店,食べる,飲食店営業（一般・その他国別料理）,タイレストラン　イサーン,35.715935,139.79332,point,浅草二丁目１７番３号,台東区,浅草,1700,台東区 食品衛生営業施設一覧,338,浅草寺
飲食店,食べる,飲食店営業（一般・その他国別料理）,おいしいサンギョプサル,35.717045,139.793304,point,浅草二丁目２０番７号,台東区,浅草,1705,台東区 食品衛生営業施設一覧,405,浅草寺
飲食店,食べる,飲食店営業（一般・その他国別料理）,なると,35.718815,139.795914,point,浅草四丁目３９番２号,台東区,浅草,1966,台東区 食品衛生営業施設一覧,462,浅草寺
飲食店,食べる,飲食店営業（一般・その他国別料理）,マイペンライ,35.718819,139.799133,point,浅草四丁目４９番８号,台東区,浅草,2252,台東区 食品衛生営業施設一覧,504,浅草寺
飲食店,食べる,飲食店営業（一般・その他国別料理）,ＭＥＫＥＮＩ　メケニ,35.719955,139.796173,point,浅草五丁目８番６号,台東区,浅草,2016,台東区 食品衛生営業施設一覧,584,浅草寺
飲食店,食べる,飲食店営業（一般・その他国別料理）,ソンポーン,35.720589,139.795715,point,浅草五丁目３０番１１号,台東区,浅草,1994,台東区 食品衛生営業施設一覧,659,浅草寺
飲食店,食べる,飲食店営業（一般・その他国別料理）,ＯＤＥＴＴＥＲ,35.721127,139.79567,point,浅草五丁目３１番８号,台東区,浅草,2008,台東区 食品衛生営業施設一覧,719,浅草寺
飲食店,食べる,飲食店営業（一般・その他国別料理）,Ｃａｎｔｅｅｎ　ＫＵ,35.717533,139.800018,point,浅草六丁目２８番１３号,台東区,浅草,2314,台東区 食品衛生営業施設一覧,430,浅草寺
飲食店,食べる,飲食店営業（一般・その他国別料理）,トーキョーカオマンガイ食堂,35.716244,139.801971,point,浅草七丁目２番７号,台東区,浅草,2481,台東区 食品衛生営業施設一覧,501,浅草寺
飲食店,食べる,飲食店営業（一般・その他国別料理）,ボレババ　インド　レストラン＆バー,35.69664,139.785629,point,浅草橋一丁目９番１５号,台東区,浅草橋,2335,台東区 食品衛生営業施設一覧,1646,アメヤ横丁
飲食店,食べる,飲食店営業（一般・その他国別料理）,本格インド料理　ガンガ,35.697075,139.784653,point,浅草橋一丁目１０番５号,台東区,浅草橋,2255,台東区 食品衛生営業施設一覧,1554,アメヤ横丁
飲食店,食べる,飲食店営業（一般・その他国別料理）,パヤオ,35.697254,139.784912,point,浅草橋一丁目１０番８号,台東区,浅草橋,2246,台東区 食品衛生営業施設一覧,1552,アメヤ横丁
飲食店,食べる,飲食店営業（一般・その他国別料理）,サライケバブ浅草橋店,35.6973,139.78595,point,浅草橋一丁目１７番２号,台東区,浅草橋,2282,台東区 食品衛生営業施設一覧,1607,アメヤ横丁
飲食店,食べる,飲食店営業（一般・その他国別料理）,ＭＲ．ＢＡＮＨ　ＭＩ,35.6973,139.78595,point,浅草橋一丁目１７番１５号,台東区,浅草橋,2282,台東区 食品衛生営業施設一覧,1607,アメヤ横丁
飲食店,食べる,飲食店営業（一般・その他国別料理）,バインミーゴンゴン,35.697842,139.785858,point,浅草橋一丁目２９番１号,台東区,浅草橋,2225,台東区 食品衛生営業施設一覧,1557,アメヤ横丁
飲食店,食べる,飲食店営業（一般・その他国別料理）,スマイル屋台　５５５,35.698139,139.786194,point,浅草橋一丁目３０番４号,台東区,浅草橋,2210,台東区 食品衛生営業施設一覧,1553,アメヤ横丁
飲食店,食べる,飲食店営業（一般・その他国別料理）,タイ屋台７７７,35.698139,139.786194,point,浅草橋一丁目３０番４号,台東区,浅草橋,2210,台東区 食品衛生営業施設一覧,1553,アメヤ横丁
飲食店,食べる,飲食店営業（一般・その他国別料理）,ＰＨＯ　ＶＩＥＴ　ＱＵＡＮ　ベトナム料理,35.698872,139.78479,point,浅草橋二丁目５番３号,台東区,浅草橋,2079,台東区 食品衛生営業施設一覧,1407,アメヤ横丁
飲食店,食べる,飲食店営業（一般・その他国別料理）,一新亭,35.701099,139.785126,point,浅草橋三丁目１２番６号,台東区,浅草橋,1876,台東区 食品衛生営業施設一覧,1257,アメヤ横丁
飲食店,食べる,飲食店営業（一般・その他国別料理）,フォーナムナム,35.700016,139.78064,point,浅草橋五丁目５番７号,台東区,浅草橋,1819,台東区 食品衛生営業施設一覧,1080,アメヤ横丁
飲食店,食べる,飲食店営業（一般・その他国別料理）,ガパオ　カオゲーン　タイ料理,35.700016,139.78064,point,浅草橋五丁目５番７号,台東区,浅草橋,1819,台東区 食品衛生営業施設一覧,1080,アメヤ横丁
飲食店,食べる,飲食店営業（一般・その他国別料理）,ＰＨＯ　ＹＥＮ　９５,35.708813,139.769638,point,池之端一丁目１番１号,台東区,池之端,873,台東区 食品衛生営業施設一覧,434,アメヤ横丁
飲食店,食べる,飲食店営業（一般・その他国別料理）,ＥＴＨＮＩＣ　ＦＯＯＤ　膳　ＧＩＴＡ,35.720585,139.786209,point,入谷一丁目２１番４号,台東区,入谷,1194,台東区 食品衛生営業施設一覧,1154,浅草寺
飲食店,食べる,飲食店営業（一般・その他国別料理）,ＨＡＬＡＬ町工場ＫＡＲＧＨＡＹ,35.705757,139.771286,point,上野一丁目２番９号,台東区,上野,1132,台東区 食品衛生営業施設一覧,399,アメヤ横丁
飲食店,食べる,飲食店営業（一般・その他国別料理）,メキシカンバー　ロスカボス　御徒町店,35.707935,139.772705,point,上野一丁目２０番９号,台東区,上野,868,台東区 食品衛生営業施設一覧,158,アメヤ横丁
飲食店,食べる,飲食店営業（一般・その他国別料理）,ＧＯＡ　ＡＳＩＡＮ　ＣＵＩＳＩＮＥ,35.708355,139.771988,point,上野二丁目３番１号,台東区,上野,837,台東区 食品衛生営業施設一覧,218,アメヤ横丁
飲食店,食べる,飲食店営業（一般・その他国別料理）,ＴＨＡＩ　ＲＥＳＴＡＵＲＡＮＴ　イムアロイ,35.708572,139.772049,point,上野二丁目３番９号,台東区,上野,812,台東区 食品衛生営業施設一覧,214,アメヤ横丁
飲食店,食べる,飲食店営業（一般・その他国別料理）,ＰＯＧＩ,35.708725,139.771561,point,上野二丁目４番４号,台東区,上野,809,台東区 食品衛生営業施設一覧,261,アメヤ横丁
飲食店,食べる,飲食店営業（一般・その他国別料理）,ハートヤイ　タイ料理,35.708675,139.772293,point,上野二丁目５番１号,台東区,上野,795,台東区 食品衛生営業施設一覧,195,アメヤ横丁
飲食店,食べる,飲食店営業（一般・その他国別料理）,楊國福マーラータン　上野駅前店,35.709026,139.773102,point,上野二丁目７番１３号,台東区,上野,742,台東区 食品衛生営業施設一覧,142,アメヤ横丁
飲食店,食べる,飲食店営業（一般・その他国別料理）,ＳＡＫＵＲＡ,35.70892,139.77153,point,上野二丁目１０番４号,台東区,上野,790,台東区 食品衛生営業施設一覧,268,アメヤ横丁
飲食店,食べる,飲食店営業（一般・その他国別料理）,ＴＯＲＵＮＧ,35.708912,139.770218,point,上野二丁目１１番８号,台東区,上野,838,台東区 食品衛生営業施設一覧,384,アメヤ横丁
飲食店,食べる,飲食店営業（一般・その他国別料理）,Ｃａｆｅ　青鶴洞,35.709438,139.77124,point,上野二丁目１１番２０号,台東区,上野,746,台東区 食品衛生営業施設一覧,312,アメヤ横丁
飲食店,食べる,飲食店営業（一般・その他国別料理）,ＡＳＩＡＮ　ＫＩＴＣＨＥＮ,35.709206,139.771606,point,上野二丁目１２番１１号,台東区,上野,757,台東区 食品衛生営業施設一覧,272,アメヤ横丁
飲食店,食べる,飲食店営業（一般・その他国別料理）,ＴＨＡＩ　ＳＫＹ　ＫＩＴＣＨＥＮ,35.709206,139.771606,point,上野二丁目１２番１１号,台東区,上野,757,台東区 食品衛生営業施設一覧,272,アメヤ横丁
飲食店,食べる,飲食店営業（一般・その他国別料理）,Ｔａｙ　Ｈｏ　Ｑｕａｎ,35.70953,139.771652,point,上野二丁目１２番１５号,台東区,上野,722,台東区 食品衛生営業施設一覧,283,アメヤ横丁
飲食店,食べる,飲食店営業（一般・その他国別料理）,ＡＬＥＧＲＩＡ　上野,35.70956,139.771805,point,上野二丁目１２番１６号,台東区,上野,714,台東区 食品衛生営業施設一覧,273,アメヤ横丁
飲食店,食べる,飲食店営業（一般・その他国別料理）,小肥羊　上野公園店,35.710613,139.773239,point,上野二丁目１４番３１号,台東区,上野,566,台東区 食品衛生営業施設一覧,278,アメヤ横丁
飲食店,食べる,飲食店営業（一般・その他国別料理）,ブルースカイタイランド,35.70467,139.773254,point,上野三丁目７番４号,台東区,上野,1221,台東区 食品衛生営業施設一覧,417,アメヤ横丁
飲食店,食べる,飲食店営業（一般・その他国別料理）,ＧＯＬＤＥＮ　ＧＡＴＥ,35.705677,139.773956,point,上野三丁目２０番２号,台東区,上野,1104,台東区 食品衛生営業施設一覧,294,アメヤ横丁
飲食店,食べる,飲食店営業（一般・その他国別料理）,ＡＳＩＡＮ　ＤＩＮＮＩＮＧ,35.708382,139.773865,point,上野四丁目３番８号,台東区,上野,805,台東区 食品衛生営業施設一覧,49,アメヤ横丁
飲食店,食べる,飲食店営業（一般・その他国別料理）,Ａ・Ｈａａｎ・Ｔｈａｉ,35.708191,139.773346,point,上野四丁目４番３号,台東区,上野,830,台東区 食品衛生営業施設一覧,96,アメヤ横丁
飲食店,食べる,飲食店営業（一般・その他国別料理）,ＡＲＡＳ　ＫＥＢＡＢ,35.709705,139.774414,point,上野四丁目７番８号,台東区,上野,656,台東区 食品衛生営業施設一覧,156,アメヤ横丁
飲食店,食べる,飲食店営業（一般・その他国別料理）,オスカーケバブ－オスカルチキンマン,35.709705,139.774414,point,上野四丁目７番８号,台東区,上野,656,台東区 食品衛生営業施設一覧,156,アメヤ横丁
飲食店,食べる,飲食店営業（一般・その他国別料理）,ＧＯＣＣＨＩ　ＢＡＴＴＡ　上野,35.710175,139.773865,point,上野四丁目９番６号,台東区,上野,606,台東区 食品衛生営業施設一覧,214,アメヤ横丁
飲食店,食べる,飲食店営業（一般・その他国別料理）,Ｃｏｕｎｔｒｙ　Ｓｐｉｃｅ,35.702885,139.775238,point,上野五丁目１番２号,台東区,上野,1415,台東区 食品衛生営業施設一覧,607,アメヤ横丁
飲食店,食べる,飲食店営業（一般・その他国別料理）,Ａｓｉａｎ　Ｆｏｏｄ　Ｃｏｕｎｔｒｙ　Ｓｐｉｃｅ,35.702885,139.775238,point,上野五丁目１番２号,台東区,上野,1415,台東区 食品衛生営業施設一覧,607,アメヤ横丁
飲食店,食べる,飲食店営業（一般・その他国別料理）,アジアンダイニング　マニヤ,35.702885,139.775238,point,上野五丁目１番２号,台東区,上野,1415,台東区 食品衛生営業施設一覧,607,アメヤ横丁
飲食店,食べる,飲食店営業（一般・その他国別料理）,アジアン料理　Ｈｕｂ　＆　Ｓｐｉｃｅ　Ｇａｒｄｅｎ,35.702885,139.775238,point,上野五丁目１番２号,台東区,上野,1415,台東区 食品衛生営業施設一覧,607,アメヤ横丁
飲食店,食べる,飲食店営業（一般・その他国別料理）,Ｙｉｍ　Ｓｉａｍ,35.705067,139.775757,point,上野五丁目１５番１７号,台東区,上野,1177,台東区 食品衛生営業施設一覧,380,アメヤ横丁
飲食店,食べる,飲食店営業（一般・その他国別料理）,ＰＨＯ　ＭＡＣＨＩ,35.705231,139.774826,point,上野五丁目１８番２号,台東区,上野,1153,台東区 食品衛生営業施設一覧,343,アメヤ横丁
飲食店,食べる,飲食店営業（一般・その他国別料理）,オールドサイゴン,35.705879,139.775024,point,上野五丁目１９番６号,台東区,上野,1082,台東区 食品衛生営業施設一覧,275,アメヤ横丁
飲食店,食べる,飲食店営業（一般・その他国別料理）,ヴェジハーブサーガ,35.705956,139.775406,point,上野五丁目２２番１号,台東区,上野,1075,台東区 食品衛生営業施設一覧,276,アメヤ横丁
飲食店,食べる,飲食店営業（一般・その他国別料理）,タイヴィレッジ,35.708279,139.775787,point,上野六丁目１番６号,台東区,上野,822,台東区 食品衛生営業施設一覧,125,アメヤ横丁
飲食店,食べる,飲食店営業（一般・その他国別料理）,Ｈｉｔｃｈ×ｋａｋｅｒｕ＊,35.707848,139.775452,point,上野六丁目２番２号,台東区,上野,866,台東区 食品衛生営業施設一覧,107,アメヤ横丁
飲食店,食べる,飲食店営業（一般・その他国別料理）,カラオケ　ハイズォンクアン,35.709156,139.775482,point,上野六丁目８番４号,台東区,上野,722,台東区 食品衛生営業施設一覧,136,アメヤ横丁
飲食店,食べる,飲食店営業（一般・その他国別料理）,鳥物語,35.710236,139.77504,point,上野六丁目９番１１号,台東区,上野,598,台東区 食品衛生営業施設一覧,223,アメヤ横丁
飲食店,食べる,飲食店営業（一般・その他国別料理）,タイ屋台,35.709049,139.774796,point,上野六丁目１０番３号,台東区,上野,729,台東区 食品衛生営業施設一覧,91,アメヤ横丁
飲食店,食べる,飲食店営業（一般・その他国別料理）,平成福順,35.709587,139.774704,point,上野六丁目１０番７号,台東区,上野,669,台東区 食品衛生営業施設一覧,146,アメヤ横丁
飲食店,食べる,飲食店営業（一般・その他国別料理）,タイ料理　メーアン,35.710346,139.774658,point,上野六丁目１０番１３号,台東区,上野,584,台東区 食品衛生営業施設一覧,229,アメヤ横丁
飲食店,食べる,飲食店営業（一般・その他国別料理）,ＡＳＬＡＮ　ＫＥＢＡＢ,35.710346,139.774658,point,上野六丁目１０番１３号,台東区,上野,584,台東区 食品衛生営業施設一覧,229,アメヤ横丁
飲食店,食べる,飲食店営業（一般・その他国別料理）,マトリョーシカ,35.710232,139.775787,point,上野六丁目１５番１号,台東区,上野,608,台東区 食品衛生営業施設一覧,249,アメヤ横丁
飲食店,食べる,飲食店営業（一般・その他国別料理）,ＧＯＯ　ＦＯＯＤ　ＨＡＬＬ,35.710232,139.775787,point,上野六丁目１５番１号,台東区,上野,608,台東区 食品衛生営業施設一覧,249,アメヤ横丁
飲食店,食べる,飲食店営業（一般・その他国別料理）,タイレストラン　シヤートムヤムクン　ポーチャナー,35.710651,139.776016,point,上野六丁目１６番７号,台東区,上野,567,台東区 食品衛生営業施設一覧,299,アメヤ横丁
飲食店,食べる,飲食店営業（一般・その他国別料理）,アジアンダイニング　まんまる（満まる）本店,35.710651,139.776016,point,上野六丁目１６番７号,台東区,上野,567,台東区 食品衛生営業施設一覧,299,アメヤ横丁
飲食店,食べる,飲食店営業（一般・その他国別料理）,デリリウム　カフェ　アトレ上野店,35.713696,139.776917,point,上野七丁目１番１号,台東区,上野,304,台東区 食品衛生営業施設一覧,369,上野公園
飲食店,食べる,飲食店営業（一般・その他国別料理）,シュマッツ・上野アトレ,35.713696,139.776917,point,上野七丁目１番１号,台東区,上野,304,台東区 食品衛生営業施設一覧,369,上野公園
飲食店,食べる,飲食店営業（一般・その他国別料理）,アトレ上野　シュマッツ・マイクロ・ビアガーデン,35.713696,139.776917,point,上野七丁目１番１号,台東区,上野,304,台東区 食品衛生営業施設一覧,369,上野公園
飲食店,食べる,飲食店営業（一般・その他国別料理）,シルクロードウイグル料理アリババ,35.71241,139.777435,point,上野七丁目２番１号,台東区,上野,443,台東区 食品衛生営業施設一覧,492,上野公園
飲食店,食べる,飲食店営業（一般・その他国別料理）,アジアンレストラン＆バー　ハルカ,35.712082,139.774704,point,上野公園１番５４号,台東区,上野公園,392,台東区 食品衛生営業施設一覧,385,上野公園
飲食店,食べる,飲食店営業（一般・その他国別料理）,薬膳カレー　らいもん,35.710159,139.79361,point,雷門一丁目３番７号,台東区,雷門,1828,台東区 食品衛生営業施設一覧,288,雷門
飲食店,食べる,飲食店営業（一般・その他国別料理）,ＴＡＣＯＳ　３Ｈｅｒｍａｎｏｓ　Ａｓａｋｕｓａ,35.70945,139.797241,point,雷門二丁目１番１１号,台東区,雷門,2164,台東区 食品衛生営業施設一覧,158,雷門
飲食店,食べる,飲食店営業（一般・その他国別料理）,ボナフェスタ,35.709351,139.794846,point,雷門二丁目６番９号,台東区,雷門,1964,台東区 食品衛生営業施設一覧,232,雷門
飲食店,食べる,飲食店営業（一般・その他国別料理）,浅草マノス新館,35.710384,139.795319,point,雷門二丁目１４番８号,台東区,雷門,1967,台東区 食品衛生営業施設一覧,133,雷門
飲食店,食べる,飲食店営業（一般・その他国別料理）,浅草マノス新館,35.710487,139.795502,point,雷門二丁目１７番４号,台東区,雷門,1980,台東区 食品衛生営業施設一覧,114,雷門
飲食店,食べる,飲食店営業（一般・その他国別料理）,サライケバブ　雷門店,35.71059,139.797363,point,雷門二丁目１９番１２号,台東区,雷門,2138,台東区 食品衛生営業施設一覧,64,雷門
飲食店,食べる,飲食店営業（一般・その他国別料理）,ｙａｎｅｕｒａ,35.700825,139.788803,point,蔵前一丁目５番８号,台東区,蔵前,2090,台東区 食品衛生営業施設一覧,1319,雷門
飲食店,食べる,飲食店営業（一般・その他国別料理）,ＢＬＩＳＳ,35.702129,139.789856,point,蔵前二丁目２番６号,台東区,蔵前,2041,台東区 食品衛生営業施設一覧,1145,雷門
飲食店,食べる,飲食店営業（一般・その他国別料理）,ＡＳＩＡＮ　ＣＵＩＳＩＮＥ　ＴＡＢＥＫＩＮＧ,35.70311,139.790558,point,蔵前三丁目１番１１号,台東区,蔵前,2008,台東区 食品衛生営業施設一覧,1019,雷門
飲食店,食べる,飲食店営業（一般・その他国別料理）,ＳＵＫＡ,35.705208,139.791153,point,蔵前三丁目１５番４号,台東区,蔵前,1896,台東区 食品衛生営業施設一覧,798,雷門
飲食店,食べる,飲食店営業（一般・その他国別料理）,アジアン居酒屋　パーバーン,35.706535,139.78363,point,小島二丁目１８番１０号,台東区,小島,1302,台東区 食品衛生営業施設一覧,856,アメヤ横丁
飲食店,食べる,飲食店営業（一般・その他国別料理）,アジアンレストラン　ニューサラティー,35.706688,139.784241,point,小島二丁目１８番１５号,台東区,小島,1325,台東区 食品衛生営業施設一覧,906,アメヤ横丁
飲食店,食べる,飲食店営業（一般・その他国別料理）,ラーンナー,35.706394,139.790054,point,寿一丁目２番１０号,台東区,寿,1738,台東区 食品衛生営業施設一覧,775,雷門
飲食店,食べる,飲食店営業（一般・その他国別料理）,Ｍａｐｌｅ　Ｐｉｚｚａ,35.709152,139.789932,point,寿二丁目４番８号,台東区,寿,1567,台東区 食品衛生営業施設一覧,638,雷門
飲食店,食べる,飲食店営業（一般・その他国別料理）,マイネクライネ,35.705872,139.791931,point,寿三丁目３番４号,台東区,寿,1910,台東区 食品衛生営業施設一覧,697,雷門
飲食店,食べる,飲食店営業（一般・その他国別料理）,スパイス研究所　ＭＡＤ　ＣＨＥＦｓ　蔵前店,35.705997,139.791992,point,寿三丁目３番５号,台東区,寿,1906,台東区 食品衛生営業施設一覧,683,雷門
飲食店,食べる,飲食店営業（一般・その他国別料理）,韓国料理　ＺＡＩ’Ｓ,35.707764,139.793381,point,寿三丁目１６番１４号,台東区,寿,1914,台東区 食品衛生営業施設一覧,451,雷門
飲食店,食べる,飲食店営業（一般・その他国別料理）,スリービータコス,35.707764,139.793381,point,寿三丁目１６番１４号,台東区,寿,1914,台東区 食品衛生営業施設一覧,451,雷門
飲食店,食べる,飲食店営業（一般・その他国別料理）,インドブッフェ　Ｅａｒｌｙ　Ｂｉｒｄ　Ｄｉｎｉｎｇ　６．５,35.708206,139.791275,point,寿三丁目１９番８号,台東区,寿,1723,台東区 食品衛生営業施設一覧,568,雷門
飲食店,食べる,飲食店営業（一般・その他国別料理）,ＨＡ　ＮＯＩ　ＰＨＯ,35.705654,139.793579,point,駒形一丁目１番１０号,台東区,駒形,2047,台東区 食品衛生営業施設一覧,638,雷門
飲食店,食べる,飲食店営業（一般・その他国別料理）,クロープクルア,35.707047,139.79512,point,駒形二丁目６番３号,台東区,駒形,2091,台東区 食品衛生営業施設一覧,441,雷門
飲食店,食べる,飲食店営業（一般・その他国別料理）,スペイン料理　サルデスカ,35.719593,139.780899,point,下谷一丁目６番７号,台東区,下谷,729,台東区 食品衛生営業施設一覧,823,上野公園
飲食店,食べる,飲食店営業（一般・その他国別料理）,ＴＡＩＴＯ　ＫＩＴＣＨＥＮ,35.721413,139.790558,point,千束二丁目２６番１０号,台東区,千束,1587,台東区 食品衛生営業施設一覧,931,浅草寺
飲食店,食べる,飲食店営業（一般・その他国別料理）,タイレストラン　ソンポーン,35.723827,139.792084,point,千束三丁目３３番１２号,台東区,千束,1832,台東区 食品衛生営業施設一覧,1097,浅草寺
飲食店,食べる,飲食店営業（一般・その他国別料理）,ｍｏｉｒｅ　ＨＯＴＥＬ　ＹＯＳＨＩＷＡＲＡ,35.723843,139.79628,point,千束四丁目１５番１１号,台東区,千束,2169,台東区 食品衛生営業施設一覧,1015,浅草寺
飲食店,食べる,飲食店営業（一般・その他国別料理）,ビリー・ザ・キッド浅草千束店,35.72282,139.794373,point,千束四丁目２８番８号,台東区,千束,1966,台東区 食品衛生営業施設一覧,926,浅草寺
飲食店,食べる,飲食店営業（一般・その他国別料理）,レストラン　いつも,35.723152,139.794388,point,千束四丁目２８番１１号,台東区,千束,1982,台東区 食品衛生営業施設一覧,962,浅草寺
飲食店,食べる,飲食店営業（一般・その他国別料理）,Ｊｏｕｒｎｅｙ×Ｊｏｕｒｎｅｙ　Ｂｏｘ　ｒｏｕｎｄ,35.702126,139.777878,point,台東一丁目３３番４号,台東区,台東,1529,台東区 食品衛生営業施設一覧,755,アメヤ横丁
飲食店,食べる,飲食店営業（一般・その他国別料理）,ＥＵＳＡ（エウサ）,35.702625,139.777588,point,台東二丁目６番２号,台東区,台東,1469,台東区 食品衛生営業施設一覧,694,アメヤ横丁
飲食店,食べる,飲食店営業（一般・その他国別料理）,Ｓｔｒｅｅｔ　ｆａｒｍ　ｋｉｔｃｈｅｎ,35.704254,139.779709,point,台東三丁目４番５号,台東区,台東,1346,台東区 食品衛生営業施設一覧,657,アメヤ横丁
飲食店,食べる,飲食店営業（一般・その他国別料理）,台湾客家料理　　新竹,35.704384,139.776581,point,台東三丁目１４番９号,台東区,台東,1261,台東区 食品衛生営業施設一覧,478,アメヤ横丁
飲食店,食べる,飲食店営業（一般・その他国別料理）,ＳＡＮＩ’Ｚ　ＣＡＦＥ,35.704887,139.776245,point,台東三丁目１６番４号,台東区,台東,1202,台東区 食品衛生営業施設一覧,414,アメヤ横丁
飲食店,食べる,飲食店営業（一般・その他国別料理）,韓国家庭料理　漢陽,35.70512,139.778687,point,台東三丁目２１番５号,台東区,台東,1225,台東区 食品衛生営業施設一覧,524,アメヤ横丁
飲食店,食べる,飲食店営業（一般・その他国別料理）,はすの里,35.705635,139.779617,point,台東四丁目３番１号,台東区,台東,1201,台東区 食品衛生営業施設一覧,557,アメヤ横丁
飲食店,食べる,飲食店営業（一般・その他国別料理）,ＭＡＳＡＬＡ　ＢＩＴＥＳ,35.702473,139.782181,point,鳥越一丁目５番４号,台東区,鳥越,1616,台東区 食品衛生営業施設一覧,956,アメヤ横丁
飲食店,食べる,飲食店営業（一般・その他国別料理）,サクラダイニング,35.702621,139.78212,point,鳥越一丁目１１番３号,台東区,鳥越,1599,台東区 食品衛生営業施設一覧,941,アメヤ横丁
飲食店,食べる,飲食店営業（一般・その他国別料理）,アンドシノワーズ,35.702038,139.786194,point,鳥越二丁目３番４号,台東区,鳥越,1841,台東区 食品衛生営業施設一覧,1272,アメヤ横丁
飲食店,食べる,飲食店営業（一般・その他国別料理）,Ａｍｅｔｓ,35.71056,139.791138,point,西浅草一丁目１番１２号,台東区,西浅草,1603,台東区 食品衛生営業施設一覧,503,雷門
飲食店,食べる,飲食店営業（一般・その他国別料理）,Ｓｔａｔｉｏｎ　Ｋｅｂａｂ,35.710526,139.791306,point,西浅草一丁目１番１３号,台東区,西浅草,1619,台東区 食品衛生営業施設一覧,488,雷門
飲食店,食べる,飲食店営業（一般・その他国別料理）,ムーチョ　グラシアス,35.710518,139.789169,point,西浅草一丁目３番６号,台東区,西浅草,1440,台東区 食品衛生営業施設一覧,681,雷門
飲食店,食べる,飲食店営業（一般・その他国別料理）,浅草ビール工房,35.71191,139.790833,point,西浅草二丁目２番２号,台東区,西浅草,1531,台東区 食品衛生営業施設一覧,521,仲見世通り
飲食店,食べる,飲食店営業（一般・その他国別料理）,欧風料理　ア・トレ・ヤン,35.713104,139.792099,point,西浅草二丁目１４番１５号,台東区,西浅草,1613,台東区 食品衛生営業施設一覧,428,仲見世通り
飲食店,食べる,飲食店営業（一般・その他国別料理）,香港傅奇,35.712833,139.792053,point,西浅草二丁目１４番１７号,台東区,西浅草,1614,台東区 食品衛生営業施設一覧,423,仲見世通り
飲食店,食べる,飲食店営業（一般・その他国別料理）,サライケバブ　西浅草店,35.7127,139.792023,point,西浅草二丁目１４番１８号,台東区,西浅草,1615,台東区 食品衛生営業施設一覧,423,仲見世通り
飲食店,食べる,飲食店営業（一般・その他国別料理）,ストロバヤ,35.713478,139.791107,point,西浅草二丁目１５番８号,台東区,西浅草,1518,台東区 食品衛生営業施設一覧,526,仲見世通り
飲食店,食べる,飲食店営業（一般・その他国別料理）,Ｑｕｅ　ｂｏｍ！,35.712963,139.791306,point,西浅草二丁目１５番１３号,台東区,西浅草,1545,台東区 食品衛生営業施設一覧,492,仲見世通り
飲食店,食べる,飲食店営業（一般・その他国別料理）,ＨＡＴＳＵＫＯＩ　Ｓｔｕｄｉｏ＆Ｃａｆｆｅ,35.714069,139.790695,point,西浅草二丁目２５番９号,台東区,西浅草,1472,台東区 食品衛生営業施設一覧,551,浅草寺
飲食店,食べる,飲食店営業（一般・その他国別料理）,韓国料理　ソウル居酒屋,35.726173,139.798157,point,日本堤一丁目２８番３号,台東区,日本堤,2438,台東区 食品衛生営業施設一覧,1280,浅草寺
飲食店,食べる,飲食店営業（一般・その他国別料理）,タイ居酒屋　パタヤ,35.72105,139.780411,point,根岸一丁目１番１７号,台東区,根岸,807,台東区 食品衛生営業施設一覧,893,上野公園
飲食店,食べる,飲食店営業（一般・その他国別料理）,ＳＥＡ　ＧＡＲＤＥＮ,35.720734,139.779724,point,根岸一丁目３番２１号,台東区,根岸,740,台東区 食品衛生営業施設一覧,825,上野公園
飲食店,食べる,飲食店営業（一般・その他国別料理）,モーゼスさんのケバブ鶯谷駅前店,35.722713,139.777832,point,根岸一丁目６番６号,台東区,根岸,846,台東区 食品衛生営業施設一覧,908,上野公園
飲食店,食べる,飲食店営業（一般・その他国別料理）,Ａｌｉｃｅ　Ｋｅｂａｂ,35.722645,139.778778,point,根岸一丁目６番１４号,台東区,根岸,873,台東区 食品衛生営業施設一覧,943,上野公園
飲食店,食べる,飲食店営業（一般・その他国別料理）,２０２０　インディアン　キッチン,35.724655,139.778488,point,根岸二丁目１８番２号,台東区,根岸,1069,台東区 食品衛生営業施設一覧,1129,上野公園
飲食店,食べる,飲食店営業（一般・その他国別料理）,ＨＡＬＡＬ　ＳＡＫＵＲＡ,35.72504,139.777237,point,根岸二丁目１８番１１号,台東区,根岸,1078,台東区 食品衛生営業施設一覧,1129,上野公園
飲食店,食べる,飲食店営業（一般・その他国別料理）,ＫＯＩ　フォー,35.72401,139.77887,point,根岸三丁目１０番１号,台東区,根岸,1015,台東区 食品衛生営業施設一覧,1079,上野公園
飲食店,食べる,飲食店営業（一般・その他国別料理）,Ｉｎｄｉａｎ　Ｒｅｓｔａｕｒａｎｔ　Ｐｈｕｌｂａｒｉ,35.725868,139.806488,point,橋場一丁目３３番９号,台東区,橋場,3105,台東区 食品衛生営業施設一覧,1520,浅草寺
飲食店,食べる,飲食店営業（一般・その他国別料理）,まるごとＶｅｇａｎダイニング浅草,35.711704,139.798889,point,花川戸一丁目３番１３号,台東区,花川戸,2244,台東区 食品衛生営業施設一覧,208,仲見世通り
飲食店,食べる,飲食店営業（一般・その他国別料理）,Ｄｅｌｉｇｈｔ　Ｔｈａｉ　Ｆｏｏｄ,35.712547,139.798218,point,花川戸一丁目６番６号,台東区,花川戸,2168,台東区 食品衛生営業施設一覧,163,仲見世通り
飲食店,食べる,飲食店営業（一般・その他国別料理）,アワーヴス,35.713245,139.800247,point,花川戸一丁目１２番４号,台東区,花川戸,2339,台東区 食品衛生営業施設一覧,356,浅草寺
飲食店,食べる,飲食店営業（一般・その他国別料理）,Ｉｎｄｉａｎ　Ｒｅｓｔａｕｒａｎｔ　Ｎｅｗ　Ｐｒａｓｉｄｈａ,35.715027,139.799408,point,花川戸二丁目９番６号,台東区,花川戸,2250,台東区 食品衛生営業施設一覧,242,浅草寺
飲食店,食べる,飲食店営業（一般・その他国別料理）,インド料理　ニュー　プラシッダ,35.724251,139.797684,point,東浅草二丁目２８番７号,台東区,東浅草,2303,台東区 食品衛生営業施設一覧,1063,浅草寺
飲食店,食べる,飲食店営業（一般・その他国別料理）,上野ハンバーガー　ハラール,35.707458,139.778976,point,東上野一丁目８番３号,台東区,東上野,991,台東区 食品衛生営業施設一覧,424,アメヤ横丁
飲食店,食べる,飲食店営業（一般・その他国別料理）,モンゴル　焼売,35.708298,139.777893,point,東上野一丁目１９番２号,台東区,東上野,868,台東区 食品衛生営業施設一覧,315,アメヤ横丁
飲食店,食べる,飲食店営業（一般・その他国別料理）,ＫＨＡＮＡＰＩＮＡ,35.708309,139.777771,point,東上野一丁目１９番３号,台東区,東上野,863,台東区 食品衛生営業施設一覧,304,アメヤ横丁
飲食店,食べる,飲食店営業（一般・その他国別料理）,ＬＩＴＴＬＥ　ＳＡＩＧＯＮ　ＫＩＴＣＨＥＮ,35.708851,139.777863,point,東上野一丁目１９番８号,台東区,東上野,810,台東区 食品衛生営業施設一覧,319,アメヤ横丁
飲食店,食べる,飲食店営業（一般・その他国別料理）,スパイスロード　インド　ネパール料理,35.710464,139.777969,point,東上野二丁目２０番９号,台東区,東上野,651,台東区 食品衛生営業施設一覧,402,アメヤ横丁
飲食店,食べる,飲食店営業（一般・その他国別料理）,ＳＵＮＡＯ　ＡＳＩＡＮ　ＤＩＮＩＮＧ（インド・ネパールレストラン）,35.71101,139.780594,point,東上野三丁目２８番４号,台東区,東上野,750,台東区 食品衛生営業施設一覧,635,アメヤ横丁
飲食店,食べる,飲食店営業（一般・その他国別料理）,豆なダイナー,35.711838,139.780533,point,東上野四丁目１番１号,台東区,東上野,687,台東区 食品衛生営業施設一覧,679,アメヤ横丁
飲食店,食べる,飲食店営業（一般・その他国別料理）,Ｌａ　Ｐｅｔｉｔ　Ｃｏｆｆｅｅ,35.711838,139.780533,point,東上野四丁目１番１号,台東区,東上野,687,台東区 食品衛生営業施設一覧,679,アメヤ横丁
飲食店,食べる,飲食店営業（一般・その他国別料理）,ＫＡＤＩＫＯＹ　Ｄｏｎｅｒ　Ｋｅｂａｂ　Ｓｔｒｅｅｔ　Ｆｏｏｄ,35.713894,139.779602,point,東上野四丁目１０番４号,台東区,東上野,498,台東区 食品衛生営業施設一覧,584,上野公園
飲食店,食べる,飲食店営業（一般・その他国別料理）,インド料理　ＮＡＭＡＳＴＥ　ＵＥＮＯ　ＫＩＴＣＨＥＮ,35.714088,139.779724,point,東上野四丁目１０番６号,台東区,東上野,501,台東区 食品衛生営業施設一覧,589,上野公園
飲食店,食べる,飲食店営業（一般・その他国別料理）,ＫＥＥＰ＆ＴＯＵＣＨ,35.714088,139.779724,point,東上野四丁目１０番６号,台東区,東上野,501,台東区 食品衛生営業施設一覧,589,上野公園
飲食店,食べる,飲食店営業（一般・その他国別料理）,ＬａＶｉ?ｔ,35.714184,139.7798,point,東上野四丁目１０番７号,台東区,東上野,504,台東区 食品衛生営業施設一覧,593,上野公園
飲食店,食べる,飲食店営業（一般・その他国別料理）,ＲＯＵＴＥ　ＢＯＯＫＳ,35.713844,139.780624,point,東上野四丁目１４番３号,台東区,東上野,586,台東区 食品衛生営業施設一覧,674,上野公園
飲食店,食べる,飲食店営業（一般・その他国別料理）,チング（友達）,35.712975,139.783127,point,東上野六丁目１０番６号,台東区,東上野,832,台東区 食品衛生営業施設一覧,918,上野公園
飲食店,食べる,飲食店営業（一般・その他国別料理）,和馬’ｓキッチン,35.711964,139.7854,point,松が谷一丁目５番１０号,台東区,松が谷,1064,台東区 食品衛生営業施設一覧,1011,仲見世通り
飲食店,食べる,飲食店営業（一般・その他国別料理）,Ｃｒａｆｔ　Ｂｕｒｇｅｒ　＆　Ｇｒｉｌｌ　Ｊｉｒｏ,35.715096,139.785568,point,松が谷二丁目３１番７号,台東区,松が谷,1001,台東区 食品衛生営業施設一覧,1010,浅草寺
飲食店,食べる,飲食店営業（一般・その他国別料理）,タイ料理サワディー,35.717537,139.786377,point,松が谷四丁目１１番８号,台東区,松が谷,1094,台東区 食品衛生営業施設一覧,987,浅草寺
飲食店,食べる,飲食店営業（一般・その他国別料理）,チョルラド,35.718433,139.785934,point,松が谷四丁目１５番３号,台東区,松が谷,1079,台東区 食品衛生営業施設一覧,1060,浅草寺
飲食店,食べる,飲食店営業（一般・その他国別料理）,Ｄｅｅ　Ｄｅｅ,35.718433,139.785934,point,松が谷四丁目１５番３号,台東区,松が谷,1079,台東区 食品衛生営業施設一覧,1060,浅草寺
飲食店,食べる,飲食店営業（一般・その他国別料理）,ＴＨＡＩ　ＢＩＴＥＳ,35.727501,139.79097,point,三ノ輪一丁目９番４号,台東区,三ノ輪,1990,台東区 食品衛生営業施設一覧,1514,浅草寺
飲食店,食べる,飲食店営業（一般・その他国別料理）,ＳＩＤＤＨＡＲＴＨＡ　本格的　インド・ネパール・レストラン,35.72456,139.764648,point,谷中三丁目２番２号,台東区,谷中,1336,台東区 食品衛生営業施設一覧,1291,上野公園
飲食店,食べる,飲食店営業（一般・その他国別料理）,ＳＵＮＡＯ　ＡＳＩＡＮ　ＤＩＮＩＮＧ（インド・ネパールレストラン）,35.72456,139.764648,point,谷中三丁目２番２号,台東区,谷中,1336,台東区 食品衛生営業施設一覧,1291,上野公園
飲食店,食べる,飲食店営業（一般・その他国別料理）,葡萄酒場　ＩＣＨＩＧＯＹＡ　谷中銀座,35.727657,139.766083,point,谷中三丁目１１番１２号,台東区,谷中,1541,台東区 食品衛生営業施設一覧,1517,上野公園
飲食店,食べる,飲食店営業（一般・その他国別料理）,Ｐｏｃａｆｅ,35.697536,139.787384,point,柳橋一丁目２１番６号,台東区,柳橋,2321,台東区 食品衛生営業施設一覧,1675,アメヤ横丁
飲食店,食べる,飲食店営業（一般・その他国別料理）,洋食　大吉,35.697865,139.7883,point,柳橋一丁目３０番５号,台東区,柳橋,2333,台東区 食品衛生営業施設一覧,1626,雷門
飲食店,食べる,飲食店営業（一般・その他国別料理）,ＨＡＷＡＩＩ　ＨＡＬＬ,35.727444,139.794571,point,竜泉三丁目３２番１０号,台東区,竜泉,2240,台東区 食品衛生営業施設一覧,1428,浅草寺
飲食店,食べる,飲食店営業（一般・とんかつ）,とんかつおりべ浅草店,35.711464,139.792892,point,浅草一丁目９番１号,台東区,浅草,1723,台東区 食品衛生営業施設一覧,338,仲見世通り
飲食店,食べる,飲食店営業（一般・とんかつ）,とんかつ　ゆたか,35.711758,139.794113,point,浅草一丁目１５番９号,台東区,浅草,1822,台東区 食品衛生営業施設一覧,225,仲見世通り
飲食店,食べる,飲食店営業（一般・とんかつ）,かつや　恒之助,35.715176,139.792862,point,浅草二丁目１２番６号,台東区,浅草,1658,台東区 食品衛生営業施設一覧,355,浅草寺
飲食店,食べる,飲食店営業（一般・とんかつ）,とんかつ　弥生,35.71751,139.792877,point,浅草三丁目１２番４号,台東区,浅草,1673,台東区 食品衛生営業施設一覧,467,浅草寺
飲食店,食べる,飲食店営業（一般・とんかつ）,三好弥,35.717587,139.794479,point,浅草三丁目１７番５号,台東区,浅草,1817,台東区 食品衛生営業施設一覧,379,浅草寺
飲食店,食べる,飲食店営業（一般・とんかつ）,とんかつ　とん将,35.716858,139.796387,point,浅草三丁目２２番４号,台東区,浅草,1981,台東区 食品衛生営業施設一覧,240,浅草寺
飲食店,食べる,飲食店営業（一般・とんかつ）,とんかつ屋の食堂　ＢＬＡｃＫ　ＰＡＰＡ,35.718834,139.795639,point,浅草四丁目１８番７号,台東区,浅草,1942,台東区 食品衛生営業施設一覧,468,浅草寺
飲食店,食べる,飲食店営業（一般・とんかつ）,河金,35.720646,139.794785,point,浅草五丁目１６番１１号,台東区,浅草,1915,台東区 食品衛生営業施設一覧,682,浅草寺
飲食店,食べる,飲食店営業（一般・とんかつ）,とんかつ　中根,35.717125,139.800125,point,浅草六丁目１７番７号,台東区,浅草,2320,台東区 食品衛生営業施設一覧,405,浅草寺
飲食店,食べる,飲食店営業（一般・とんかつ）,とんかつ　藤芳　駅前店,35.697227,139.784058,point,浅草橋一丁目１１番４号,台東区,浅草橋,2218,台東区 食品衛生営業施設一覧,1509,アメヤ横丁
飲食店,食べる,飲食店営業（一般・とんかつ）,いちかつ　高架下浅草橋店,35.697403,139.784149,point,浅草橋一丁目１６番３号,台東区,浅草橋,2203,台東区 食品衛生営業施設一覧,1498,アメヤ横丁
飲食店,食べる,飲食店営業（一般・とんかつ）,とんかつ　村井,35.699741,139.787125,point,浅草橋二丁目２８番１４号,台東区,浅草橋,2100,台東区 食品衛生営業施設一覧,1492,アメヤ横丁
飲食店,食べる,飲食店営業（一般・とんかつ）,かつ賢　浅草橋店,35.699627,139.781158,point,浅草橋五丁目５番１号,台東区,浅草橋,1875,台東区 食品衛生営業施設一覧,1141,アメヤ横丁
飲食店,食べる,飲食店営業（一般・とんかつ）,とんかつ　檍（あおき）,35.701427,139.780914,point,浅草橋五丁目２０番８号,台東区,浅草橋,1679,台東区 食品衛生営業施設一覧,964,アメヤ横丁
飲食店,食べる,飲食店営業（一般・とんかつ）,有限会社　　ぽん?本家,35.706318,139.772964,point,上野三丁目２３番３号,台東区,上野,1041,台東区 食品衛生営業施設一覧,256,アメヤ横丁
飲食店,食べる,飲食店営業（一般・とんかつ）,蓬莱屋,35.707439,139.773712,point,上野三丁目２８番５号,台東区,上野,910,台東区 食品衛生営業施設一覧,114,アメヤ横丁
飲食店,食べる,飲食店営業（一般・とんかつ）,万福,35.708321,139.774292,point,上野四丁目１番５号,台東区,上野,810,台東区 食品衛生営業施設一覧,10,アメヤ横丁
飲食店,食べる,飲食店営業（一般・とんかつ）,とんかつ山家　上野店,35.708656,139.77388,point,上野四丁目５番１号,台東区,上野,774,台東区 食品衛生営業施設一覧,61,アメヤ横丁
飲食店,食べる,飲食店営業（一般・とんかつ）,牛かつ　あおな,35.708858,139.775665,point,上野六丁目５番７号,台東区,上野,757,台東区 食品衛生営業施設一覧,130,アメヤ横丁
飲食店,食べる,飲食店営業（一般・とんかつ）,みの房,35.712471,139.778076,point,上野七丁目３番９号,台東区,上野,475,台東区 食品衛生営業施設一覧,532,上野公園
飲食店,食べる,飲食店営業（一般・とんかつ）,とんかつ　丸一　居酒屋中川亭,35.713898,139.779053,point,上野七丁目８番２３号,台東区,上野,453,台東区 食品衛生営業施設一覧,536,上野公園
飲食店,食べる,飲食店営業（一般・とんかつ）,かつ楽,35.712082,139.774704,point,上野公園１番５４号,台東区,上野公園,392,台東区 食品衛生営業施設一覧,385,上野公園
飲食店,食べる,飲食店営業（一般・とんかつ）,ポンチ軒　浅草雷門店,35.70998,139.795624,point,雷門二丁目１３番１号,台東区,雷門,2007,台東区 食品衛生営業施設一覧,133,雷門
飲食店,食べる,飲食店営業（一般・とんかつ）,とんかつ神楽坂さくら　浅草雷門店,35.710949,139.794937,point,雷門二丁目１６番９号,台東区,雷門,1916,台東区 食品衛生営業施設一覧,160,雷門
飲食店,食べる,飲食店営業（一般・とんかつ）,有限会社八番　とんかつ　すぎ田,35.706421,139.790985,point,寿三丁目８番３号,台東区,寿,1805,台東区 食品衛生営業施設一覧,709,雷門
飲食店,食べる,飲食店営業（一般・とんかつ）,デンキヤホール,35.708931,139.791504,point,寿四丁目７番７号,台東区,寿,1705,台東区 食品衛生営業施設一覧,513,雷門
飲食店,食べる,飲食店営業（一般・とんかつ）,とんかつ　大和,35.703449,139.776901,point,台東二丁目２６番２号,台東区,台東,1368,台東区 食品衛生営業施設一覧,585,アメヤ横丁
飲食店,食べる,飲食店営業（一般・とんかつ）,㈲宝亭,35.704262,139.777344,point,台東三丁目１１番３号,台東区,台東,1287,台東区 食品衛生営業施設一覧,522,アメヤ横丁
飲食店,食べる,飲食店営業（一般・とんかつ）,串喝卯吉,35.707157,139.779175,point,台東四丁目２９番１５号,台東区,台東,1029,台東区 食品衛生営業施設一覧,449,アメヤ横丁
飲食店,食べる,飲食店営業（一般・とんかつ）,とんかつ　美乃屋,35.725208,139.796906,point,日本堤一丁目９番３号,台東区,日本堤,2288,台東区 食品衛生営業施設一覧,1166,浅草寺
飲食店,食べる,飲食店営業（一般・とんかつ）,とん平,35.721256,139.780304,point,根岸一丁目２番２０号,台東区,根岸,819,台東区 食品衛生営業施設一覧,903,上野公園
飲食店,食べる,飲食店営業（一般・とんかつ）,花とく,35.724743,139.781174,point,根岸三丁目２３番７号,台東区,根岸,1182,台東区 食品衛生営業施設一覧,1256,上野公園
飲食店,食べる,飲食店営業（一般・とんかつ）,とんかつ　とお山,35.71246,139.798431,point,花川戸一丁目６番８号,台東区,花川戸,2189,台東区 食品衛生営業施設一覧,177,仲見世通り
飲食店,食べる,飲食店営業（一般・とんかつ）,桃タロー,35.713142,139.799316,point,花川戸一丁目１０番９号,台東区,花川戸,2257,台東区 食品衛生営業施設一覧,281,仲見世通り
飲食店,食べる,飲食店営業（一般・とんかつ）,花川戸　はせ川,35.714809,139.798492,point,花川戸二丁目７番３号,台東区,花川戸,2168,台東区 食品衛生営業施設一覧,158,浅草寺
飲食店,食べる,飲食店営業（一般・とんかつ）,牛かつ輝,35.71101,139.780594,point,東上野三丁目２８番４号,台東区,東上野,750,台東区 食品衛生営業施設一覧,635,アメヤ横丁
飲食店,食べる,飲食店営業（一般・とんかつ）,とんかつ　百万石,35.696609,139.786942,point,柳橋一丁目１２番１２号,台東区,柳橋,2392,台東区 食品衛生営業施設一覧,1724,アメヤ横丁
飲食店,食べる,飲食店営業（一般・とんかつ）,正ちゃん　かつ,35.725742,139.791092,point,竜泉三丁目２２番３号,台東区,竜泉,1875,台東区 食品衛生営業施設一覧,1328,浅草寺
飲食店,食べる,飲食店営業（一般・ふぐ）,酔い虎,35.711357,139.795349,point,浅草一丁目４番１０号,台東区,浅草,1941,台東区 食品衛生営業施設一覧,128,仲見世通り
飲食店,食べる,飲食店営業（一般・ふぐ）,有限会社　三角,35.7117,139.795578,point,浅草一丁目２０番７号,台東区,浅草,1952,台東区 食品衛生営業施設一覧,95,仲見世通り
飲食店,食べる,飲食店営業（一般・ふぐ）,三浦屋,35.716877,139.793137,point,浅草二丁目１９番９号,台東区,浅草,1689,台東区 食品衛生営業施設一覧,405,浅草寺
飲食店,食べる,飲食店営業（一般・ふぐ）,酒膳　一文,35.717552,139.793106,point,浅草三丁目１２番６号,台東区,浅草,1694,台東区 食品衛生営業施設一覧,455,浅草寺
飲食店,食べる,飲食店営業（一般・ふぐ）,辻むら,35.717724,139.79657,point,浅草三丁目３４番９号,台東区,浅草,2006,台東区 食品衛生営業施設一覧,334,浅草寺
飲食店,食べる,飲食店営業（一般・ふぐ）,下町懐石　とうふ川風,35.717442,139.796478,point,浅草三丁目３４番１１号,台東区,浅草,1995,台東区 食品衛生営業施設一覧,304,浅草寺
飲食店,食べる,飲食店営業（一般・ふぐ）,有限会社　三豊,35.718025,139.796875,point,浅草四丁目１０番２号,台東区,浅草,2038,台東区 食品衛生営業施設一覧,368,浅草寺
飲食店,食べる,飲食店営業（一般・ふぐ）,有限会社　魚河し,35.71838,139.79509,point,浅草四丁目２０番７号,台東区,浅草,1884,台東区 食品衛生営業施設一覧,434,浅草寺
飲食店,食べる,飲食店営業（一般・ふぐ）,ふぐつち田,35.720051,139.795792,point,浅草五丁目９番７号,台東区,浅草,1985,台東区 食品衛生営業施設一覧,599,浅草寺
飲食店,食べる,飲食店営業（一般・ふぐ）,浅草　山ほ,35.7211,139.795868,point,浅草五丁目３４番２号,台東区,浅草,2024,台東区 食品衛生営業施設一覧,714,浅草寺
飲食店,食べる,飲食店営業（一般・ふぐ）,たのや,35.697296,139.783401,point,浅草橋一丁目１３番８号,台東区,浅草橋,2188,台東区 食品衛生営業施設一覧,1469,アメヤ横丁
飲食店,食べる,飲食店営業（一般・ふぐ）,とんぼ,35.700581,139.781052,point,浅草橋五丁目１０番９号,台東区,浅草橋,1772,台東区 食品衛生営業施設一覧,1048,アメヤ横丁
飲食店,食べる,飲食店営業（一般・ふぐ）,ふぐ料理魚直,35.718559,139.788315,point,入谷二丁目３番２号,台東区,入谷,1290,台東区 食品衛生営業施設一覧,873,浅草寺
飲食店,食べる,飲食店営業（一般・ふぐ）,松坂屋　上野店　銀座鳴門,35.707516,139.773193,point,上野三丁目２９番５号,台東区,上野,907,台東区 食品衛生営業施設一覧,140,アメヤ横丁
飲食店,食べる,飲食店営業（一般・ふぐ）,さんとも,35.711075,139.775482,point,上野六丁目１４番１号,台東区,上野,511,台東区 食品衛生営業施設一覧,324,アメヤ横丁
飲食店,食べる,飲食店営業（一般・ふぐ）,おかめ,35.71117,139.792648,point,雷門一丁目１６番１０号,台東区,雷門,1711,台東区 食品衛生営業施設一覧,366,仲見世通り
飲食店,食べる,飲食店営業（一般・ふぐ）,松もと,35.710526,139.791306,point,西浅草一丁目１番１３号,台東区,西浅草,1619,台東区 食品衛生営業施設一覧,488,雷門
飲食店,食べる,飲食店営業（一般・ふぐ）,みよし,35.713528,139.791916,point,西浅草二丁目２６番８号,台東区,西浅草,1589,台東区 食品衛生営業施設一覧,456,浅草寺
飲食店,食べる,飲食店営業（一般・ふぐ）,山海,35.725807,139.805267,point,橋場一丁目３０番１０号,台東区,橋場,3000,台東区 食品衛生営業施設一覧,1453,浅草寺
飲食店,食べる,飲食店営業（一般・フレンチ）,コワンシック,35.711765,139.79274,point,浅草一丁目９番５号,台東区,浅草,1701,台東区 食品衛生営業施設一覧,349,仲見世通り
飲食店,食べる,飲食店営業（一般・フレンチ）,ＲＥＤ　ＣＬＩＦＦ,35.713928,139.793396,point,浅草二丁目６番７号,台東区,浅草,1716,台東区 食品衛生営業施設一覧,315,浅草寺
飲食店,食べる,飲食店営業（一般・フレンチ）,Ｌｕｄｉｑｕｅ,35.717545,139.794922,point,浅草三丁目１８番６号,台東区,浅草,1856,台東区 食品衛生営業施設一覧,355,浅草寺
飲食店,食べる,飲食店営業（一般・フレンチ）,ガンゲット・ラ・レネット,35.717598,139.795319,point,浅草三丁目３６番３号,台東区,浅草,1893,台東区 食品衛生営業施設一覧,345,浅草寺
飲食店,食べる,飲食店営業（一般・フレンチ）,レストラン　オマージュ,35.71841,139.796951,point,浅草四丁目１０番５号,台東区,浅草,2051,台東区 食品衛生営業施設一覧,411,浅草寺
飲食店,食べる,飲食店営業（一般・フレンチ）,ＮＯＵＲＡ,35.718487,139.797058,point,浅草四丁目１０番６号,台東区,浅草,2062,台東区 食品衛生営業施設一覧,420,浅草寺
飲食店,食べる,飲食店営業（一般・フレンチ）,しみいる,35.718189,139.796249,point,浅草四丁目１４番１号,台東区,浅草,1985,台東区 食品衛生営業施設一覧,388,浅草寺
飲食店,食べる,飲食店営業（一般・フレンチ）,Ｃｕｉｓｉｎｅ,35.698002,139.783951,point,浅草橋一丁目２６番１号,台東区,浅草橋,2135,台東区 食品衛生営業施設一覧,1434,アメヤ横丁
飲食店,食べる,飲食店営業（一般・フレンチ）,ジョンティ,35.698872,139.78479,point,浅草橋二丁目５番３号,台東区,浅草橋,2079,台東区 食品衛生営業施設一覧,1407,アメヤ横丁
飲食店,食べる,飲食店営業（一般・フレンチ）,ビストロ・ド・ラパン,35.700851,139.786728,point,浅草橋三丁目２８番２号,台東区,浅草橋,1977,台東区 食品衛生営業施設一覧,1388,アメヤ横丁
飲食店,食べる,飲食店営業（一般・フレンチ）,ＴＨＥ　ＢＲＩＤＧＥ　ｂａｒ　＆　ｌｏｕｎｇｅ,35.701591,139.786285,point,浅草橋三丁目３０番７号,台東区,浅草橋,1886,台東区 食品衛生営業施設一覧,1307,アメヤ横丁
飲食店,食べる,飲食店営業（一般・フレンチ）,パタティ・パタタ,35.699772,139.780609,point,浅草橋五丁目５番５号,台東区,浅草橋,1844,台東区 食品衛生営業施設一覧,1102,アメヤ横丁
飲食店,食べる,飲食店営業（一般・フレンチ）,鉄板ビストロ　ラフ＋たす,35.711697,139.76799,point,池之端一丁目６番１９号,台東区,池之端,731,台東区 食品衛生営業施設一覧,637,上野公園
飲食店,食べる,飲食店営業（一般・フレンチ）,Ｉｎｏｕｂｌｉａｂｌｅ,35.721706,139.786835,point,入谷一丁目２９番１号,台東区,入谷,1304,台東区 食品衛生営業施設一覧,1185,浅草寺
飲食店,食べる,飲食店営業（一般・フレンチ）,Ｏｄｅｏｎ　オデオン,35.703445,139.773346,point,上野三丁目３番１号,台東区,上野,1356,台東区 食品衛生営業施設一覧,548,アメヤ横丁
飲食店,食べる,飲食店営業（一般・フレンチ）,御徒町ワイン食堂パパン,35.705734,139.773071,point,上野三丁目１８番２号,台東区,上野,1105,台東区 食品衛生営業施設一覧,310,アメヤ横丁
飲食店,食べる,飲食店営業（一般・フレンチ）,ビフリパ　ＢＥＥＦ　ＲＥＰＵＢＬＩＣ,35.70911,139.77356,point,上野四丁目５番６号,台東区,上野,727,台東区 食品衛生営業施設一覧,118,アメヤ横丁
飲食店,食べる,飲食店営業（一般・フレンチ）,ＣｈｅｅｓｅＢｉｓｔｒｏ　Ｃａｓａｒｏ,35.709862,139.774124,point,上野四丁目９番２号,台東区,上野,639,台東区 食品衛生営業施設一覧,175,アメヤ横丁
飲食店,食べる,飲食店営業（一般・フレンチ）,ジ・アーツ・フュージョン　バイ　レカン,35.713696,139.776917,point,上野七丁目１番１号,台東区,上野,304,台東区 食品衛生営業施設一覧,369,上野公園
飲食店,食べる,飲食店営業（一般・フレンチ）,ｅｎｓｉａ,35.710384,139.792084,point,雷門一丁目７番７号,台東区,雷門,1690,台東区 食品衛生営業施設一覧,419,雷門
飲食店,食べる,飲食店営業（一般・フレンチ）,ラ　マニ　ビーンズ,35.710838,139.792236,point,雷門一丁目８番８号,台東区,雷門,1687,台東区 食品衛生営業施設一覧,403,雷門
飲食店,食べる,飲食店営業（一般・フレンチ）,レーテ,35.709576,139.794968,point,雷門二丁目９番２号,台東区,雷門,1966,台東区 食品衛生営業施設一覧,207,雷門
飲食店,食べる,飲食店営業（一般・フレンチ）,シーフードレストラン　月見草,35.709797,139.796005,point,雷門二丁目１１番８号,台東区,雷門,2046,台東区 食品衛生営業施設一覧,128,雷門
飲食店,食べる,飲食店営業（一般・フレンチ）,Ｎｏｖ,35.710384,139.795319,point,雷門二丁目１４番８号,台東区,雷門,1967,台東区 食品衛生営業施設一覧,133,雷門
飲食店,食べる,飲食店営業（一般・フレンチ）,Ｂｉｓｔｒｏ　Ｄｏｕｂｌｅ　１１,35.702499,139.790741,point,蔵前二丁目１番２７号,台東区,蔵前,2067,台東区 食品衛生営業施設一覧,1068,雷門
飲食店,食べる,飲食店営業（一般・フレンチ）,ｏｕｒｓ,35.702568,139.789078,point,蔵前四丁目８番９号,台東区,蔵前,1958,台東区 食品衛生営業施設一覧,1145,雷門
飲食店,食べる,飲食店営業（一般・フレンチ）,ビストロ　マエダ,35.708771,139.795425,point,駒形一丁目１２番１０号,台東区,駒形,2036,台東区 食品衛生営業施設一覧,253,雷門
飲食店,食べる,飲食店営業（一般・フレンチ）,トロワキュイ,35.70557,139.794662,point,駒形二丁目１番７号,台東区,駒形,2135,台東区 食品衛生営業施設一覧,610,雷門
飲食店,食べる,飲食店営業（一般・フレンチ）,Ｎａｂｅｎｏ－Ｉｓｍ,35.706802,139.795319,point,駒形二丁目１番１７号,台東区,駒形,2119,台東区 食品衛生営業施設一覧,462,雷門
飲食店,食べる,飲食店営業（一般・フレンチ）,Ｓａｕｇｅ,35.721542,139.790558,point,千束二丁目２６番９号,台東区,千束,1593,台東区 食品衛生営業施設一覧,942,浅草寺
飲食店,食べる,飲食店営業（一般・フレンチ）,ブレーメンチ　御徒町,35.704887,139.776245,point,台東三丁目１６番４号,台東区,台東,1202,台東区 食品衛生営業施設一覧,414,アメヤ横丁
飲食店,食べる,飲食店営業（一般・フレンチ）,Ｇｅｔａｂｌｅ御徒町店,35.704887,139.776245,point,台東三丁目１６番４号,台東区,台東,1202,台東区 食品衛生営業施設一覧,414,アメヤ横丁
飲食店,食べる,飲食店営業（一般・フレンチ）,長谷川　幸太郎,35.705688,139.781128,point,台東四丁目２番１１号,台東区,台東,1254,台東区 食品衛生営業施設一覧,673,アメヤ横丁
飲食店,食べる,飲食店営業（一般・フレンチ）,らみらむ,35.702942,139.783493,point,鳥越一丁目２６番２号,台東区,鳥越,1625,台東区 食品衛生営業施設一覧,1014,アメヤ横丁
飲食店,食べる,飲食店営業（一般・フレンチ）,ビストロ　ＫＡＴＯＲＩ,35.711704,139.791336,point,西浅草一丁目８番９号,台東区,西浅草,1581,台東区 食品衛生営業施設一覧,476,仲見世通り
飲食店,食べる,飲食店営業（一般・フレンチ）,ＬＯＯＰ　ＴＯＫＹＯ,35.712963,139.791306,point,西浅草二丁目１５番１３号,台東区,西浅草,1545,台東区 食品衛生営業施設一覧,492,仲見世通り
飲食店,食べる,飲食店営業（一般・フレンチ）,イマージュ,35.716461,139.790787,point,西浅草三丁目２５番１号,台東区,西浅草,1474,台東区 食品衛生営業施設一覧,572,浅草寺
飲食店,食べる,飲食店営業（一般・フレンチ）,クレア,35.723763,139.779907,point,根岸三丁目１２番１８号,台東区,根岸,1031,台東区 食品衛生営業施設一覧,1102,上野公園
飲食店,食べる,飲食店営業（一般・フレンチ）,ＦＩＲＳＴ　ＡＩＲＬＩＮＥＳ　浅草,35.713463,139.800095,point,花川戸一丁目１３番１３号,台東区,花川戸,2323,台東区 食品衛生営業施設一覧,333,浅草寺
飲食店,食べる,飲食店営業（一般・フレンチ）,ゴトウ,35.714863,139.798843,point,花川戸二丁目７番１３号,台東区,花川戸,2199,台東区 食品衛生営業施設一覧,190,浅草寺
飲食店,食べる,飲食店営業（一般・フレンチ）,Ｌ’ａｍｂｉａｎｃｅ　ｄｏｕｃｅ,35.708946,139.777878,point,東上野二丁目１２番２号,台東区,東上野,800,台東区 食品衛生営業施設一覧,322,アメヤ横丁
飲食店,食べる,飲食店営業（一般・フレンチ）,レストラン　キエチュード,35.711136,139.781219,point,東上野三丁目３５番１号,台東区,東上野,784,台東区 食品衛生営業施設一覧,692,アメヤ横丁
飲食店,食べる,飲食店営業（一般・フレンチ）,ビストロＫＡＴＯＲＩ,35.714577,139.788132,point,松が谷二丁目２６番５号,台東区,松が谷,1236,台東区 食品衛生営業施設一覧,778,浅草寺
飲食店,食べる,飲食店営業（一般・フレンチ）,ビストロ　ＴＯＭ,35.720703,139.76532,point,谷中二丁目３番１６号,台東区,谷中,1004,台東区 食品衛生営業施設一覧,939,上野公園
飲食店,食べる,飲食店営業（一般・フレンチ）,谷中　ビストロ　サンセリテ,35.7215,139.763641,point,谷中二丁目５番１０号,台東区,谷中,1180,台東区 食品衛生営業施設一覧,1113,上野公園
飲食店,食べる,飲食店営業（一般・フレンチ）,ＳＵＧＩＵＲＡ,35.726871,139.768265,point,谷中五丁目９番２３号,台東区,谷中,1374,台東区 食品衛生営業施設一覧,1359,上野公園
飲食店,食べる,飲食店営業（一般・ラーメン）,中華そば専門　田中そば店　浅草店,35.711525,139.797104,point,浅草一丁目１番８号,台東区,浅草,2090,台東区 食品衛生営業施設一覧,62,仲見世通り
飲食店,食べる,飲食店営業（一般・ラーメン）,一蘭　浅草店,35.711182,139.797623,point,浅草一丁目１番１６号,台東区,浅草,2145,台東区 食品衛生営業施設一覧,94,雷門
飲食店,食べる,飲食店営業（一般・ラーメン）,浅草商店,35.711086,139.795898,point,浅草一丁目３番３号,台東区,浅草,1996,台東区 食品衛生営業施設一覧,79,雷門
飲食店,食べる,飲食店営業（一般・ラーメン）,一風堂浅草雷門通り店,35.71133,139.793793,point,浅草一丁目６番２号,台東区,浅草,1805,台東区 食品衛生営業施設一覧,261,仲見世通り
飲食店,食べる,飲食店営業（一般・ラーメン）,新潟ラーメン　なみ福　浅草店,35.711533,139.793777,point,浅草一丁目６番４号,台東区,浅草,1798,台東区 食品衛生営業施設一覧,258,仲見世通り
飲食店,食べる,飲食店営業（一般・ラーメン）,ＨＡＬＡＬ　ＷＡＧＹＵ　ＲＡＭＥＮ　ＳＨＩＮＪＵＫＵ－ＴＥＩ　Ａｓａｋｕｓａ　（ハラル和牛ラーメン新宿亭　浅草本店）,35.711521,139.792358,point,浅草一丁目１０番２号,台東区,浅草,1675,台東区 食品衛生営業施設一覧,385,仲見世通り
飲食店,食べる,飲食店営業（一般・ラーメン）,麺処　ゆずラボ。浅草店,35.711491,139.796432,point,浅草一丁目１８番１２号,台東区,浅草,2032,台東区 食品衛生営業施設一覧,48,仲見世通り
飲食店,食べる,飲食店営業（一般・ラーメン）,浅草らーめん　とおりやんせ,35.711891,139.795685,point,浅草一丁目２０番９号,台東区,浅草,1957,台東区 食品衛生営業施設一覧,83,仲見世通り
飲食店,食べる,飲食店営業（一般・ラーメン）,富士らーめん,35.712383,139.792419,point,浅草一丁目２４番５号,台東区,浅草,1657,台東区 食品衛生営業施設一覧,381,仲見世通り
飲食店,食べる,飲食店営業（一般・ラーメン）,まるかん麺,35.712498,139.79245,point,浅草一丁目２４番７号,台東区,浅草,1657,台東区 食品衛生営業施設一覧,381,仲見世通り
飲食店,食べる,飲食店営業（一般・ラーメン）,三豊麺　浅草,35.712475,139.792618,point,浅草一丁目２４番８号,台東区,浅草,1672,台東区 食品衛生営業施設一覧,365,仲見世通り
飲食店,食べる,飲食店営業（一般・ラーメン）,福しん浅草ＲＯＸ前店,35.712452,139.79277,point,浅草一丁目２４番９号,台東区,浅草,1686,台東区 食品衛生営業施設一覧,351,仲見世通り
飲食店,食べる,飲食店営業（一般・ラーメン）,壱角家　浅草店,35.71249,139.793015,point,浅草一丁目２５番１号,台東区,浅草,1707,台東区 食品衛生営業施設一覧,330,仲見世通り
飲食店,食べる,飲食店営業（一般・ラーメン）,どうとんぼり神座　浅草ＲＯＸ・３Ｇ店,35.712658,139.793259,point,浅草一丁目２６番５号,台東区,浅草,1725,台東区 食品衛生営業施設一覧,313,仲見世通り
飲食店,食べる,飲食店営業（一般・ラーメン）,らぁ麺　はやし田　浅草店,35.711758,139.797226,point,浅草一丁目３３番３号,台東区,浅草,2096,台東区 食品衛生営業施設一覧,59,仲見世通り
飲食店,食べる,飲食店営業（一般・ラーメン）,ラーメン渡邉,35.712044,139.797409,point,浅草一丁目３３番７号,台東区,浅草,2106,台東区 食品衛生営業施設一覧,75,仲見世通り
飲食店,食べる,飲食店営業（一般・ラーメン）,浅草名代らーめん　与ろゐ屋,35.712757,139.796768,point,浅草一丁目３６番７号,台東区,浅草,2035,台東区 食品衛生営業施設一覧,96,仲見世通り
飲食店,食べる,飲食店営業（一般・ラーメン）,担々麺　一龍,35.712933,139.796692,point,浅草二丁目２番４号,台東区,浅草,2025,台東区 食品衛生営業施設一覧,115,仲見世通り
飲食店,食べる,飲食店営業（一般・ラーメン）,一蘭浅草六区店,35.714432,139.793427,point,浅草二丁目６番１１号,台東区,浅草,1714,台東区 食品衛生営業施設一覧,302,浅草寺
飲食店,食べる,飲食店営業（一般・ラーメン）,春風堂,35.714432,139.793427,point,浅草二丁目６番１１号,台東区,浅草,1714,台東区 食品衛生営業施設一覧,302,浅草寺
飲食店,食べる,飲食店営業（一般・ラーメン）,麺処　若武者　ＡＳＡＫＵＳＡ,35.714573,139.794113,point,浅草二丁目７番１３号,台東区,浅草,1774,台東区 食品衛生営業施設一覧,239,浅草寺
飲食店,食べる,飲食店営業（一般・ラーメン）,醤油らーめん　きび太郎,35.715355,139.792755,point,浅草二丁目１３番３号,台東区,浅草,1648,台東区 食品衛生営業施設一覧,368,浅草寺
飲食店,食べる,飲食店営業（一般・ラーメン）,貝出汁　らぁ麺　海美風,35.715355,139.792755,point,浅草二丁目１３番３号,台東区,浅草,1648,台東区 食品衛生営業施設一覧,368,浅草寺
飲食店,食べる,飲食店営業（一般・ラーメン）,めんまる,35.715458,139.793671,point,浅草二丁目１５番２号,台東区,浅草,1731,台東区 食品衛生営業施設一覧,290,浅草寺
飲食店,食べる,飲食店営業（一般・ラーメン）,Ｄ．ｃａｆｅ＆ＢＡＲ／たけろくラーメン,35.717091,139.793106,point,浅草二丁目１９番７号,台東区,浅草,1688,台東区 食品衛生営業施設一覧,422,浅草寺
飲食店,食べる,飲食店営業（一般・ラーメン）,ＨＡＬＡＬ　ＲＡＭＥＮ　＆　ＷＡＧＹＵ　ＳＡＭＵＲＡＩ　ＳＯＵＬ,35.716736,139.79364,point,浅草二丁目２１番９号,台東区,浅草,1733,台東区 食品衛生営業施設一覧,359,浅草寺
飲食店,食べる,飲食店営業（一般・ラーメン）,自家製麺Ｎｏ１１,35.716774,139.794006,point,浅草二丁目２２番１０号,台東区,浅草,1766,台東区 食品衛生営業施設一覧,337,浅草寺
飲食店,食べる,飲食店営業（一般・ラーメン）,担々麺　一龍,35.713539,139.797913,point,浅草二丁目３５番１６号,台東区,浅草,2126,台東区 食品衛生営業施設一覧,168,浅草寺
飲食店,食べる,飲食店営業（一般・ラーメン）,帆のる　プレミア　浅草,35.717361,139.794098,point,浅草三丁目１６番１号,台東区,浅草,1780,台東区 食品衛生営業施設一覧,379,浅草寺
飲食店,食べる,飲食店営業（一般・ラーメン）,帆のるの和牛うどん＆らーめん浅草店,35.717308,139.795105,point,浅草三丁目１８番９号,台東区,浅草,1870,台東区 食品衛生営業施設一覧,324,浅草寺
飲食店,食べる,飲食店営業（一般・ラーメン）,やんばる食堂,35.720802,139.796371,point,浅草五丁目３７番１号,台東区,浅草,2057,台東区 食品衛生営業施設一覧,677,浅草寺
飲食店,食べる,飲食店営業（一般・ラーメン）,浅草製麺所,35.715862,139.79921,point,浅草六丁目９番４号,台東区,浅草,2231,台東区 食品衛生営業施設一覧,256,浅草寺
飲食店,食べる,飲食店営業（一般・ラーメン）,双麺　浅草橋店,35.697487,139.784164,point,浅草橋一丁目１６番５号,台東区,浅草橋,2195,台東区 食品衛生営業施設一覧,1491,アメヤ横丁
飲食店,食べる,飲食店営業（一般・ラーメン）,らーめん　浅草家,35.697449,139.785599,point,浅草橋一丁目１９番１号,台東区,浅草橋,2253,台東区 食品衛生営業施設一覧,1574,アメヤ横丁
飲食店,食べる,飲食店営業（一般・ラーメン）,知蘭ラーメン,35.697666,139.785461,point,浅草橋一丁目１９番４号,台東区,浅草橋,2226,台東区 食品衛生営業施設一覧,1548,アメヤ横丁
飲食店,食べる,飲食店営業（一般・ラーメン）,野郎ラーメン　　浅草橋店,35.697594,139.783752,point,浅草橋一丁目２３番２号,台東区,浅草橋,2169,台東区 食品衛生営業施設一覧,1460,アメヤ横丁
飲食店,食べる,飲食店営業（一般・ラーメン）,らーめん　かつお拳,35.69788,139.782944,point,浅草橋一丁目２４番５号,台東区,浅草橋,2113,台東区 食品衛生営業施設一覧,1392,アメヤ横丁
飲食店,食べる,飲食店営業（一般・ラーメン）,饗　くろ喜,35.697987,139.785461,point,浅草橋一丁目２８番９号,台東区,浅草橋,2194,台東区 食品衛生営業施設一覧,1521,アメヤ横丁
飲食店,食べる,飲食店営業（一般・ラーメン）,ヌードルボウズ　ｎ坊,35.698719,139.784882,point,浅草橋一丁目３３番５号,台東区,浅草橋,2098,台東区 食品衛生営業施設一覧,1425,アメヤ横丁
飲食店,食べる,飲食店営業（一般・ラーメン）,麺　ろく月,35.698879,139.785263,point,浅草橋二丁目４番５号,台東区,浅草橋,2098,台東区 食品衛生営業施設一覧,1435,アメヤ横丁
飲食店,食べる,飲食店営業（一般・ラーメン）,北地蔵,35.701534,139.788361,point,浅草橋三丁目２５番６号,台東区,浅草橋,2003,台東区 食品衛生営業施設一覧,1276,雷門
飲食店,食べる,飲食店営業（一般・ラーメン）,塩生姜らー麺専門店　ＭＡＮＮＩＳＨ　蔵前店,35.701534,139.788361,point,浅草橋三丁目２５番６号,台東区,浅草橋,2003,台東区 食品衛生営業施設一覧,1276,雷門
飲食店,食べる,飲食店営業（一般・ラーメン）,麺屋　まぜはる,35.698029,139.780807,point,浅草橋四丁目４番５号,台東区,浅草橋,2035,台東区 食品衛生営業施設一覧,1280,アメヤ横丁
飲食店,食べる,飲食店営業（一般・ラーメン）,どさんこ,35.720093,139.802277,point,今戸一丁目１０番９号,台東区,今戸,2557,台東区 食品衛生営業施設一覧,778,浅草寺
飲食店,食べる,飲食店営業（一般・ラーメン）,まぐろ将軍,35.719536,139.785324,point,入谷一丁目４番４号,台東区,入谷,1071,台東区 食品衛生営業施設一覧,1162,浅草寺
飲食店,食べる,飲食店営業（一般・ラーメン）,中華そば　天内,35.720112,139.784302,point,入谷一丁目６番５号,台東区,入谷,1017,台東区 食品衛生営業施設一覧,1116,上野公園
飲食店,食べる,飲食店営業（一般・ラーメン）,油そば　万人力,35.72123,139.786438,point,入谷一丁目２４番２号,台東区,入谷,1246,台東区 食品衛生営業施設一覧,1179,浅草寺
飲食店,食べる,飲食店営業（一般・ラーメン）,みやら製麺,35.705769,139.771088,point,上野一丁目２番８号,台東区,上野,1136,台東区 食品衛生営業施設一覧,411,アメヤ横丁
飲食店,食べる,飲食店営業（一般・ラーメン）,三休,35.705757,139.771286,point,上野一丁目２番９号,台東区,上野,1132,台東区 食品衛生営業施設一覧,399,アメヤ横丁
飲食店,食べる,飲食店営業（一般・ラーメン）,黔莊貴州牛羊粉　上野店,35.708157,139.772919,point,上野二丁目１番１０号,台東区,上野,840,台東区 食品衛生営業施設一覧,135,アメヤ横丁
飲食店,食べる,飲食店営業（一般・ラーメン）,磯川ラーメン,35.708157,139.772919,point,上野二丁目１番１０号,台東区,上野,840,台東区 食品衛生営業施設一覧,135,アメヤ横丁
飲食店,食べる,飲食店営業（一般・ラーメン）,韓流麺,35.708813,139.771622,point,上野二丁目４番５号,台東区,上野,798,台東区 食品衛生営業施設一覧,257,アメヤ横丁
飲食店,食べる,飲食店営業（一般・ラーメン）,横濱ラーメン　あさが家　上野店,35.709286,139.771942,point,上野二丁目１２番９号,台東区,上野,739,台東区 食品衛生営業施設一覧,248,アメヤ横丁
飲食店,食べる,飲食店営業（一般・ラーメン）,東京冷麺,35.703308,139.773468,point,上野三丁目１番５号,台東区,上野,1370,台東区 食品衛生営業施設一覧,561,アメヤ横丁
飲食店,食べる,飲食店営業（一般・ラーメン）,らーめん　藪づか,35.705067,139.773102,point,上野三丁目１３番１号,台東区,上野,1178,台東区 食品衛生営業施設一覧,378,アメヤ横丁
飲食店,食べる,飲食店営業（一般・ラーメン）,一風堂　上野広小路店,35.705997,139.7724,point,上野三丁目１７番５号,台東区,上野,1085,台東区 食品衛生営業施設一覧,313,アメヤ横丁
飲食店,食べる,飲食店営業（一般・ラーメン）,日高屋　御徒町南口店,35.705921,139.774216,point,上野三丁目２０番８号,台東区,上野,1077,台東区 食品衛生営業施設一覧,265,アメヤ横丁
飲食店,食べる,飲食店営業（一般・ラーメン）,俺の生きる道　上野店,35.706318,139.772964,point,上野三丁目２３番３号,台東区,上野,1041,台東区 食品衛生営業施設一覧,256,アメヤ横丁
飲食店,食べる,飲食店営業（一般・ラーメン）,エニシスタンド,35.707405,139.77446,point,上野三丁目２７番１２号,台東区,上野,911,台東区 食品衛生営業施設一覧,100,アメヤ横丁
飲食店,食べる,飲食店営業（一般・ラーメン）,北海道らーめん　みそ熊　御徒町駅前店,35.707951,139.774506,point,上野四丁目１番１号,台東区,上野,851,台東区 食品衛生営業施設一覧,40,アメヤ横丁
飲食店,食べる,飲食店営業（一般・ラーメン）,禁断のとびら,35.708054,139.7742,point,上野四丁目１番３号,台東区,上野,840,台東区 食品衛生営業施設一覧,33,アメヤ横丁
飲食店,食べる,飲食店営業（一般・ラーメン）,焼きあご塩らーめん　たかはし,35.708321,139.774292,point,上野四丁目１番５号,台東区,上野,810,台東区 食品衛生営業施設一覧,10,アメヤ横丁
飲食店,食べる,飲食店営業（一般・ラーメン）,旭川味噌ラーメン　ばんから,35.708,139.774048,point,上野四丁目２番１号,台東区,上野,846,台東区 食品衛生営業施設一覧,46,アメヤ横丁
飲食店,食べる,飲食店営業（一般・ラーメン）,鶏そば　かぐら屋　上野御徒町店,35.708,139.774048,point,上野四丁目２番１号,台東区,上野,846,台東区 食品衛生営業施設一覧,46,アメヤ横丁
飲食店,食べる,飲食店営業（一般・ラーメン）,天下一品上野アメ横店,35.708359,139.773941,point,上野四丁目２番５号,台東区,上野,807,台東区 食品衛生営業施設一覧,42,アメヤ横丁
飲食店,食べる,飲食店営業（一般・ラーメン）,国壱麺,35.708038,139.773697,point,上野四丁目３番１号,台東区,上野,844,台東区 食品衛生営業施設一覧,70,アメヤ横丁
飲食店,食べる,飲食店営業（一般・ラーメン）,俺の創作らぁめん　極や　上野広小路店,35.708191,139.773346,point,上野四丁目４番３号,台東区,上野,830,台東区 食品衛生営業施設一覧,96,アメヤ横丁
飲食店,食べる,飲食店営業（一般・ラーメン）,一蘭　上野御徒町店,35.708447,139.773392,point,上野四丁目４番５号,台東区,上野,802,台東区 食品衛生営業施設一覧,92,アメヤ横丁
飲食店,食べる,飲食店営業（一般・ラーメン）,北海道ら～めん　　ひむろ　上野店,35.708698,139.773727,point,上野四丁目５番２号,台東区,上野,771,台東区 食品衛生営業施設一覧,75,アメヤ横丁
飲食店,食べる,飲食店営業（一般・ラーメン）,らぁ麺　はやし田　上野御徒町店,35.708698,139.773727,point,上野四丁目５番２号,台東区,上野,771,台東区 食品衛生営業施設一覧,75,アメヤ横丁
飲食店,食べる,飲食店営業（一般・ラーメン）,つけめんＴＥＴＳＵ御徒町店,35.705906,139.774445,point,上野五丁目１０番１４号,台東区,上野,1078,台東区 食品衛生営業施設一覧,266,アメヤ横丁
飲食店,食べる,飲食店営業（一般・ラーメン）,中華そば　青葉　御徒町店,35.705906,139.774445,point,上野五丁目１０番１４号,台東区,上野,1078,台東区 食品衛生営業施設一覧,266,アメヤ横丁
飲食店,食べる,飲食店営業（一般・ラーメン）,蒙古タンメン中本　御徒町店,35.705906,139.774445,point,上野五丁目１０番１４号,台東区,上野,1078,台東区 食品衛生営業施設一覧,266,アメヤ横丁
飲食店,食べる,飲食店営業（一般・ラーメン）,麺屋翔　御徒町店,35.705906,139.774445,point,上野五丁目１０番１４号,台東区,上野,1078,台東区 食品衛生営業施設一覧,266,アメヤ横丁
飲食店,食べる,飲食店営業（一般・ラーメン）,魚と豚と黒三兵,35.705906,139.774445,point,上野五丁目１０番１４号,台東区,上野,1078,台東区 食品衛生営業施設一覧,266,アメヤ横丁
飲食店,食べる,飲食店営業（一般・ラーメン）,わ蔵　御徒町店,35.705906,139.774445,point,上野五丁目１０番１４号,台東区,上野,1078,台東区 食品衛生営業施設一覧,266,アメヤ横丁
飲食店,食べる,飲食店営業（一般・ラーメン）,担々香麺アカナツメ御徒町ラーメン横丁店,35.705906,139.774445,point,上野五丁目１０番１４号,台東区,上野,1078,台東区 食品衛生営業施設一覧,266,アメヤ横丁
飲食店,食べる,飲食店営業（一般・ラーメン）,桂花ラーメン　御徒町店,35.705906,139.774445,point,上野五丁目１０番１４号,台東区,上野,1078,台東区 食品衛生営業施設一覧,266,アメヤ横丁
飲食店,食べる,飲食店営業（一般・ラーメン）,えぞ菊,35.706264,139.774384,point,上野五丁目２０番４号,台東区,上野,1038,台東区 食品衛生営業施設一覧,226,アメヤ横丁
飲食店,食べる,飲食店営業（一般・ラーメン）,寿限無担々麺　上野店,35.708279,139.775787,point,上野六丁目１番６号,台東区,上野,822,台東区 食品衛生営業施設一覧,125,アメヤ横丁
飲食店,食べる,飲食店営業（一般・ラーメン）,鳥ぶし,35.708279,139.775787,point,上野六丁目１番６号,台東区,上野,822,台東区 食品衛生営業施設一覧,125,アメヤ横丁
飲食店,食べる,飲食店営業（一般・ラーメン）,あいだや,35.708279,139.775787,point,上野六丁目１番６号,台東区,上野,822,台東区 食品衛生営業施設一覧,125,アメヤ横丁
飲食店,食べる,飲食店営業（一般・ラーメン）,壱角家　御徒町駅前店,35.707832,139.775604,point,上野六丁目２番１号,台東区,上野,869,台東区 食品衛生営業施設一覧,121,アメヤ横丁
飲食店,食べる,飲食店営業（一般・ラーメン）,鴨ｔｏ葱,35.708309,139.775223,point,上野六丁目３番５号,台東区,上野,813,台東区 食品衛生営業施設一覧,74,アメヤ横丁
飲食店,食べる,飲食店営業（一般・ラーメン）,鴨ｔｏ葱,35.708527,139.775162,point,上野六丁目４番１５号,台東区,上野,789,台東区 食品衛生営業施設一覧,73,アメヤ横丁
飲食店,食べる,飲食店営業（一般・ラーメン）,一絆,35.708118,139.775116,point,上野六丁目４番１８号,台東区,上野,834,台東区 食品衛生営業施設一覧,68,アメヤ横丁
飲食店,食べる,飲食店営業（一般・ラーメン）,あいだや２,35.709415,139.77623,point,上野六丁目７番１９号,台東区,上野,705,台東区 食品衛生営業施設一覧,207,アメヤ横丁
飲食店,食べる,飲食店営業（一般・ラーメン）,日高屋　上野店,35.709156,139.775482,point,上野六丁目８番４号,台東区,上野,722,台東区 食品衛生営業施設一覧,136,アメヤ横丁
飲食店,食べる,飲食店営業（一般・ラーメン）,麺処花田,35.709427,139.775497,point,上野六丁目８番６号,台東区,上野,692,台東区 食品衛生営業施設一覧,160,アメヤ横丁
飲食店,食べる,飲食店営業（一般・ラーメン）,田楽,35.709587,139.774704,point,上野六丁目１０番７号,台東区,上野,669,台東区 食品衛生営業施設一覧,146,アメヤ横丁
飲食店,食べる,飲食店営業（一般・ラーメン）,上野アメ横　濃厚鶏白湯ラーメン　鶏王子,35.709587,139.774704,point,上野六丁目１０番７号,台東区,上野,669,台東区 食品衛生営業施設一覧,146,アメヤ横丁
飲食店,食べる,飲食店営業（一般・ラーメン）,麺屋武蔵武骨相傳,35.711128,139.774872,point,上野六丁目１１番１５号,台東区,上野,498,台東区 食品衛生営業施設一覧,317,アメヤ横丁
飲食店,食べる,飲食店営業（一般・ラーメン）,東京油組総本店　上野組,35.71138,139.775543,point,上野六丁目１４番７号,台東区,上野,479,台東区 食品衛生営業施設一覧,358,アメヤ横丁
飲食店,食べる,飲食店営業（一般・ラーメン）,博多風龍　上野店,35.711155,139.775574,point,上野六丁目１４番９号,台東区,上野,504,台東区 食品衛生営業施設一覧,335,アメヤ横丁
飲食店,食べる,飲食店営業（一般・ラーメン）,?屋　こころ　上野店,35.710922,139.776062,point,上野六丁目１６番９号,台東区,上野,539,台東区 食品衛生営業施設一覧,328,アメヤ横丁
飲食店,食べる,飲食店営業（一般・ラーメン）,鯛塩そば灯花　アトレ上野店,35.713696,139.776917,point,上野七丁目１番１号,台東区,上野,304,台東区 食品衛生営業施設一覧,369,上野公園
飲食店,食べる,飲食店営業（一般・ラーメン）,日高屋　上野駅入谷口店,35.713696,139.776917,point,上野七丁目１番１号,台東区,上野,304,台東区 食品衛生営業施設一覧,369,上野公園
飲食店,食べる,飲食店営業（一般・ラーメン）,Ｔ’ｓ　たんたん　エキュート上野店,35.713696,139.776917,point,上野七丁目１番１号,台東区,上野,304,台東区 食品衛生営業施設一覧,369,上野公園
飲食店,食べる,飲食店営業（一般・ラーメン）,ＴＯＫＹＯ豚骨ＢＡＳＥ　エキュート上野店,35.713696,139.776917,point,上野七丁目１番１号,台東区,上野,304,台東区 食品衛生営業施設一覧,369,上野公園
飲食店,食べる,飲食店営業（一般・ラーメン）,博多ラーメン長浜や上野店,35.71241,139.777435,point,上野七丁目２番１号,台東区,上野,443,台東区 食品衛生営業施設一覧,492,上野公園
飲食店,食べる,飲食店営業（一般・ラーメン）,壱角家　上野店,35.712334,139.777878,point,上野七丁目３番１号,台東区,上野,474,台東区 食品衛生営業施設一覧,527,上野公園
飲食店,食べる,飲食店営業（一般・ラーメン）,らーめん　たか虎,35.713871,139.778717,point,上野七丁目６番７号,台東区,上野,427,台東区 食品衛生営業施設一覧,509,上野公園
飲食店,食べる,飲食店営業（一般・ラーメン）,陣矢,35.715313,139.779221,point,上野七丁目１０番４号,台東区,上野,427,台東区 食品衛生営業施設一覧,526,上野公園
飲食店,食べる,飲食店営業（一般・ラーメン）,日高屋　浅草雷門店,35.711094,139.793808,point,雷門一丁目１４番７号,台東区,雷門,1814,台東区 食品衛生営業施設一覧,263,雷門
飲食店,食べる,飲食店営業（一般・ラーメン）,麺屋　つけ麺　太輔,35.711189,139.793015,point,雷門一丁目１５番１０号,台東区,雷門,1742,台東区 食品衛生営業施設一覧,333,仲見世通り
飲食店,食べる,飲食店営業（一般・ラーメン）,十吉樓,35.711254,139.79213,point,雷門一丁目１６番６号,台東区,雷門,1663,台東区 食品衛生営業施設一覧,410,仲見世通り
飲食店,食べる,飲食店営業（一般・ラーメン）,中華ソバ　ビリケン,35.709038,139.795731,point,雷門二丁目４番１号,台東区,雷門,2051,台東区 食品衛生営業施設一覧,215,雷門
飲食店,食べる,飲食店営業（一般・ラーメン）,喜多方ラーメン　坂内　浅草店,35.709057,139.795868,point,雷門二丁目４番１１号,台東区,雷門,2062,台東区 食品衛生営業施設一覧,208,雷門
飲食店,食べる,飲食店営業（一般・ラーメン）,馬賊,35.709564,139.794556,point,雷門二丁目７番６号,台東区,雷門,1931,台東区 食品衛生営業施設一覧,237,雷門
飲食店,食べる,飲食店営業（一般・ラーメン）,鴨ｔｏ葱,35.71085,139.795731,point,雷門二丁目１７番９号,台東区,雷門,1988,台東区 食品衛生営業施設一覧,88,雷門
飲食店,食べる,飲食店営業（一般・ラーメン）,らーめん　サムライ,35.719433,139.784561,point,北上野二丁目３０番９号,台東区,北上野,1003,台東区 食品衛生営業施設一覧,1104,上野公園
飲食店,食べる,飲食店営業（一般・ラーメン）,らーめん・天神下　大喜,35.719433,139.784561,point,北上野二丁目３０番９号,台東区,北上野,1003,台東区 食品衛生営業施設一覧,1104,上野公園
飲食店,食べる,飲食店営業（一般・ラーメン）,有限会社　朝日山,35.723034,139.801636,point,清川一丁目６番３号,台東区,清川,2585,台東区 食品衛生営業施設一覧,1024,浅草寺
飲食店,食べる,飲食店営業（一般・ラーメン）,大釜本店,35.726208,139.804291,point,清川一丁目２９番５号,台東区,清川,2937,台東区 食品衛生営業施設一覧,1447,浅草寺
飲食店,食べる,飲食店営業（一般・ラーメン）,来集軒,35.726261,139.801163,point,清川二丁目５番１号,台東区,清川,2683,台東区 食品衛生営業施設一覧,1344,浅草寺
飲食店,食べる,飲食店営業（一般・ラーメン）,らーめん元楽,35.703857,139.792328,point,蔵前二丁目１２番３号,台東区,蔵前,2073,台東区 食品衛生営業施設一覧,867,雷門
飲食店,食べる,飲食店営業（一般・ラーメン）,日高屋　蔵前駅前店,35.7048,139.792572,point,蔵前三丁目１３番１０号,台東区,蔵前,2026,台東区 食品衛生営業施設一覧,764,雷門
飲食店,食べる,飲食店営業（一般・ラーメン）,上々,35.705639,139.790802,point,蔵前三丁目１７番３号,台東区,蔵前,1842,台東区 食品衛生営業施設一覧,783,雷門
飲食店,食べる,飲食店営業（一般・ラーメン）,らーめん　改,35.70438,139.790131,point,蔵前四丁目２０番１０号,台東区,蔵前,1884,台東区 食品衛生営業施設一覧,928,雷門
飲食店,食べる,飲食店営業（一般・ラーメン）,京香房,35.706741,139.783768,point,小島二丁目１８番１２号,台東区,小島,1293,台東区 食品衛生営業施設一覧,863,アメヤ横丁
飲食店,食べる,飲食店営業（一般・ラーメン）,中華そば　新,35.706707,139.784088,point,小島二丁目１８番１４号,台東区,小島,1314,台東区 食品衛生営業施設一覧,892,アメヤ横丁
飲食店,食べる,飲食店営業（一般・ラーメン）,麺　みつヰ,35.709526,139.790359,point,寿二丁目９番１５号,台東区,寿,1583,台東区 食品衛生営業施設一覧,590,雷門
飲食店,食べる,飲食店営業（一般・ラーメン）,うるち,35.709389,139.790344,point,寿二丁目９番１６号,台東区,寿,1588,台東区 食品衛生営業施設一覧,595,雷門
飲食店,食べる,飲食店営業（一般・ラーメン）,博多ラーメン　一心,35.707676,139.791199,point,寿三丁目１９番４号,台東区,寿,1746,台東区 食品衛生営業施設一覧,606,雷門
飲食店,食べる,飲食店営業（一般・ラーメン）,浅草　熟成味噌らーめんのりあき・美々,35.708317,139.794754,point,駒形一丁目９番９号,台東区,駒形,2000,台東区 食品衛生営業施設一覧,327,雷門
飲食店,食べる,飲食店営業（一般・ラーメン）,麺処むささんじん,35.705383,139.793655,point,駒形二丁目３番４号,台東区,駒形,2069,台東区 食品衛生営業施設一覧,662,雷門
飲食店,食べる,飲食店営業（一般・ラーメン）,麺処　晴,35.719757,139.783279,point,下谷一丁目１１番７号,台東区,下谷,918,台東区 食品衛生営業施設一覧,1016,上野公園
飲食店,食べる,飲食店営業（一般・ラーメン）,Ｃｒａｆｔ　Ｒａｍｅｎ　ＢｉＴ,35.719398,139.782745,point,下谷一丁目１２番２５号,台東区,下谷,856,台東区 食品衛生営業施設一覧,955,上野公園
飲食店,食べる,飲食店営業（一般・ラーメン）,秋鈴ラーメン,35.725979,139.788162,point,下谷三丁目１７番１号,台東区,下谷,1689,台東区 食品衛生営業施設一覧,1473,浅草寺
飲食店,食べる,飲食店営業（一般・ラーメン）,俺の生きる道　入谷店,35.720615,139.792953,point,千束三丁目６番８号,台東区,千束,1757,台東区 食品衛生営業施設一覧,740,浅草寺
飲食店,食べる,飲食店営業（一般・ラーメン）,らーめんランド,35.724289,139.796204,point,千束四丁目３５番４号,台東区,千束,2185,台東区 食品衛生営業施設一覧,1065,浅草寺
飲食店,食べる,飲食店営業（一般・ラーメン）,麺屋　いまむら,35.700989,139.780579,point,台東一丁目１番１１号,台東区,台東,1715,台東区 食品衛生営業施設一覧,986,アメヤ横丁
飲食店,食べる,飲食店営業（一般・ラーメン）,麺屋加減,35.700989,139.780579,point,台東一丁目１番１１号,台東区,台東,1715,台東区 食品衛生営業施設一覧,986,アメヤ横丁
飲食店,食べる,飲食店営業（一般・ラーメン）,スパイスラーメン　卍力,35.701317,139.775864,point,台東一丁目１０番５号,台東区,台東,1593,台東区 食品衛生営業施設一覧,788,アメヤ横丁
飲食店,食べる,飲食店営業（一般・ラーメン）,Ｊａｐａｎｅｓｅ　ｆｉｓｈ　ｎｏｏｄｌｅ　ウミのチカラ,35.702404,139.777267,point,台東一丁目３２番６号,台東区,台東,1488,台東区 食品衛生営業施設一覧,705,アメヤ横丁
飲食店,食べる,飲食店営業（一般・ラーメン）,好美味　秋葉原店,35.702599,139.778076,point,台東二丁目５番３号,台東区,台東,1481,台東区 食品衛生営業施設一覧,716,アメヤ横丁
飲食店,食べる,飲食店営業（一般・ラーメン）,ラーメン　イエロー,35.702705,139.77655,point,台東二丁目７番４号,台東区,台東,1446,台東区 食品衛生営業施設一覧,652,アメヤ横丁
飲食店,食べる,飲食店営業（一般・ラーメン）,太幸結,35.703392,139.776794,point,台東二丁目１０番９号,台東区,台東,1373,台東区 食品衛生営業施設一覧,587,アメヤ横丁
飲食店,食べる,飲食店営業（一般・ラーメン）,とりジンジャー,35.70575,139.778259,point,台東四丁目５番５号,台東区,台東,1147,台東区 食品衛生営業施設一覧,449,アメヤ横丁
飲食店,食べる,飲食店営業（一般・ラーメン）,四川担担麺　浅草阿吽,35.710526,139.791306,point,西浅草一丁目１番１３号,台東区,西浅草,1619,台東区 食品衛生営業施設一覧,488,雷門
飲食店,食べる,飲食店営業（一般・ラーメン）,家系らーめん　武将家,35.710606,139.79129,point,西浅草一丁目７番２号,台東区,西浅草,1614,台東区 食品衛生営業施設一覧,489,雷門
飲食店,食べる,飲食店営業（一般・ラーメン）,北海道　ラーメン　ひむろ　浅草店,35.711967,139.791901,point,西浅草二丁目１番１１号,台東区,西浅草,1622,台東区 食品衛生営業施設一覧,424,仲見世通り
飲食店,食べる,飲食店営業（一般・ラーメン）,ゑぞ食堂,35.712559,139.790405,point,西浅草二丁目１０番４号,台東区,西浅草,1475,台東区 食品衛生営業施設一覧,564,仲見世通り
飲食店,食べる,飲食店営業（一般・ラーメン）,三休ハラール日本料理浅草店,35.713814,139.790588,point,西浅草二丁目２５番７号,台東区,西浅草,1466,台東区 食品衛生営業施設一覧,565,浅草寺
飲食店,食べる,飲食店営業（一般・ラーメン）,来集軒,35.713413,139.791763,point,西浅草二丁目２６番３号,台東区,西浅草,1577,台東区 食品衛生営業施設一覧,468,仲見世通り
飲食店,食べる,飲食店営業（一般・ラーメン）,万人力　浅草店,35.714424,139.792084,point,西浅草三丁目１番７号,台東区,西浅草,1593,台東区 食品衛生営業施設一覧,423,浅草寺
飲食店,食べる,飲食店営業（一般・ラーメン）,ラーメン「じゃん腹」,35.714989,139.792282,point,西浅草三丁目１６番９号,台東区,西浅草,1607,台東区 食品衛生営業施設一覧,404,浅草寺
飲食店,食べる,飲食店営業（一般・ラーメン）,リトルアジア,35.717709,139.79068,point,西浅草三丁目２９番２０号,台東区,西浅草,1479,台東区 食品衛生営業施設一覧,641,浅草寺
飲食店,食べる,飲食店営業（一般・ラーメン）,茶々亭,35.721069,139.780563,point,根岸一丁目１番１９号,台東区,根岸,818,台東区 食品衛生営業施設一覧,905,上野公園
飲食店,食べる,飲食店営業（一般・ラーメン）,鶯家,35.721256,139.780304,point,根岸一丁目２番２０号,台東区,根岸,819,台東区 食品衛生営業施設一覧,903,上野公園
飲食店,食べる,飲食店営業（一般・ラーメン）,ラーメン　長山,35.720734,139.779724,point,根岸一丁目３番２１号,台東区,根岸,740,台東区 食品衛生営業施設一覧,825,上野公園
飲食店,食べる,飲食店営業（一般・ラーメン）,海老塩ラーメン,35.724407,139.778671,point,根岸二丁目１６番１１号,台東区,根岸,1049,台東区 食品衛生営業施設一覧,1111,上野公園
飲食店,食べる,飲食店営業（一般・ラーメン）,七麺鳥,35.72488,139.778717,point,根岸二丁目１８番２３号,台東区,根岸,1100,台東区 食品衛生営業施設一覧,1160,上野公園
飲食店,食べる,飲食店営業（一般・ラーメン）,江戸煮干中華そば　きみはん,35.722237,139.781631,point,根岸三丁目３番１８号,台東区,根岸,979,台東区 食品衛生営業施設一覧,1065,上野公園
飲食店,食べる,飲食店営業（一般・ラーメン）,天下一うどん,35.721722,139.780472,point,根岸三丁目４番５号,台東区,根岸,868,台東区 食品衛生営業施設一覧,951,上野公園
飲食店,食べる,飲食店営業（一般・ラーメン）,鴻福餃子酒場,35.722672,139.779663,point,根岸三丁目７番１８号,台東区,根岸,914,台東区 食品衛生営業施設一覧,989,上野公園
飲食店,食べる,飲食店営業（一般・ラーメン）,なかや,35.726494,139.787659,point,根岸五丁目１３番１８号,台東区,根岸,1697,台東区 食品衛生営業施設一覧,1545,浅草寺
飲食店,食べる,飲食店営業（一般・ラーメン）,本格豚骨ラーメン　味味,35.730537,139.791275,point,根岸五丁目２５番１号,台東区,根岸,2248,台東区 食品衛生営業施設一覧,1827,浅草寺
飲食店,食べる,飲食店営業（一般・ラーメン）,麺や　鶏とだし　はなれ,35.726063,139.805725,point,橋場一丁目３２番７号,台東区,橋場,3050,台東区 食品衛生営業施設一覧,1499,浅草寺
飲食店,食べる,飲食店営業（一般・ラーメン）,浅草生田庵,35.712517,139.797943,point,花川戸一丁目６番４号,台東区,花川戸,2144,台東区 食品衛生営業施設一覧,139,仲見世通り
飲食店,食べる,飲食店営業（一般・ラーメン）,Ｃｈｏｔｔｏ　Ｍａｔｃｈａ,35.712772,139.799332,point,花川戸一丁目１０番１４号,台東区,花川戸,2264,台東区 食品衛生営業施設一覧,265,仲見世通り
飲食店,食べる,飲食店営業（一般・ラーメン）,竹三郎,35.713676,139.798203,point,花川戸一丁目１５番４号,台東区,花川戸,2151,台東区 食品衛生営業施設一覧,175,浅草寺
飲食店,食べる,飲食店営業（一般・ラーメン）,ＨＡＬＡＬ　ＡＮＤ　ＶＥＡＧＡＮ　ＲＡＭＥＮ　ＤＡＴＴＥＢＡＹＯ！,35.714729,139.801819,point,花川戸二丁目１５番６号,台東区,花川戸,2468,台東区 食品衛生営業施設一覧,458,浅草寺
飲食店,食べる,飲食店営業（一般・ラーメン）,ラーメン富士虎屋　浅草店,35.715096,139.801315,point,花川戸二丁目１６番９号,台東区,花川戸,2422,台東区 食品衛生営業施設一覧,414,浅草寺
飲食店,食べる,飲食店営業（一般・ラーメン）,らーめん弁慶,35.715141,139.800812,point,花川戸二丁目１７番９号,台東区,花川戸,2376,台東区 食品衛生営業施設一覧,370,浅草寺
飲食店,食べる,飲食店営業（一般・ラーメン）,うりんぼ,35.715534,139.799026,point,花川戸二丁目２１番７号,台東区,花川戸,2214,台東区 食品衛生営業施設一覧,225,浅草寺
飲食店,食べる,飲食店営業（一般・ラーメン）,来福亭,35.724121,139.801147,point,東浅草二丁目１５番８号,台東区,東浅草,2585,台東区 食品衛生営業施設一覧,1118,浅草寺
飲食店,食べる,飲食店営業（一般・ラーメン）,熊ぼっこラーメン,35.70779,139.781906,point,東上野一丁目１番１１号,台東区,東上野,1096,台東区 食品衛生営業施設一覧,680,アメヤ横丁
飲食店,食べる,飲食店営業（一般・ラーメン）,横浜家系らーめん侍　上野店,35.709816,139.777145,point,東上野二丁目１８番１号,台東区,東上野,686,台東区 食品衛生営業施設一覧,300,アメヤ横丁
飲食店,食べる,飲食店営業（一般・ラーメン）,一真亭,35.710518,139.781082,point,東上野三丁目５番８号,台東区,東上野,820,台東区 食品衛生営業施設一覧,652,アメヤ横丁
飲食店,食べる,飲食店営業（一般・ラーメン）,麺巧潮　上野製麺所,35.710979,139.779114,point,東上野三丁目２２番２号,台東区,東上野,661,台東区 食品衛生営業施設一覧,520,アメヤ横丁
飲食店,食べる,飲食店営業（一般・ラーメン）,さんじ,35.710781,139.780411,point,東上野三丁目２５番１２号,台東区,東上野,756,台東区 食品衛生営業施設一覧,609,アメヤ横丁
飲食店,食べる,飲食店営業（一般・ラーメン）,横浜家系ラーメン希家上野店,35.711864,139.778687,point,東上野三丁目３９番７号,台東区,東上野,562,台東区 食品衛生営業施設一覧,554,アメヤ横丁
飲食店,食べる,飲食店営業（一般・ラーメン）,風神の豚　上野店,35.712151,139.778839,point,東上野四丁目３番１号,台東区,東上野,548,台東区 食品衛生営業施設一覧,587,アメヤ横丁
飲食店,食べる,飲食店営業（一般・ラーメン）,麺屋　天王,35.714088,139.779724,point,東上野四丁目１０番６号,台東区,東上野,501,台東区 食品衛生営業施設一覧,589,上野公園
飲食店,食べる,飲食店営業（一般・ラーメン）,日高屋　稲荷町店,35.711487,139.782516,point,東上野五丁目１番３号,台東区,東上野,856,台東区 食品衛生営業施設一覧,814,アメヤ横丁
飲食店,食べる,飲食店営業（一般・ラーメン）,ラーメン　麺徳,35.715294,139.782822,point,東上野五丁目２４番１１号,台東区,東上野,752,台東区 食品衛生営業施設一覧,851,上野公園
飲食店,食べる,飲食店営業（一般・ラーメン）,支那そば大和,35.711315,139.783951,point,東上野六丁目１番７号,台東区,東上野,977,台東区 食品衛生営業施設一覧,925,アメヤ横丁
飲食店,食べる,飲食店営業（一般・ラーメン）,喜多方ラーメン　新じま,35.727127,139.791,point,三ノ輪一丁目８番５号,台東区,三ノ輪,1965,台東区 食品衛生営業施設一覧,1474,浅草寺
飲食店,食べる,飲食店営業（一般・ラーメン）,稲荷屋,35.710835,139.784515,point,元浅草二丁目１０番１３号,台東区,元浅草,1048,台東区 食品衛生営業施設一覧,956,アメヤ横丁
飲食店,食べる,飲食店営業（一般・ラーメン）,Ａｙａｍ－ＹＡ　新御徒町店,35.707092,139.78624,point,元浅草三丁目１０番３号,台東区,元浅草,1421,台東区 食品衛生営業施設一覧,1031,雷門
飲食店,食べる,飲食店営業（一般・ラーメン）,喜多方食堂,35.71064,139.785599,point,元浅草四丁目７番１５号,台東区,元浅草,1144,台東区 食品衛生営業施設一覧,1002,雷門
飲食店,食べる,飲食店営業（一般・ラーメン）,天福楼,35.710506,139.786392,point,元浅草四丁目８番８号,台東区,元浅草,1214,台東区 食品衛生営業施設一覧,931,雷門
飲食店,食べる,飲食店営業（一般・ラーメン）,あたりや食堂,35.718983,139.766922,point,谷中一丁目２番１４号,台東区,谷中,781,台東区 食品衛生営業施設一覧,709,上野公園
飲食店,食べる,飲食店営業（一般・ラーメン）,ずるり,35.729622,139.763992,point,谷中三丁目１８番９号,台東区,谷中,1825,台東区 食品衛生営業施設一覧,1797,上野公園
飲食店,食べる,飲食店営業（一般・ラーメン）,麺屋　義,35.7309,139.763748,point,谷中三丁目２４番１号,台東区,谷中,1959,台東区 食品衛生営業施設一覧,1933,上野公園
飲食店,食べる,飲食店営業（一般・ラーメン）,拉麺発信所　博多一風堂　浅草橋本舗,35.696075,139.785767,point,柳橋一丁目３番６号,台東区,柳橋,2398,台東区 食品衛生営業施設一覧,1703,アメヤ横丁
飲食店,食べる,飲食店営業（一般・ラーメン）,なぎちゃんラーメン　浅草橋駅前店,35.696846,139.786179,point,柳橋一丁目１３番３号,台東区,柳橋,2337,台東区 食品衛生営業施設一覧,1659,アメヤ横丁
飲食店,食べる,飲食店営業（一般・ラーメン）,日高屋　浅草橋店,35.696964,139.786255,point,柳橋一丁目１３番４号,台東区,柳橋,2328,台東区 食品衛生営業施設一覧,1654,アメヤ横丁
飲食店,食べる,飲食店営業（一般・ラーメン）,らーめん　福籠,35.696964,139.786255,point,柳橋一丁目１３番４号,台東区,柳橋,2328,台東区 食品衛生営業施設一覧,1654,アメヤ横丁
飲食店,食べる,飲食店営業（一般・ラーメン）,らーめん　山笠ノ龍,35.697083,139.786316,point,柳橋一丁目１３番５号,台東区,柳橋,2319,台東区 食品衛生営業施設一覧,1647,アメヤ横丁
飲食店,食べる,飲食店営業（一般・ラーメン）,らあめん　花月嵐　浅草橋店,35.699551,139.787918,point,柳橋二丁目１４番４号,台東区,柳橋,2157,台東区 食品衛生営業施設一覧,1481,雷門
飲食店,食べる,飲食店営業（一般・外食）,有限会社　モンブラン・テン,35.711666,139.79335,point,浅草一丁目８番６号,台東区,浅草,1757,台東区 食品衛生営業施設一覧,295,仲見世通り
飲食店,食べる,飲食店営業（一般・外食）,ぱいち,35.711624,139.793991,point,浅草一丁目１５番１号,台東区,浅草,1814,台東区 食品衛生営業施設一覧,238,仲見世通り
飲食店,食べる,飲食店営業（一般・外食）,㈱ヨシカミ,35.712952,139.793732,point,浅草一丁目４１番４号,台東区,浅草,1761,台東区 食品衛生営業施設一覧,284,仲見世通り
飲食店,食べる,飲食店営業（一般・外食）,アリゾナ,35.714573,139.794113,point,浅草二丁目７番１３号,台東区,浅草,1774,台東区 食品衛生営業施設一覧,239,浅草寺
飲食店,食べる,飲食店営業（一般・外食）,ミスターデンジャー浅草観音店,35.716251,139.795776,point,浅草二丁目２８番２１号,台東区,浅草,1922,台東区 食品衛生営業施設一覧,192,浅草寺
飲食店,食べる,飲食店営業（一般・外食）,福昇亭,35.717495,139.797791,point,浅草三丁目３１番７号,台東区,浅草,2113,台東区 食品衛生営業施設一覧,323,浅草寺
飲食店,食べる,飲食店営業（一般・外食）,ストーン,35.697147,139.785492,point,浅草橋一丁目１０番１２号,台東区,浅草橋,2279,台東区 食品衛生営業施設一覧,1594,アメヤ横丁
飲食店,食べる,飲食店営業（一般・外食）,ｋｉｅｆｅｒ　ｂｅａｒ,35.7001,139.787872,point,浅草橋三丁目１番１０号,台東区,浅草橋,2104,台東区 食品衛生営業施設一覧,1432,雷門
飲食店,食べる,飲食店営業（一般・外食）,五十蔵,35.715878,139.766342,point,池之端二丁目７番５号,台東区,池之端,737,台東区 食品衛生営業施設一覧,640,上野公園
飲食店,食べる,飲食店営業（一般・外食）,匠のローストビーフ　キッチンフォーク　東京根津,35.715584,139.76796,point,池之端三丁目１番２０号,台東区,池之端,590,台東区 食品衛生営業施設一覧,492,上野公園
飲食店,食べる,飲食店営業（一般・外食）,カフェ　アンド　キッチン　「ＣＯＷＡＰＰＥＲＳ」,35.719742,139.804092,point,今戸一丁目１８番１８号,台東区,今戸,2711,台東区 食品衛生営業施設一覧,867,浅草寺
飲食店,食べる,飲食店営業（一般・外食）,梅とチ－ズ,35.722557,139.804367,point,今戸二丁目３４番１１号,台東区,今戸,2805,台東区 食品衛生営業施設一覧,1110,浅草寺
飲食店,食べる,飲食店営業（一般・外食）,キッチン　よしむら,35.719646,139.784958,point,入谷一丁目５番２号,台東区,入谷,1046,台東区 食品衛生営業施設一覧,1146,上野公園
飲食店,食べる,飲食店営業（一般・外食）,トロント,35.719818,139.784546,point,入谷一丁目６番１６号,台東区,入谷,1021,台東区 食品衛生営業施設一覧,1121,上野公園
飲食店,食べる,飲食店営業（一般・外食）,ステーキのくいしんぼ入谷店,35.721218,139.785446,point,入谷一丁目１８番７号,台東区,入谷,1169,台東区 食品衛生営業施設一覧,1250,浅草寺
飲食店,食べる,飲食店営業（一般・外食）,レストラン　茉莉花,35.72258,139.786301,point,入谷一丁目３３番５号,台東区,入谷,1318,台東区 食品衛生営業施設一覧,1286,浅草寺
飲食店,食べる,飲食店営業（一般・外食）,ステーキ・ハンバーグ・ワイン　トレビアン,35.708401,139.771591,point,上野二丁目３番４号,台東区,上野,842,台東区 食品衛生営業施設一覧,254,アメヤ横丁
飲食店,食べる,飲食店営業（一般・外食）,レストランパブ　旅,35.711006,139.773178,point,上野二丁目１４番２８号,台東区,上野,525,台東区 食品衛生営業施設一覧,320,アメヤ横丁
飲食店,食べる,飲食店営業（一般・外食）,ＢＵＲＧＥＲ＆ＰＵＢ　シュッシュポポン,35.707405,139.77446,point,上野三丁目２７番１２号,台東区,上野,911,台東区 食品衛生営業施設一覧,100,アメヤ横丁
飲食店,食べる,飲食店営業（一般・外食）,松坂屋　上野店（洋食　銀サロン）,35.707516,139.773193,point,上野三丁目２９番５号,台東区,上野,907,台東区 食品衛生営業施設一覧,140,アメヤ横丁
飲食店,食べる,飲食店営業（一般・外食）,松坂屋　上野店　（お好みダイニング　カトレヤ）,35.707516,139.773193,point,上野三丁目２９番５号,台東区,上野,907,台東区 食品衛生営業施設一覧,140,アメヤ横丁
飲食店,食べる,飲食店営業（一般・外食）,ぱすたや,35.708359,139.773941,point,上野四丁目２番５号,台東区,上野,807,台東区 食品衛生営業施設一覧,42,アメヤ横丁
飲食店,食べる,飲食店営業（一般・外食）,とん八亭,35.708385,139.773712,point,上野四丁目３番４号,台東区,上野,805,台東区 食品衛生営業施設一覧,63,アメヤ横丁
飲食店,食べる,飲食店営業（一般・外食）,トミークラブ,35.708447,139.773392,point,上野四丁目４番５号,台東区,上野,802,台東区 食品衛生営業施設一覧,92,アメヤ横丁
飲食店,食べる,飲食店営業（一般・外食）,ＳＴＩＣＫ　＆　ＳＰＯＯＮ,35.708858,139.775665,point,上野六丁目５番７号,台東区,上野,757,台東区 食品衛生営業施設一覧,130,アメヤ横丁
飲食店,食べる,飲食店営業（一般・外食）,キッチン台栄,35.709724,139.775284,point,上野六丁目９番１号,台東区,上野,657,台東区 食品衛生営業施設一覧,177,アメヤ横丁
飲食店,食べる,飲食店営業（一般・外食）,ハードロックカフェ　上野駅・東京店,35.713696,139.776917,point,上野七丁目１番１号,台東区,上野,304,台東区 食品衛生営業施設一覧,369,上野公園
飲食店,食べる,飲食店営業（一般・外食）,バニュルス上野店,35.713696,139.776917,point,上野七丁目１番１号,台東区,上野,304,台東区 食品衛生営業施設一覧,369,上野公園
飲食店,食べる,飲食店営業（一般・外食）,ｇｏｏｄ　ｓｐｏｏｎ　Ｃｈｅｅｓｅ　Ｓｗｅｅｔｓ＆Ｃｈｅｅｓｅ　Ｂｒｕｎｃｈ　エキュート上野店,35.713696,139.776917,point,上野七丁目１番１号,台東区,上野,304,台東区 食品衛生営業施設一覧,369,上野公園
飲食店,食べる,飲食店営業（一般・外食）,ｆｏｒ　ｂａｌｍｅａｔ,35.713093,139.777985,point,上野七丁目２番１６号,台東区,上野,420,台東区 食品衛生営業施設一覧,486,上野公園
飲食店,食べる,飲食店営業（一般・外食）,ＤｉＰＵＮＴＯ　上野店,35.71236,139.777695,point,上野七丁目３番２号,台東区,上野,462,台東区 食品衛生営業施設一覧,513,上野公園
飲食店,食べる,飲食店営業（一般・外食）,上野洋食　遠山,35.712082,139.774704,point,上野公園１番５４号,台東区,上野公園,392,台東区 食品衛生営業施設一覧,385,上野公園
飲食店,食べる,飲食店営業（一般・外食）,Ｃａｆｅ＆Ｒｏｔｉｓｓｅｒｉｅ　ＬＡ　ＣＯＣＯＲＩＣＯ　上野の森さくらテラス店,35.712082,139.774704,point,上野公園１番５４号,台東区,上野公園,392,台東区 食品衛生営業施設一覧,385,上野公園
飲食店,食べる,飲食店営業（一般・外食）,ＯＴＴＩＭＯ　Ｓｅａｆｏｏｄｇａｒｄｅｎ,35.712082,139.774704,point,上野公園１番５４号,台東区,上野公園,392,台東区 食品衛生営業施設一覧,385,上野公園
飲食店,食べる,飲食店営業（一般・外食）,オイスターテーブル　上野さくらテラス店,35.712082,139.774704,point,上野公園１番５４号,台東区,上野公園,392,台東区 食品衛生営業施設一覧,385,上野公園
飲食店,食べる,飲食店営業（一般・外食）,東園中央広場売店,35.715878,139.772903,point,上野公園９番８３号,台東区,上野公園,147,台東区 食品衛生営業施設一覧,71,上野公園
飲食店,食べる,飲食店営業（一般・外食）,株式会社　松喜,35.710869,139.795563,point,雷門二丁目１７番８号,台東区,雷門,1973,台東区 食品衛生営業施設一覧,103,雷門
飲食店,食べる,飲食店営業（一般・外食）,洋食　キッチンＲ,35.718521,139.783188,point,北上野一丁目１４番５号,台東区,北上野,849,台東区 食品衛生営業施設一覧,950,上野公園
飲食店,食べる,飲食店営業（一般・外食）,ビストロ・モンペリエ,35.705326,139.791016,point,蔵前三丁目１６番７号,台東区,蔵前,1879,台東区 食品衛生営業施設一覧,796,雷門
飲食店,食べる,飲食店営業（一般・外食）,ビストロ　カンパーニュ,35.704514,139.790161,point,蔵前四丁目２０番９号,台東区,蔵前,1876,台東区 食品衛生営業施設一覧,915,雷門
飲食店,食べる,飲食店営業（一般・外食）,Ａｓｈｉ,35.707275,139.795273,point,駒形二丁目６番５号,台東区,駒形,2092,台東区 食品衛生営業施設一覧,413,雷門
飲食店,食べる,飲食店営業（一般・外食）,ＥＫＡ,35.708313,139.795944,point,駒形二丁目７番５号,台東区,駒形,2099,台東区 食品衛生営業施設一覧,285,雷門
飲食店,食べる,飲食店営業（一般・外食）,ほてい,35.719093,139.782455,point,下谷一丁目８番２０号,台東区,下谷,816,台東区 食品衛生営業施設一覧,916,上野公園
飲食店,食べる,飲食店営業（一般・外食）,アクイラ,35.720726,139.793869,point,千束三丁目５番１号,台東区,千束,1839,台東区 食品衛生営業施設一覧,717,浅草寺
飲食店,食べる,飲食店営業（一般・外食）,キッチン　竹乃子,35.701019,139.776566,point,台東一丁目１１番１２号,台東区,台東,1632,台東区 食品衛生営業施設一覧,833,アメヤ横丁
飲食店,食べる,飲食店営業（一般・外食）,木道天国,35.71183,139.79068,point,西浅草一丁目９番９号,台東区,西浅草,1520,台東区 食品衛生営業施設一覧,535,仲見世通り
飲食店,食べる,飲食店営業（一般・外食）,フォカッチャ,35.712666,139.791412,point,西浅草二丁目１２番７号,台東区,西浅草,1561,台東区 食品衛生営業施設一覧,476,仲見世通り
飲食店,食べる,飲食店営業（一般・外食）,ビストロ　キヌカワ,35.713112,139.790482,point,西浅草二丁目１６番４号,台東区,西浅草,1469,台東区 食品衛生営業施設一覧,569,仲見世通り
飲食店,食べる,飲食店営業（一般・外食）,レストラン　オペラ,35.714138,139.790298,point,西浅草二丁目２３番１０号,台東区,西浅草,1436,台東区 食品衛生営業施設一覧,586,浅草寺
飲食店,食べる,飲食店営業（一般・外食）,トンテキ元気×浅草ちゃんこ場,35.713791,139.79213,point,西浅草二丁目２７番１０号,台東区,西浅草,1604,台東区 食品衛生営業施設一覧,430,浅草寺
飲食店,食べる,飲食店営業（一般・外食）,浅草ビューホテル　２７階　レストラン,35.715073,139.792282,point,西浅草三丁目１７番１号,台東区,西浅草,1606,台東区 食品衛生営業施設一覧,405,浅草寺
飲食店,食べる,飲食店営業（一般・外食）,グリル　ビクトリヤ,35.723763,139.779907,point,根岸三丁目１２番１８号,台東区,根岸,1031,台東区 食品衛生営業施設一覧,1102,上野公園
飲食店,食べる,飲食店営業（一般・外食）,根岸　ビストロ,35.722534,139.78183,point,根岸三丁目１２番４９号,台東区,根岸,1016,台東区 食品衛生営業施設一覧,1101,上野公園
飲食店,食べる,飲食店営業（一般・外食）,ＳＵＫＥ６　ＤＩＮＥＲ,35.712315,139.799347,point,花川戸一丁目１１番１号,台東区,花川戸,2273,台東区 食品衛生営業施設一覧,252,仲見世通り
飲食店,食べる,飲食店営業（一般・外食）,福寿家,35.715359,139.80014,point,花川戸二丁目１８番６号,台東区,花川戸,2315,台東区 食品衛生営業施設一覧,314,浅草寺
飲食店,食べる,飲食店営業（一般・外食）,ニュープラシッダ,35.722843,139.800858,point,東浅草一丁目２０番９号,台東区,東浅草,2512,台東区 食品衛生営業施設一覧,976,浅草寺
飲食店,食べる,飲食店営業（一般・外食）,生パスタの店　エッコ・エッコ　上野店,35.714283,139.779861,point,東上野四丁目１０番８号,台東区,東上野,506,台東区 食品衛生営業施設一覧,596,上野公園
飲食店,食べる,飲食店営業（一般・外食）,エピナール,35.714722,139.782593,point,東上野五丁目２３番２号,台東区,東上野,737,台東区 食品衛生営業施設一覧,833,上野公園
飲食店,食べる,飲食店営業（一般・外食）,やまかわ,35.729504,139.792892,point,三ノ輪二丁目１４番１号,台東区,三ノ輪,2269,台東区 食品衛生営業施設一覧,1680,浅草寺
飲食店,食べる,飲食店営業（一般・外食）,ｋｉｎａｃｋ,35.710861,139.784348,point,元浅草二丁目１０番１２号,台東区,元浅草,1034,台東区 食品衛生営業施設一覧,942,アメヤ横丁
飲食店,食べる,飲食店営業（一般・外食）,ｂａｒ　ｈｏｓｔｅｒｉａ　ＣＯＭＵＭ　バールオステリア　コムム,35.719292,139.767456,point,谷中一丁目２番１８号,台東区,谷中,757,台東区 食品衛生営業施設一覧,691,上野公園
飲食店,食べる,飲食店営業（一般・外食）,株式会社　アサヒヤ加藤商店,35.72731,139.76828,point,谷中五丁目１１番１７号,台東区,谷中,1418,台東区 食品衛生営業施設一覧,1405,上野公園
飲食店,食べる,飲食店営業（一般・外食）,カフェ　ユエ・東北基地エール,35.723274,139.769165,point,谷中六丁目３番１２号,台東区,谷中,980,台東区 食品衛生営業施設一覧,957,上野公園
飲食店,食べる,飲食店営業（一般・外食）,セロリ,35.722973,139.787018,point,竜泉一丁目９番６号,台東区,竜泉,1396,台東区 食品衛生営業施設一覧,1270,浅草寺
飲食店,食べる,飲食店営業（一般・外食）,Ａｍｉｅ（アミー）,35.724575,139.791656,point,竜泉三丁目１０番４号,台東区,竜泉,1842,台東区 食品衛生営業施設一覧,1188,浅草寺
飲食店,食べる,飲食店営業（一般・韓国料理）,小さな韓国あぷろ　東京浅草店,35.711842,139.797119,point,浅草一丁目３３番４号,台東区,浅草,2084,台東区 食品衛生営業施設一覧,47,仲見世通り
飲食店,食べる,飲食店営業（一般・韓国料理）,ペコペコ林食堂,35.713604,139.79364,point,浅草二丁目５番４号,台東区,浅草,1742,台東区 食品衛生営業施設一覧,307,浅草寺
飲食店,食べる,飲食店営業（一般・韓国料理）,浅草横丁　雷もんじゃ,35.713928,139.793396,point,浅草二丁目６番７号,台東区,浅草,1716,台東区 食品衛生営業施設一覧,315,浅草寺
飲食店,食べる,飲食店営業（一般・韓国料理）,ムグンファ,35.717518,139.794739,point,浅草三丁目１７番８号,台東区,浅草,1840,台東区 食品衛生営業施設一覧,360,浅草寺
飲食店,食べる,飲食店営業（一般・韓国料理）,豚大門市場　浅草橋東口店,35.697147,139.785492,point,浅草橋一丁目１０番１２号,台東区,浅草橋,2279,台東区 食品衛生営業施設一覧,1594,アメヤ横丁
飲食店,食べる,飲食店営業（一般・韓国料理）,起英ファミリー,35.705418,139.770981,point,上野一丁目２番５号,台東区,上野,1176,台東区 食品衛生営業施設一覧,445,アメヤ横丁
飲食店,食べる,飲食店営業（一般・韓国料理）,イスルバン,35.708427,139.7724,point,上野二丁目２番８号,台東区,上野,820,台東区 食品衛生営業施設一覧,181,アメヤ横丁
飲食店,食べる,飲食店営業（一般・韓国料理）,ひまわり,35.708427,139.7724,point,上野二丁目２番８号,台東区,上野,820,台東区 食品衛生営業施設一覧,181,アメヤ横丁
飲食店,食べる,飲食店営業（一般・韓国料理）,上野ソルロンタン,35.708664,139.771805,point,上野二丁目４番２号,台東区,上野,809,台東区 食品衛生営業施設一覧,238,アメヤ横丁
飲食店,食べる,飲食店営業（一般・韓国料理）,青鶴,35.709248,139.772125,point,上野二丁目９番５号,台東区,上野,738,台東区 食品衛生営業施設一覧,231,アメヤ横丁
飲食店,食べる,飲食店営業（一般・韓国料理）,チャムス,35.709286,139.771942,point,上野二丁目１２番９号,台東区,上野,739,台東区 食品衛生営業施設一覧,248,アメヤ横丁
飲食店,食べる,飲食店営業（一般・韓国料理）,韓国家庭料理　名家,35.705807,139.773804,point,上野三丁目１９番９号,台東区,上野,1091,台東区 食品衛生営業施設一覧,282,アメヤ横丁
飲食店,食べる,飲食店営業（一般・韓国料理）,韓国料理・チキン店　マシジョア,35.708412,139.774597,point,上野四丁目１番８号,台東区,上野,799,台東区 食品衛生営業施設一覧,22,アメヤ横丁
飲食店,食べる,飲食店営業（一般・韓国料理）,セマウル食堂　上野店,35.708447,139.773392,point,上野四丁目４番５号,台東区,上野,802,台東区 食品衛生営業施設一覧,92,アメヤ横丁
飲食店,食べる,飲食店営業（一般・韓国料理）,ｈｏｈｏ,35.709076,139.774002,point,上野四丁目５番９号,台東区,上野,727,台東区 食品衛生営業施設一覧,93,アメヤ横丁
飲食店,食べる,飲食店営業（一般・韓国料理）,錦山,35.705208,139.774979,point,上野五丁目１８番１号,台東区,上野,1156,台東区 食品衛生営業施設一覧,348,アメヤ横丁
飲食店,食べる,飲食店営業（一般・韓国料理）,ボクチョリ,35.709843,139.775909,point,上野六丁目７番９号,台東区,上野,653,台東区 食品衛生営業施設一覧,219,アメヤ横丁
飲食店,食べる,飲食店営業（一般・韓国料理）,ＵＮＣＬＥ　ＪＯＥ,35.709587,139.774704,point,上野六丁目１０番７号,台東区,上野,669,台東区 食品衛生営業施設一覧,146,アメヤ横丁
飲食店,食べる,飲食店営業（一般・韓国料理）,韓国家庭料理　古家,35.710377,139.775269,point,上野六丁目１３番２号,台東区,上野,585,台東区 食品衛生営業施設一覧,244,アメヤ横丁
飲食店,食べる,飲食店営業（一般・韓国料理）,トンマッコル,35.710651,139.776016,point,上野六丁目１６番７号,台東区,上野,567,台東区 食品衛生営業施設一覧,299,アメヤ横丁
飲食店,食べる,飲食店営業（一般・韓国料理）,ｂｉｂｉｍ,35.713696,139.776917,point,上野七丁目１番１号,台東区,上野,304,台東区 食品衛生営業施設一覧,369,上野公園
飲食店,食べる,飲食店営業（一般・韓国料理）,東京純豆腐上野の森さくらテラス店,35.712082,139.774704,point,上野公園１番５４号,台東区,上野公園,392,台東区 食品衛生営業施設一覧,385,上野公園
飲食店,食べる,飲食店営業（一般・韓国料理）,チング,35.70945,139.797241,point,雷門二丁目１番１３号,台東区,雷門,2164,台東区 食品衛生営業施設一覧,158,雷門
飲食店,食べる,飲食店営業（一般・韓国料理）,ＡＫＡ　ＣＨＡＮ,35.702259,139.789978,point,蔵前二丁目３番３号,台東区,蔵前,2038,台東区 食品衛生営業施設一覧,1127,雷門
飲食店,食べる,飲食店営業（一般・韓国料理）,母の心,35.709034,139.792633,point,寿四丁目１５番１０号,台東区,寿,1793,台東区 食品衛生営業施設一覧,416,雷門
飲食店,食べる,飲食店営業（一般・韓国料理）,韓国家庭料理　ソウル,35.719398,139.782745,point,下谷一丁目１２番２５号,台東区,下谷,856,台東区 食品衛生営業施設一覧,955,上野公園
飲食店,食べる,飲食店営業（一般・韓国料理）,ウリラン,35.722153,139.783386,point,下谷二丁目１３番１５号,台東区,下谷,1084,台東区 食品衛生営業施設一覧,1175,上野公園
飲食店,食べる,飲食店営業（一般・韓国料理）,四季,35.722305,139.785553,point,下谷二丁目２４番１１号,台東区,下谷,1246,台東区 食品衛生営業施設一覧,1316,浅草寺
飲食店,食べる,飲食店営業（一般・韓国料理）,韓マウル食堂,35.722305,139.785553,point,下谷二丁目２４番１１号,台東区,下谷,1246,台東区 食品衛生営業施設一覧,1316,浅草寺
飲食店,食べる,飲食店営業（一般・韓国料理）,アリラン,35.70047,139.780472,point,台東一丁目１番１５号,台東区,台東,1767,台東区 食品衛生営業施設一覧,1029,アメヤ横丁
飲食店,食べる,飲食店営業（一般・韓国料理）,ユンチャン,35.705486,139.780106,point,台東三丁目３３番８号,台東区,台東,1233,台東区 食品衛生営業施設一覧,603,アメヤ横丁
飲食店,食べる,飲食店営業（一般・韓国料理）,田舎家,35.705883,139.776611,point,台東四丁目８番２号,台東区,台東,1097,台東区 食品衛生営業施設一覧,335,アメヤ横丁
飲食店,食べる,飲食店営業（一般・韓国料理）,漢江,35.720856,139.780182,point,根岸一丁目１番１５号,台東区,根岸,778,台東区 食品衛生営業施設一覧,864,上野公園
飲食店,食べる,飲食店営業（一般・韓国料理）,韓国式居酒屋　香リ酒場,35.708206,139.777054,point,東上野一丁目１４番１１号,台東区,東上野,854,台東区 食品衛生営業施設一覧,240,アメヤ横丁
飲食店,食べる,飲食店営業（一般・韓国料理）,ノルブブデチゲ,35.708073,139.777039,point,東上野一丁目１４番１２号,台東区,東上野,868,台東区 食品衛生営業施設一覧,240,アメヤ横丁
飲食店,食べる,飲食店営業（一般・韓国料理）,おみり,35.709,139.778198,point,東上野二丁目１２番９号,台東区,東上野,806,台東区 食品衛生営業施設一覧,352,アメヤ横丁
飲食店,食べる,飲食店営業（一般・韓国料理）,ソウル,35.70932,139.777512,point,東上野二丁目１５番２号,台東区,東上野,749,台東区 食品衛生営業施設一覧,303,アメヤ横丁
飲食店,食べる,飲食店営業（一般・韓国料理）,江南,35.709404,139.777267,point,東上野二丁目１５番４号,台東区,東上野,733,台東区 食品衛生営業施設一覧,286,アメヤ横丁
飲食店,食べる,飲食店営業（一般・韓国料理）,ミナリ,35.70953,139.777267,point,東上野二丁目１５番５号,台東区,東上野,720,台東区 食品衛生営業施設一覧,293,アメヤ横丁
飲食店,食べる,飲食店営業（一般・韓国料理）,仙玉家,35.71064,139.780869,point,東上野三丁目２７番１号,台東区,東上野,797,台東区 食品衛生営業施設一覧,639,アメヤ横丁
飲食店,食べる,飲食店営業（一般・韓国料理）,福豚屋,35.715862,139.780975,point,東上野四丁目２７番６号,台東区,東上野,585,台東区 食品衛生営業施設一覧,686,上野公園
飲食店,食べる,飲食店営業（一般・韓国料理）,牛車（タルグジ）,35.711514,139.782349,point,東上野五丁目１番４号,台東区,東上野,842,台東区 食品衛生営業施設一覧,802,アメヤ横丁
飲食店,食べる,飲食店営業（一般・韓国料理）,満月,35.713062,139.781204,point,東上野五丁目７番３号,台東区,東上野,668,台東区 食品衛生営業施設一覧,750,上野公園
飲食店,食べる,飲食店営業（一般・韓国料理）,月,35.718983,139.766922,point,谷中一丁目２番１４号,台東区,谷中,781,台東区 食品衛生営業施設一覧,709,上野公園
飲食店,食べる,飲食店営業（一般・韓国料理）,チャン,35.727978,139.76474,point,谷中三丁目１３番７号,台東区,谷中,1634,台東区 食品衛生営業施設一覧,1604,上野公園
飲食店,食べる,飲食店営業（一般・韓国料理）,韓国ダイニング　オモニ,35.730953,139.763168,point,谷中三丁目２４番１０号,台東区,谷中,1990,台東区 食品衛生営業施設一覧,1963,上野公園
飲食店,食べる,飲食店営業（一般・韓国料理）,ファミーユ,35.724636,139.789185,point,竜泉一丁目３２番８号,台東区,竜泉,1663,台東区 食品衛生営業施設一覧,1297,浅草寺
飲食店,食べる,飲食店営業（一般・居酒屋）,世界一周　旅人酒場,35.702034,139.775146,point,秋葉原１番５号,台東区,秋葉原,1510,台東区 食品衛生営業施設一覧,700,アメヤ横丁
飲食店,食べる,飲食店営業（一般・居酒屋）,世界一周旅ダイニング居酒屋ＰＵＳＨＵＰ秋葉原駅店,35.702034,139.775146,point,秋葉原１番５号,台東区,秋葉原,1510,台東区 食品衛生営業施設一覧,700,アメヤ横丁
飲食店,食べる,飲食店営業（一般・居酒屋）,神谷バー,35.710876,139.79747,point,浅草一丁目１番１号,台東区,浅草,2139,台東区 食品衛生営業施設一覧,70,雷門
飲食店,食べる,飲食店営業（一般・居酒屋）,塩梅　浅草店,35.710899,139.797318,point,浅草一丁目１番２号,台東区,浅草,2125,台東区 食品衛生営業施設一覧,57,雷門
飲食店,食べる,飲食店営業（一般・居酒屋）,デー　アンド　デー,35.711655,139.797546,point,浅草一丁目１番１２号,台東区,浅草,2126,台東区 食品衛生営業施設一覧,90,仲見世通り
飲食店,食べる,飲食店営業（一般・居酒屋）,福ちゃん,35.711655,139.797546,point,浅草一丁目１番１２号,台東区,浅草,2126,台東区 食品衛生営業施設一覧,90,仲見世通り
飲食店,食べる,飲食店営業（一般・居酒屋）,浅草　小江戸,35.711655,139.797546,point,浅草一丁目１番１２号,台東区,浅草,2126,台東区 食品衛生営業施設一覧,90,仲見世通り
飲食店,食べる,飲食店営業（一般・居酒屋）,ナインシーズ,35.711655,139.797546,point,浅草一丁目１番１２号,台東区,浅草,2126,台東区 食品衛生営業施設一覧,90,仲見世通り
飲食店,食べる,飲食店営業（一般・居酒屋）,立ち飲み屋　小江戸,35.711655,139.797546,point,浅草一丁目１番１２号,台東区,浅草,2126,台東区 食品衛生営業施設一覧,90,仲見世通り
飲食店,食べる,飲食店営業（一般・居酒屋）,ｇｉｎｎｏｖａ,35.711655,139.797546,point,浅草一丁目１番１２号,台東区,浅草,2126,台東区 食品衛生営業施設一覧,90,仲見世通り
飲食店,食べる,飲食店営業（一般・居酒屋）,もつのぶ,35.711655,139.797546,point,浅草一丁目１番１２号,台東区,浅草,2126,台東区 食品衛生営業施設一覧,90,仲見世通り
飲食店,食べる,飲食店営業（一般・居酒屋）,居楽屋　笑笑,35.711182,139.797623,point,浅草一丁目１番１６号,台東区,浅草,2145,台東区 食品衛生営業施設一覧,94,雷門
飲食店,食べる,飲食店営業（一般・居酒屋）,目利きの銀次,35.711182,139.797623,point,浅草一丁目１番１６号,台東区,浅草,2145,台東区 食品衛生営業施設一覧,94,雷門
飲食店,食べる,飲食店営業（一般・居酒屋）,馬刺屋マサシ浅草店,35.711182,139.797623,point,浅草一丁目１番１６号,台東区,浅草,2145,台東区 食品衛生営業施設一覧,94,雷門
飲食店,食べる,飲食店営業（一般・居酒屋）,浅草笑大酒場,35.711182,139.797623,point,浅草一丁目１番１６号,台東区,浅草,2145,台東区 食品衛生営業施設一覧,94,雷門
飲食店,食べる,飲食店営業（一般・居酒屋）,轟／まんまる,35.711182,139.797623,point,浅草一丁目１番１６号,台東区,浅草,2145,台東区 食品衛生営業施設一覧,94,雷門
飲食店,食べる,飲食店営業（一般・居酒屋）,鳥貴族　浅草店,35.711048,139.797623,point,浅草一丁目１番１７号,台東区,浅草,2148,台東区 食品衛生営業施設一覧,88,雷門
飲食店,食べる,飲食店営業（一般・居酒屋）,酒の大桝　雷門店,35.711475,139.796631,point,浅草一丁目２番８号,台東区,浅草,2050,台東区 食品衛生営業施設一覧,47,仲見世通り
飲食店,食べる,飲食店営業（一般・居酒屋）,ちゃんこ部屋,35.711235,139.796967,point,浅草一丁目２番１２号,台東区,浅草,2086,台東区 食品衛生営業施設一覧,54,雷門
飲食店,食べる,飲食店営業（一般・居酒屋）,ＴＯＲＡＳＵＺＵ　寅鈴,35.711094,139.796951,point,浅草一丁目２番１３号,台東区,浅草,2088,台東区 食品衛生営業施設一覧,40,雷門
飲食店,食べる,飲食店営業（一般・居酒屋）,酒冨士,35.711315,139.79393,point,浅草一丁目６番１号,台東区,浅草,1818,台東区 食品衛生営業施設一覧,250,仲見世通り
飲食店,食べる,飲食店営業（一般・居酒屋）,魚菜　みつ橋,35.711617,139.793671,point,浅草一丁目７番４号,台東区,浅草,1787,台東区 食品衛生営業施設一覧,266,仲見世通り
飲食店,食べる,飲食店営業（一般・居酒屋）,奥田麦酒店,35.711628,139.793091,point,浅草一丁目８番４号,台東区,浅草,1736,台東区 食品衛生営業施設一覧,318,仲見世通り
飲食店,食べる,飲食店営業（一般・居酒屋）,浅草熊猫食堂,35.711628,139.793091,point,浅草一丁目８番４号,台東区,浅草,1736,台東区 食品衛生営業施設一覧,318,仲見世通り
飲食店,食べる,飲食店営業（一般・居酒屋）,座江戸,35.711628,139.793091,point,浅草一丁目８番４号,台東区,浅草,1736,台東区 食品衛生営業施設一覧,318,仲見世通り
飲食店,食べる,飲食店営業（一般・居酒屋）,浅草すしや通りのひもの屋,35.711666,139.792999,point,浅草一丁目９番７号,台東区,浅草,1727,台東区 食品衛生営業施設一覧,326,仲見世通り
飲食店,食べる,飲食店営業（一般・居酒屋）,でんがな浅草店,35.711666,139.792999,point,浅草一丁目９番７号,台東区,浅草,1727,台東区 食品衛生営業施設一覧,326,仲見世通り
飲食店,食べる,飲食店営業（一般・居酒屋）,鳥元　浅草店,35.711533,139.792984,point,浅草一丁目９番８号,台東区,浅草,1729,台東区 食品衛生営業施設一覧,329,仲見世通り
飲食店,食べる,飲食店営業（一般・居酒屋）,居酒屋　忍者屋敷,35.711784,139.792236,point,浅草一丁目１０番５号,台東区,浅草,1657,台東区 食品衛生営業施設一覧,394,仲見世通り
飲食店,食べる,飲食店営業（一般・居酒屋）,ＷＡＳＡＫＥ　Ｓａｋｅ　Ｅｘｐｅｒｉｅｎｃｅ,35.711842,139.792587,point,浅草一丁目１１番１号,台東区,浅草,1686,台東区 食品衛生営業施設一覧,362,仲見世通り
飲食店,食べる,飲食店営業（一般・居酒屋）,居酒屋　ふる里,35.712231,139.792862,point,浅草一丁目１２番６号,台東区,浅草,1700,台東区 食品衛生営業施設一覧,339,仲見世通り
飲食店,食べる,飲食店営業（一般・居酒屋）,中華居酒屋　全品３００円や（浅草別館）,35.712112,139.793076,point,浅草一丁目１２番８号,台東区,浅草,1721,台東区 食品衛生営業施設一覧,319,仲見世通り
飲食店,食べる,飲食店営業（一般・居酒屋）,鳥良商店　浅草すしや通り店,35.711979,139.79306,point,浅草一丁目１２番９号,台東区,浅草,1723,台東区 食品衛生営業施設一覧,320,仲見世通り
飲食店,食べる,飲食店営業（一般・居酒屋）,串屋横丁　浅草食通街店,35.711731,139.793335,point,浅草一丁目１３番１号,台東区,浅草,1754,台東区 食品衛生営業施設一覧,295,仲見世通り
飲食店,食べる,飲食店営業（一般・居酒屋）,豚とことん,35.712112,139.793427,point,浅草一丁目１３番７号,台東区,浅草,1752,台東区 食品衛生営業施設一覧,287,仲見世通り
飲食店,食べる,飲食店営業（一般・居酒屋）,木むら,35.71167,139.793671,point,浅草一丁目１４番１号,台東区,浅草,1785,台東区 食品衛生営業施設一覧,266,仲見世通り
飲食店,食べる,飲食店営業（一般・居酒屋）,小豊よ,35.7117,139.793518,point,浅草一丁目１４番２号,台東区,浅草,1771,台東区 食品衛生営業施設一覧,279,仲見世通り
飲食店,食べる,飲食店営業（一般・居酒屋）,膳,35.711948,139.793823,point,浅草一丁目１４番８号,台東区,浅草,1791,台東区 食品衛生営業施設一覧,251,仲見世通り
飲食店,食べる,飲食店営業（一般・居酒屋）,半兵衛茶寮,35.711716,139.793823,point,浅草一丁目１５番３号,台東区,浅草,1797,台東区 食品衛生営業施設一覧,252,仲見世通り
飲食店,食べる,飲食店営業（一般・居酒屋）,浅草ビアホール　Ｄ’ｓ　ｄｉｎｅｒ,35.71199,139.793976,point,浅草一丁目１５番６号,台東区,浅草,1804,台東区 食品衛生営業施設一覧,237,仲見世通り
飲食店,食べる,飲食店営業（一般・居酒屋）,焼肉　浅草　雅大縁,35.711632,139.79509,point,浅草一丁目１７番８号,台東区,浅草,1911,台東区 食品衛生営業施設一覧,140,仲見世通り
飲食店,食べる,飲食店営業（一般・居酒屋）,惚のじ,35.711632,139.79509,point,浅草一丁目１７番８号,台東区,浅草,1911,台東区 食品衛生営業施設一覧,140,仲見世通り
飲食店,食べる,飲食店営業（一般・居酒屋）,浅一,35.711632,139.79509,point,浅草一丁目１７番８号,台東区,浅草,1911,台東区 食品衛生営業施設一覧,140,仲見世通り
飲食店,食べる,飲食店営業（一般・居酒屋）,酔天宮,35.711632,139.79509,point,浅草一丁目１７番８号,台東区,浅草,1911,台東区 食品衛生営業施設一覧,140,仲見世通り
飲食店,食べる,飲食店営業（一般・居酒屋）,魚菜,35.711613,139.795242,point,浅草一丁目１７番９号,台東区,浅草,1924,台東区 食品衛生営業施設一覧,127,仲見世通り
飲食店,食べる,飲食店営業（一般・居酒屋）,おすぎ,35.711269,139.796082,point,浅草一丁目１８番３号,台東区,浅草,2007,台東区 食品衛生営業施設一覧,76,雷門
飲食店,食べる,飲食店営業（一般・居酒屋）,浅草スタンド,35.711525,139.795563,point,浅草一丁目１８番８号,台東区,浅草,1955,台東区 食品衛生営業施設一覧,102,仲見世通り
飲食店,食べる,飲食店営業（一般・居酒屋）,大衆酒場　一代,35.711582,139.795654,point,浅草一丁目１８番９号,台東区,浅草,1961,台東区 食品衛生営業施設一覧,92,仲見世通り
飲食店,食べる,飲食店営業（一般・居酒屋）,はましん　千加,35.711658,139.797028,point,浅草一丁目１９番９号,台東区,浅草,2081,台東区 食品衛生営業施設一覧,47,仲見世通り
飲食店,食べる,飲食店営業（一般・居酒屋）,ジビエ料理　あまからくまから,35.711601,139.795776,point,浅草一丁目２０番５号,台東区,浅草,1972,台東区 食品衛生営業施設一覧,81,仲見世通り
飲食店,食べる,飲食店営業（一般・居酒屋）,?よし,35.712006,139.794174,point,浅草一丁目２２番４号,台東区,浅草,1821,台東区 食品衛生営業施設一覧,219,仲見世通り
飲食店,食べる,飲食店営業（一般・居酒屋）,赤垣,35.712151,139.793518,point,浅草一丁目２３番３号,台東区,浅草,1759,台東区 食品衛生営業施設一覧,280,仲見世通り
飲食店,食べる,飲食店営業（一般・居酒屋）,磯丸水産　浅草新仲見世通り店,35.712341,139.793488,point,浅草一丁目２３番７号,台東区,浅草,1752,台東区 食品衛生営業施設一覧,285,仲見世通り
飲食店,食べる,飲食店営業（一般・居酒屋）,築地の宴　源ちゃん,35.71294,139.793137,point,浅草一丁目２５番１５号,台東区,浅草,1708,台東区 食品衛生営業施設一覧,333,仲見世通り
飲食店,食べる,飲食店営業（一般・居酒屋）,浅草弥太郎,35.712364,139.794113,point,浅草一丁目２７番１０号,台東区,浅草,1807,台東区 食品衛生営業施設一覧,230,仲見世通り
飲食店,食べる,飲食店営業（一般・居酒屋）,ひろ里,35.712017,139.797058,point,浅草一丁目３２番１３号,台東区,浅草,2075,台東区 食品衛生営業施設一覧,43,仲見世通り
飲食店,食べる,飲食店営業（一般・居酒屋）,肉汁餃子のダンダダン　浅草店,35.711803,139.797653,point,浅草一丁目３３番１０号,台東区,浅草,2133,台東区 食品衛生営業施設一覧,96,仲見世通り
飲食店,食べる,飲食店営業（一般・居酒屋）,浅草洋食　クロモジ亭,35.712326,139.797272,point,浅草一丁目３４番６号,台東区,浅草,2088,台東区 食品衛生営業施設一覧,77,仲見世通り
飲食店,食べる,飲食店営業（一般・居酒屋）,ＫＯＫＯ,35.712326,139.797272,point,浅草一丁目３４番６号,台東区,浅草,2088,台東区 食品衛生営業施設一覧,77,仲見世通り
飲食店,食べる,飲食店営業（一般・居酒屋）,株式会社　ニューアサクサ,35.712383,139.797287,point,浅草一丁目３５番３号,台東区,浅草,2088,台東区 食品衛生営業施設一覧,82,仲見世通り
飲食店,食べる,飲食店営業（一般・居酒屋）,千代乃家,35.712704,139.797302,point,浅草一丁目３５番６号,台東区,浅草,2084,台東区 食品衛生営業施設一覧,110,仲見世通り
飲食店,食べる,飲食店営業（一般・居酒屋）,新館つくし,35.712742,139.794388,point,浅草一丁目３９番７号,台東区,浅草,1823,台東区 食品衛生営業施設一覧,221,仲見世通り
飲食店,食べる,飲食店営業（一般・居酒屋）,十味　小野屋,35.712849,139.794495,point,浅草一丁目３９番９号,台東区,浅草,1831,台東区 食品衛生営業施設一覧,217,仲見世通り
飲食店,食べる,飲食店営業（一般・居酒屋）,平泉,35.712849,139.794495,point,浅草一丁目３９番９号,台東区,浅草,1831,台東区 食品衛生営業施設一覧,217,仲見世通り
飲食店,食べる,飲食店営業（一般・居酒屋）,鳩ぽっぽ,35.712875,139.794083,point,浅草一丁目４０番５号,台東区,浅草,1794,台東区 食品衛生営業施設一覧,252,仲見世通り
飲食店,食べる,飲食店営業（一般・居酒屋）,浅草国際酒場,35.712917,139.79425,point,浅草一丁目４０番６号,台東区,浅草,1808,台東区 食品衛生営業施設一覧,240,仲見世通り
飲食店,食べる,飲食店営業（一般・居酒屋）,浅草酒ＢＡＲ　岡本,35.71286,139.794312,point,浅草一丁目４０番７号,台東区,浅草,1814,台東区 食品衛生営業施設一覧,233,仲見世通り
飲食店,食べる,飲食店営業（一般・居酒屋）,大衆酒場　リッチャン,35.712887,139.793823,point,浅草一丁目４１番３号,台東区,浅草,1770,台東区 食品衛生営業施設一覧,274,仲見世通り
飲食店,食べる,飲食店営業（一般・居酒屋）,コリアンバル　Ｐｏｒａｍｕ,35.712952,139.793732,point,浅草一丁目４１番４号,台東区,浅草,1761,台東区 食品衛生営業施設一覧,284,仲見世通り
飲食店,食べる,飲食店営業（一般・居酒屋）,銀幕ロック,35.713078,139.793716,point,浅草一丁目４１番５号,台東区,浅草,1757,台東区 食品衛生営業施設一覧,291,仲見世通り
飲食店,食べる,飲食店営業（一般・居酒屋）,北の市場,35.713161,139.793289,point,浅草一丁目４２番４号,台東区,浅草,1718,台東区 食品衛生営業施設一覧,330,仲見世通り
飲食店,食べる,飲食店営業（一般・居酒屋）,呑みやしき２０９,35.713631,139.792816,point,浅草一丁目４３番９号,台東区,浅草,1668,台東区 食品衛生営業施設一覧,375,浅草寺
飲食店,食べる,飲食店営業（一般・居酒屋）,鳥貴族浅草六区店,35.7136,139.792969,point,浅草一丁目４３番１０号,台東区,浅草,1682,台東区 食品衛生営業施設一覧,363,浅草寺
飲食店,食べる,飲食店営業（一般・居酒屋）,ナカムラヤ,35.712757,139.797638,point,浅草二丁目１番１号,台東区,浅草,2113,台東区 食品衛生営業施設一覧,134,仲見世通り
飲食店,食べる,飲食店営業（一般・居酒屋）,山加商店,35.713009,139.794403,point,浅草二丁目３番１４号,台東区,浅草,1820,台東区 食品衛生営業施設一覧,234,仲見世通り
飲食店,食べる,飲食店営業（一般・居酒屋）,居酒屋　高橋,35.713135,139.794388,point,浅草二丁目３番１５号,台東区,浅草,1816,台東区 食品衛生営業施設一覧,242,仲見世通り
飲食店,食べる,飲食店営業（一般・居酒屋）,とんちゃん,35.713135,139.794388,point,浅草二丁目３番１５号,台東区,浅草,1816,台東区 食品衛生営業施設一覧,242,仲見世通り
飲食店,食べる,飲食店営業（一般・居酒屋）,大山ちゃん,35.713135,139.794388,point,浅草二丁目３番１５号,台東区,浅草,1816,台東区 食品衛生営業施設一覧,242,仲見世通り
飲食店,食べる,飲食店営業（一般・居酒屋）,もつくし,35.713268,139.794357,point,浅草二丁目３番１６号,台東区,浅草,1811,台東区 食品衛生営業施設一覧,253,仲見世通り
飲食店,食べる,飲食店営業（一般・居酒屋）,高橋　２ｎｄ,35.713268,139.794357,point,浅草二丁目３番１６号,台東区,浅草,1811,台東区 食品衛生営業施設一覧,253,仲見世通り
飲食店,食べる,飲食店営業（一般・居酒屋）,浅草赤とんぼ,35.713268,139.794357,point,浅草二丁目３番１６号,台東区,浅草,1811,台東区 食品衛生営業施設一覧,253,仲見世通り
飲食店,食べる,飲食店営業（一般・居酒屋）,めぐみ,35.713402,139.794327,point,浅草二丁目３番１７号,台東区,浅草,1807,台東区 食品衛生営業施設一覧,263,浅草寺
飲食店,食べる,飲食店営業（一般・居酒屋）,居酒屋　どん,35.713402,139.794327,point,浅草二丁目３番１７号,台東区,浅草,1807,台東区 食品衛生営業施設一覧,263,浅草寺
飲食店,食べる,飲食店営業（一般・居酒屋）,居酒屋　とん平,35.713402,139.794327,point,浅草二丁目３番１７号,台東区,浅草,1807,台東区 食品衛生営業施設一覧,263,浅草寺
飲食店,食べる,飲食店営業（一般・居酒屋）,酒場　ひろ,35.713539,139.794312,point,浅草二丁目３番１８号,台東区,浅草,1803,台東区 食品衛生営業施設一覧,256,浅草寺
飲食店,食べる,飲食店営業（一般・居酒屋）,居酒屋　浩司　浅草店,35.713673,139.794281,point,浅草二丁目３番１９号,台東区,浅草,1799,台東区 食品衛生営業施設一覧,251,浅草寺
飲食店,食べる,飲食店営業（一般・居酒屋）,七十里,35.713802,139.794266,point,浅草二丁目３番２０号,台東区,浅草,1796,台東区 食品衛生営業施設一覧,246,浅草寺
飲食店,食べる,飲食店営業（一般・居酒屋）,あそこ,35.713943,139.794235,point,浅草二丁目３番２１号,台東区,浅草,1791,台東区 食品衛生営業施設一覧,243,浅草寺
飲食店,食べる,飲食店営業（一般・居酒屋）,イソイチ,35.714298,139.795059,point,浅草二丁目３番２７号,台東区,浅草,1862,台東区 食品衛生営業施設一覧,160,浅草寺
飲食店,食べる,飲食店営業（一般・居酒屋）,酒の大桝　ｗｉｎｅ＆Ｂｅｅｒ　Ｄａｉｍａｓｕ　Ｂａｒ,35.713177,139.794083,point,浅草二丁目４番２号,台東区,浅草,1788,台東区 食品衛生営業施設一覧,268,仲見世通り
飲食店,食べる,飲食店営業（一般・居酒屋）,公園酒場　川よん,35.713177,139.794083,point,浅草二丁目４番２号,台東区,浅草,1788,台東区 食品衛生営業施設一覧,268,仲見世通り
飲食店,食べる,飲食店営業（一般・居酒屋）,くじらの店　捕鯨船,35.713249,139.793945,point,浅草二丁目４番３号,台東区,浅草,1775,台東区 食品衛生営業施設一覧,283,仲見世通り
飲食店,食べる,飲食店営業（一般・居酒屋）,荒井屋,35.713558,139.793655,point,浅草二丁目４番８号,台東区,浅草,1744,台東区 食品衛生営業施設一覧,308,浅草寺
飲食店,食べる,飲食店営業（一般・居酒屋）,浅草居酒屋　じゃんじゃん,35.713558,139.793655,point,浅草二丁目４番８号,台東区,浅草,1744,台東区 食品衛生営業施設一覧,308,浅草寺
飲食店,食べる,飲食店営業（一般・居酒屋）,三ちゃん横丁　浅草ホッピー通り店,35.713531,139.794128,point,浅草二丁目４番１１号,台東区,浅草,1787,台東区 食品衛生営業施設一覧,271,浅草寺
飲食店,食べる,飲食店営業（一般・居酒屋）,居酒屋　和,35.713337,139.79422,point,浅草二丁目４番１３号,台東区,浅草,1798,台東区 食品衛生営業施設一覧,268,仲見世通り
飲食店,食べる,飲食店営業（一般・居酒屋）,浅草　居酒屋　やまや,35.713593,139.794113,point,浅草二丁目５番１号,台東区,浅草,1785,台東区 食品衛生営業施設一覧,269,浅草寺
飲食店,食べる,飲食店営業（一般・居酒屋）,鈴芳,35.713593,139.794113,point,浅草二丁目５番１号,台東区,浅草,1785,台東区 食品衛生営業施設一覧,269,浅草寺
飲食店,食べる,飲食店営業（一般・居酒屋）,浅草居酒屋　ななつぼ,35.713593,139.794113,point,浅草二丁目５番１号,台東区,浅草,1785,台東区 食品衛生営業施設一覧,269,浅草寺
飲食店,食べる,飲食店営業（一般・居酒屋）,居酒屋やまや,35.713593,139.794113,point,浅草二丁目５番１号,台東区,浅草,1785,台東区 食品衛生営業施設一覧,269,浅草寺
飲食店,食べる,飲食店営業（一般・居酒屋）,華　はな,35.713596,139.793961,point,浅草二丁目５番２号,台東区,浅草,1771,台東区 食品衛生営業施設一覧,281,浅草寺
飲食店,食べる,飲食店営業（一般・居酒屋）,アルプス,35.713596,139.793793,point,浅草二丁目５番３号,台東区,浅草,1756,台東区 食品衛生営業施設一覧,295,浅草寺
飲食店,食べる,飲食店営業（一般・居酒屋）,浅草　金ちゃん,35.713596,139.793793,point,浅草二丁目５番３号,台東区,浅草,1756,台東区 食品衛生営業施設一覧,295,浅草寺
飲食店,食べる,飲食店営業（一般・居酒屋）,おか田,35.713768,139.793732,point,浅草二丁目５番８号,台東区,浅草,1748,台東区 食品衛生営業施設一覧,292,浅草寺
飲食店,食べる,飲食店営業（一般・居酒屋）,のんきや,35.713768,139.793732,point,浅草二丁目５番８号,台東区,浅草,1748,台東区 食品衛生営業施設一覧,292,浅草寺
飲食店,食べる,飲食店営業（一般・居酒屋）,中むらや　浅草近Ｂａｒ,35.713768,139.793732,point,浅草二丁目５番８号,台東区,浅草,1748,台東区 食品衛生営業施設一覧,292,浅草寺
飲食店,食べる,飲食店営業（一般・居酒屋）,ＰＲＩＶＡＴＥ　ＤＩＮＩＮＧ　魚民,35.713894,139.794006,point,浅草二丁目５番１０号,台東区,浅草,1771,台東区 食品衛生営業施設一覧,264,浅草寺
飲食店,食べる,飲食店営業（一般・居酒屋）,大衆酒場　たぬき,35.713882,139.794144,point,浅草二丁目５番１２号,台東区,浅草,1784,台東区 食品衛生営業施設一覧,253,浅草寺
飲食店,食べる,飲食店営業（一般・居酒屋）,浅草　なつの,35.713882,139.794144,point,浅草二丁目５番１２号,台東区,浅草,1784,台東区 食品衛生営業施設一覧,253,浅草寺
飲食店,食べる,飲食店営業（一般・居酒屋）,大勝,35.713749,139.794159,point,浅草二丁目５番１３号,台東区,浅草,1787,台東区 食品衛生営業施設一覧,258,浅草寺
飲食店,食べる,飲食店営業（一般・居酒屋）,まるさ,35.713749,139.794159,point,浅草二丁目５番１３号,台東区,浅草,1787,台東区 食品衛生営業施設一覧,258,浅草寺
飲食店,食べる,飲食店営業（一般・居酒屋）,居酒屋　鐵屋,35.713749,139.794159,point,浅草二丁目５番１３号,台東区,浅草,1787,台東区 食品衛生営業施設一覧,258,浅草寺
飲食店,食べる,飲食店営業（一般・居酒屋）,あざらし２号店,35.713749,139.794159,point,浅草二丁目５番１３号,台東区,浅草,1787,台東区 食品衛生営業施設一覧,258,浅草寺
飲食店,食べる,飲食店営業（一般・居酒屋）,大衆酒場　岡本,35.713638,139.794189,point,浅草二丁目５番１４号,台東区,浅草,1791,台東区 食品衛生営業施設一覧,261,浅草寺
飲食店,食べる,飲食店営業（一般・居酒屋）,ロッキーカナイ　浅草横町,35.713928,139.793396,point,浅草二丁目６番７号,台東区,浅草,1716,台東区 食品衛生営業施設一覧,315,浅草寺
飲食店,食べる,飲食店営業（一般・居酒屋）,門°,35.71447,139.793854,point,浅草二丁目６番１４号,台東区,浅草,1752,台東区 食品衛生営業施設一覧,263,浅草寺
飲食店,食べる,飲食店営業（一般・居酒屋）,正ちゃんの店,35.714573,139.794113,point,浅草二丁目７番１３号,台東区,浅草,1774,台東区 食品衛生営業施設一覧,239,浅草寺
飲食店,食べる,飲食店営業（一般・居酒屋）,酒処　えびす,35.714573,139.794113,point,浅草二丁目７番１３号,台東区,浅草,1774,台東区 食品衛生営業施設一覧,239,浅草寺
飲食店,食べる,飲食店営業（一般・居酒屋）,有限会社　花本,35.715202,139.794373,point,浅草二丁目７番２１号,台東区,浅草,1795,台東区 食品衛生営業施設一覧,221,浅草寺
飲食店,食べる,飲食店営業（一般・居酒屋）,浅草串揚げ　あげまん,35.715202,139.794373,point,浅草二丁目７番２１号,台東区,浅草,1795,台東区 食品衛生営業施設一覧,221,浅草寺
飲食店,食べる,飲食店営業（一般・居酒屋）,松よし,35.715202,139.794373,point,浅草二丁目７番２１号,台東区,浅草,1795,台東区 食品衛生営業施設一覧,221,浅草寺
飲食店,食べる,飲食店営業（一般・居酒屋）,赤カブ,35.715202,139.794373,point,浅草二丁目７番２１号,台東区,浅草,1795,台東区 食品衛生営業施設一覧,221,浅草寺
飲食店,食べる,飲食店営業（一般・居酒屋）,三升矢,35.715202,139.794373,point,浅草二丁目７番２１号,台東区,浅草,1795,台東区 食品衛生営業施設一覧,221,浅草寺
飲食店,食べる,飲食店営業（一般・居酒屋）,松ちゃん,35.715202,139.794373,point,浅草二丁目７番２１号,台東区,浅草,1795,台東区 食品衛生営業施設一覧,221,浅草寺
飲食店,食べる,飲食店営業（一般・居酒屋）,がじゅまる,35.715202,139.794373,point,浅草二丁目７番２１号,台東区,浅草,1795,台東区 食品衛生営業施設一覧,221,浅草寺
飲食店,食べる,飲食店営業（一般・居酒屋）,正ちゃんの店　２号店,35.715202,139.794373,point,浅草二丁目７番２１号,台東区,浅草,1795,台東区 食品衛生営業施設一覧,221,浅草寺
飲食店,食べる,飲食店営業（一般・居酒屋）,Ａ　ｓｚｏｂａｍ,35.715202,139.794373,point,浅草二丁目７番２１号,台東区,浅草,1795,台東区 食品衛生営業施設一覧,221,浅草寺
飲食店,食べる,飲食店営業（一般・居酒屋）,気まぐれえりこ,35.715202,139.794373,point,浅草二丁目７番２１号,台東区,浅草,1795,台東区 食品衛生営業施設一覧,221,浅草寺
飲食店,食べる,飲食店営業（一般・居酒屋）,大池,35.715202,139.794373,point,浅草二丁目７番２１号,台東区,浅草,1795,台東区 食品衛生営業施設一覧,221,浅草寺
飲食店,食べる,飲食店営業（一般・居酒屋）,ちゃんばら家,35.715202,139.794373,point,浅草二丁目７番２１号,台東区,浅草,1795,台東区 食品衛生営業施設一覧,221,浅草寺
飲食店,食べる,飲食店営業（一般・居酒屋）,花本,35.715202,139.794373,point,浅草二丁目７番２１号,台東区,浅草,1795,台東区 食品衛生営業施設一覧,221,浅草寺
飲食店,食べる,飲食店営業（一般・居酒屋）,だるま,35.715202,139.794373,point,浅草二丁目７番２１号,台東区,浅草,1795,台東区 食品衛生営業施設一覧,221,浅草寺
飲食店,食べる,飲食店営業（一般・居酒屋）,第１松よし,35.715202,139.794373,point,浅草二丁目７番２１号,台東区,浅草,1795,台東区 食品衛生営業施設一覧,221,浅草寺
飲食店,食べる,飲食店営業（一般・居酒屋）,宇七,35.715202,139.794373,point,浅草二丁目７番２１号,台東区,浅草,1795,台東区 食品衛生営業施設一覧,221,浅草寺
飲食店,食べる,飲食店営業（一般・居酒屋）,天才ブラジル　ニュー小江戸,35.715202,139.794373,point,浅草二丁目７番２１号,台東区,浅草,1795,台東区 食品衛生営業施設一覧,221,浅草寺
飲食店,食べる,飲食店営業（一般・居酒屋）,居酒屋　風鐸,35.715202,139.794373,point,浅草二丁目７番２１号,台東区,浅草,1795,台東区 食品衛生営業施設一覧,221,浅草寺
飲食店,食べる,飲食店営業（一般・居酒屋）,浅草　更科天狐,35.715096,139.795029,point,浅草二丁目７番２５号,台東区,浅草,1854,台東区 食品衛生営業施設一覧,161,浅草寺
飲食店,食べる,飲食店営業（一般・居酒屋）,牛たんの檸檬　浅草店,35.71476,139.793289,point,浅草二丁目９番１３号,台東区,浅草,1699,台東区 食品衛生営業施設一覧,313,浅草寺
飲食店,食べる,飲食店営業（一般・居酒屋）,串焼バル　１．２．３,35.713745,139.792786,point,浅草二丁目１１番１号,台東区,浅草,1664,台東区 食品衛生営業施設一覧,374,浅草寺
飲食店,食べる,飲食店営業（一般・居酒屋）,つながーる　バナナ,35.713745,139.792786,point,浅草二丁目１１番１号,台東区,浅草,1664,台東区 食品衛生営業施設一覧,374,浅草寺
飲食店,食べる,飲食店営業（一般・居酒屋）,まるごと北海道　ジンギスカン酒場,35.714111,139.792664,point,浅草二丁目１１番５号,台東区,浅草,1648,台東区 食品衛生営業施設一覧,375,浅草寺
飲食店,食べる,飲食店営業（一般・居酒屋）,かきほや飛梅　浅草店,35.714436,139.792923,point,浅草二丁目１１番１０号,台東区,浅草,1668,台東区 食品衛生営業施設一覧,347,浅草寺
飲食店,食べる,飲食店営業（一般・居酒屋）,有限会社　大瀧商店,35.714172,139.792892,point,浅草二丁目１１番１２号,台東区,浅草,1668,台東区 食品衛生営業施設一覧,354,浅草寺
飲食店,食べる,飲食店営業（一般・居酒屋）,居酒屋　ととり,35.713905,139.792877,point,浅草二丁目１１番１４号,台東区,浅草,1670,台東区 食品衛生営業施設一覧,361,浅草寺
飲食店,食べる,飲食店営業（一般・居酒屋）,居酒屋　三村房,35.715076,139.792755,point,浅草二丁目１２番５号,台東区,浅草,1649,台東区 食品衛生営業施設一覧,363,浅草寺
飲食店,食べる,飲食店営業（一般・居酒屋）,浅草六区ばる,35.715076,139.792755,point,浅草二丁目１２番５号,台東区,浅草,1649,台東区 食品衛生営業施設一覧,363,浅草寺
飲食店,食べる,飲食店営業（一般・居酒屋）,ホイホイ,35.715076,139.792755,point,浅草二丁目１２番５号,台東区,浅草,1649,台東区 食品衛生営業施設一覧,363,浅草寺
飲食店,食べる,飲食店営業（一般・居酒屋）,ジャストミート,35.715176,139.792862,point,浅草二丁目１２番６号,台東区,浅草,1658,台東区 食品衛生営業施設一覧,355,浅草寺
飲食店,食べる,飲食店営業（一般・居酒屋）,骨付鳥　一之亀,35.715294,139.792953,point,浅草二丁目１３番１号,台東区,浅草,1666,台東区 食品衛生営業施設一覧,349,浅草寺
飲食店,食べる,飲食店営業（一般・居酒屋）,真鶴,35.715759,139.792786,point,浅草二丁目１３番６号,台東区,浅草,1651,台東区 食品衛生営業施設一覧,376,浅草寺
飲食店,食べる,飲食店営業（一般・居酒屋）,金ちゃん,35.715927,139.793045,point,浅草二丁目１３番９号,台東区,浅草,1675,台東区 食品衛生営業施設一覧,360,浅草寺
飲食店,食べる,飲食店営業（一般・居酒屋）,大亀,35.715927,139.793045,point,浅草二丁目１３番９号,台東区,浅草,1675,台東区 食品衛生営業施設一覧,360,浅草寺
飲食店,食べる,飲食店営業（一般・居酒屋）,三陸　漁灯,35.715839,139.793137,point,浅草二丁目１３番１０号,台東区,浅草,1683,台東区 食品衛生営業施設一覧,349,浅草寺
飲食店,食べる,飲食店営業（一般・居酒屋）,ＷＩＮＥ　ＢＡＲ　ＬＵＧＡＲ,35.71579,139.793213,point,浅草二丁目１４番７号,台東区,浅草,1690,台東区 食品衛生営業施設一覧,341,浅草寺
飲食店,食べる,飲食店営業（一般・居酒屋）,焼肉　わか葉,35.715607,139.79364,point,浅草二丁目１４番１２号,台東区,浅草,1728,台東区 食品衛生営業施設一覧,298,浅草寺
飲食店,食べる,飲食店営業（一般・居酒屋）,覆面　ＦＵＫＵＭＥＮ,35.715443,139.793594,point,浅草二丁目１４番１３号,台東区,浅草,1724,台東区 食品衛生営業施設一覧,296,浅草寺
飲食店,食べる,飲食店営業（一般・居酒屋）,ほていちゃん　浅草店,35.715458,139.793671,point,浅草二丁目１５番２号,台東区,浅草,1731,台東区 食品衛生営業施設一覧,290,浅草寺
飲食店,食べる,飲食店営業（一般・居酒屋）,居酒屋　梅ちゃん　浅草店,35.716175,139.793274,point,浅草二丁目１７番５号,台東区,浅草,1696,台東区 食品衛生営業施設一覧,353,浅草寺
飲食店,食べる,飲食店営業（一般・居酒屋）,石原劇場,35.717091,139.793106,point,浅草二丁目１９番７号,台東区,浅草,1688,台東区 食品衛生営業施設一覧,422,浅草寺
飲食店,食べる,飲食店営業（一般・居酒屋）,浅草酒場　ミィ,35.71701,139.793213,point,浅草二丁目２０番６号,台東区,浅草,1697,台東区 食品衛生営業施設一覧,408,浅草寺
飲食店,食べる,飲食店営業（一般・居酒屋）,会員制カフェバー　Ｔｉｋｉｅ，ｓ,35.716648,139.793427,point,浅草二丁目２１番４号,台東区,浅草,1713,台東区 食品衛生営業施設一覧,369,浅草寺
飲食店,食べる,飲食店営業（一般・居酒屋）,寿三郎,35.7169,139.793533,point,浅草二丁目２１番６号,台東区,浅草,1724,台東区 食品衛生営業施設一覧,378,浅草寺
飲食店,食べる,飲食店営業（一般・居酒屋）,正直ビヤホール,35.716854,139.793976,point,浅草二丁目２２番９号,台東区,浅草,1764,台東区 食品衛生営業施設一覧,345,浅草寺
飲食店,食べる,飲食店営業（一般・居酒屋）,ダイニングバー　タケヤ,35.716457,139.793991,point,浅草二丁目２５番５号,台東区,浅草,1762,台東区 食品衛生営業施設一覧,315,浅草寺
飲食店,食べる,飲食店営業（一般・居酒屋）,かな,35.716679,139.794708,point,浅草二丁目２６番９号,台東区,浅草,1828,台東区 食品衛生営業施設一覧,285,浅草寺
飲食店,食べる,飲食店営業（一般・居酒屋）,牛もつ鍋よし藤,35.716297,139.794754,point,浅草二丁目２７番５号,台東区,浅草,1830,台東区 食品衛生営業施設一覧,251,浅草寺
飲食店,食べる,飲食店営業（一般・居酒屋）,浅草鳥きち,35.716614,139.794937,point,浅草二丁目２７番８号,台東区,浅草,1849,台東区 食品衛生営業施設一覧,267,浅草寺
飲食店,食べる,飲食店営業（一般・居酒屋）,龍天,35.716454,139.795578,point,浅草二丁目２７番１２号,台東区,浅草,1905,台東区 食品衛生営業施設一覧,220,浅草寺
飲食店,食べる,飲食店営業（一般・居酒屋）,いちり,35.716454,139.795578,point,浅草二丁目２７番１２号,台東区,浅草,1905,台東区 食品衛生営業施設一覧,220,浅草寺
飲食店,食べる,飲食店営業（一般・居酒屋）,茶々工房,35.715191,139.794983,point,浅草二丁目２８番１号,台東区,浅草,1850,台東区 食品衛生営業施設一覧,168,浅草寺
飲食店,食べる,飲食店営業（一般・居酒屋）,豚゛太　郎,35.715084,139.795425,point,浅草二丁目２９番２号,台東区,浅草,1890,台東区 食品衛生営業施設一覧,126,浅草寺
飲食店,食べる,飲食店営業（一般・居酒屋）,浅草うどん,35.715878,139.795685,point,浅草二丁目２９番１０号,台東区,浅草,1913,台東区 食品衛生営業施設一覧,161,浅草寺
飲食店,食べる,飲食店営業（一般・居酒屋）,スナック二四会館浅草店,35.715878,139.795975,point,浅草二丁目２９番１６号,台東区,浅草,1939,台東区 食品衛生営業施設一覧,147,浅草寺
飲食店,食べる,飲食店営業（一般・居酒屋）,居酒屋「亥」,35.716282,139.797943,point,浅草三丁目２番４号,台東区,浅草,2118,台東区 食品衛生営業施設一覧,204,浅草寺
飲食店,食べる,飲食店営業（一般・居酒屋）,さくま,35.716282,139.797134,point,浅草三丁目４番２号,台東区,浅草,2045,台東区 食品衛生営業施設一覧,177,浅草寺
飲食店,食べる,飲食店営業（一般・居酒屋）,浅草もっ久,35.716549,139.796814,point,浅草三丁目４番６号,台東区,浅草,2017,台東区 食品衛生営業施設一覧,203,浅草寺
飲食店,食べる,飲食店営業（一般・居酒屋）,百珍,35.716255,139.797424,point,浅草三丁目４番１２号,台東区,浅草,2071,台東区 食品衛生営業施設一覧,181,浅草寺
飲食店,食べる,飲食店営業（一般・居酒屋）,鬼平,35.716408,139.7966,point,浅草三丁目５番１号,台東区,浅草,1997,台東区 食品衛生営業施設一覧,188,浅草寺
飲食店,食べる,飲食店営業（一般・居酒屋）,浅草こととい,35.716557,139.796738,point,浅草三丁目５番７号,台東区,浅草,2010,台東区 食品衛生営業施設一覧,204,浅草寺
飲食店,食べる,飲食店営業（一般・居酒屋）,かんがえる　かんがるー,35.717091,139.794891,point,浅草三丁目９番１０号,台東区,浅草,1848,台東区 食品衛生営業施設一覧,313,浅草寺
飲食店,食べる,飲食店営業（一般・居酒屋）,めし処　岩下,35.717426,139.793396,point,浅草三丁目１１番５号,台東区,浅草,1718,台東区 食品衛生営業施設一覧,427,浅草寺
飲食店,食べる,飲食店営業（一般・居酒屋）,ｍａｒｉｍｏ,35.717457,139.793488,point,浅草三丁目１１番６号,台東区,浅草,1727,台東区 食品衛生営業施設一覧,423,浅草寺
飲食店,食べる,飲食店営業（一般・居酒屋）,呑み処　美寿ゞ,35.717575,139.793304,point,浅草三丁目１４番１号,台東区,浅草,1712,台東区 食品衛生営業施設一覧,444,浅草寺
飲食店,食べる,飲食店営業（一般・居酒屋）,安楽亭,35.717617,139.794571,point,浅草三丁目１７番６号,台東区,浅草,1826,台東区 食品衛生営業施設一覧,377,浅草寺
飲食店,食べる,飲食店営業（一般・居酒屋）,Ｄｉｎｉｎｇ　ｂａｒ　星孝,35.71759,139.794708,point,浅草三丁目１７番７号,台東区,浅草,1838,台東区 食品衛生営業施設一覧,369,浅草寺
飲食店,食べる,飲食店営業（一般・居酒屋）,たきさわ,35.717396,139.794769,point,浅草三丁目１８番４号,台東区,浅草,1841,台東区 食品衛生営業施設一覧,347,浅草寺
飲食店,食べる,飲食店営業（一般・居酒屋）,わらべの里,35.717308,139.795105,point,浅草三丁目１８番９号,台東区,浅草,1870,台東区 食品衛生営業施設一覧,324,浅草寺
飲食店,食べる,飲食店営業（一般・居酒屋）,おかめ,35.717247,139.796005,point,浅草三丁目２０番８号,台東区,浅草,1950,台東区 食品衛生営業施設一覧,289,浅草寺
飲食店,食べる,飲食店営業（一般・居酒屋）,ＣＯＬＤ　ＨＡＮＤＳ,35.717247,139.796005,point,浅草三丁目２０番８号,台東区,浅草,1950,台東区 食品衛生営業施設一覧,289,浅草寺
飲食店,食べる,飲食店営業（一般・居酒屋）,ぬる燗,35.717117,139.795959,point,浅草三丁目２０番９号,台東区,浅草,1945,台東区 食品衛生営業施設一覧,276,浅草寺
飲食店,食べる,飲食店営業（一般・居酒屋）,旨台所・成田家,35.716728,139.796875,point,浅草三丁目２３番３号,台東区,浅草,2024,台東区 食品衛生営業施設一覧,224,浅草寺
飲食店,食べる,飲食店営業（一般・居酒屋）,㈲新川屋萩原商店,35.716679,139.797668,point,浅草三丁目２５番４号,台東区,浅草,2095,台東区 食品衛生営業施設一覧,233,浅草寺
飲食店,食べる,飲食店営業（一般・居酒屋）,林檎や,35.716415,139.798676,point,浅草三丁目２７番１１号,台東区,浅草,2185,台東区 食品衛生営業施設一覧,256,浅草寺
飲食店,食べる,飲食店営業（一般・居酒屋）,浅草酒場,35.71682,139.798706,point,浅草三丁目２８番１号,台東区,浅草,2190,台東区 食品衛生営業施設一覧,293,浅草寺
飲食店,食べる,飲食店営業（一般・居酒屋）,居酒屋　レモン,35.717186,139.798615,point,浅草三丁目２８番５号,台東区,浅草,2184,台東区 食品衛生営業施設一覧,322,浅草寺
飲食店,食べる,飲食店営業（一般・居酒屋）,花櫚,35.717297,139.79747,point,浅草三丁目３１番３号,台東区,浅草,2082,台東区 食品衛生営業施設一覧,294,浅草寺
飲食店,食べる,飲食店営業（一般・居酒屋）,ｍｉｃｒｏ,35.717224,139.797714,point,浅草三丁目３１番９号,台東区,浅草,2104,台東区 食品衛生営業施設一覧,292,浅草寺
飲食店,食べる,飲食店営業（一般・居酒屋）,二葉,35.717197,139.796875,point,浅草三丁目３３番１号,台東区,浅草,2028,台東区 食品衛生営業施設一覧,276,浅草寺
飲食店,食べる,飲食店営業（一般・居酒屋）,よし膳,35.717236,139.796707,point,浅草三丁目３３番２号,台東区,浅草,2013,台東区 食品衛生営業施設一覧,280,浅草寺
飲食店,食べる,飲食店営業（一般・居酒屋）,酔花,35.717609,139.796677,point,浅草三丁目３３番６号,台東区,浅草,2015,台東区 食品衛生営業施設一覧,321,浅草寺
飲食店,食べる,飲食店営業（一般・居酒屋）,スナック　いこい,35.717735,139.796722,point,浅草三丁目３３番７号,台東区,浅草,2020,台東区 食品衛生営業施設一覧,335,浅草寺
飲食店,食べる,飲食店営業（一般・居酒屋）,武川,35.717369,139.797028,point,浅草三丁目３３番１２号,台東区,浅草,2043,台東区 食品衛生営業施設一覧,296,浅草寺
飲食店,食べる,飲食店営業（一般・居酒屋）,サバ,35.7173,139.796341,point,浅草三丁目３４番１号,台東区,浅草,1981,台東区 食品衛生営業施設一覧,289,浅草寺
飲食店,食べる,飲食店営業（一般・居酒屋）,ずぶ六,35.717422,139.796143,point,浅草三丁目３４番３号,台東区,浅草,1964,台東区 食品衛生営業施設一覧,305,浅草寺
飲食店,食べる,飲食店営業（一般・居酒屋）,食菜　朋,35.717472,139.795578,point,浅草三丁目３６番１号,台東区,浅草,1914,台東区 食品衛生営業施設一覧,324,浅草寺
飲食店,食べる,飲食店営業（一般・居酒屋）,たまや,35.717472,139.795578,point,浅草三丁目３６番１号,台東区,浅草,1914,台東区 食品衛生営業施設一覧,324,浅草寺
飲食店,食べる,飲食店営業（一般・居酒屋）,食べ呑み処　あぐまる,35.717506,139.795395,point,浅草三丁目３６番２号,台東区,浅草,1898,台東区 食品衛生営業施設一覧,333,浅草寺
飲食店,食べる,飲食店営業（一般・居酒屋）,鮮魚・天麩羅　ならさか,35.71806,139.795334,point,浅草三丁目３７番８号,台東区,浅草,1901,台東区 食品衛生営業施設一覧,393,浅草寺
飲食店,食べる,飲食店営業（一般・居酒屋）,晩酌処　おきゃん,35.717724,139.795288,point,浅草三丁目３７番１１号,台東区,浅草,1892,台東区 食品衛生営業施設一覧,359,浅草寺
飲食店,食べる,飲食店営業（一般・居酒屋）,たまや,35.717724,139.795288,point,浅草三丁目３７番１１号,台東区,浅草,1892,台東区 食品衛生営業施設一覧,359,浅草寺
飲食店,食べる,飲食店営業（一般・居酒屋）,桃太郎,35.71785,139.793854,point,浅草三丁目４０番２号,台東区,浅草,1765,台東区 食品衛生営業施設一覧,435,浅草寺
飲食店,食べる,飲食店営業（一般・居酒屋）,ＢＡＲ　ＺＥＲＯ－ＯＮＥ,35.718346,139.794006,point,浅草三丁目４０番９号,台東区,浅草,1787,台東区 食品衛生営業施設一覧,473,浅草寺
飲食店,食べる,飲食店営業（一般・居酒屋）,蕾,35.717999,139.793304,point,浅草三丁目４１番２号,台東区,浅草,1718,台東区 食品衛生営業施設一覧,479,浅草寺
飲食店,食べる,飲食店営業（一般・居酒屋）,香林坊,35.717999,139.793304,point,浅草三丁目４１番２号,台東区,浅草,1718,台東区 食品衛生営業施設一覧,479,浅草寺
飲食店,食べる,飲食店営業（一般・居酒屋）,ソリアーノ・モジャ,35.718098,139.793213,point,浅草三丁目４１番３号,台東区,浅草,1712,台東区 食品衛生営業施設一覧,493,浅草寺
飲食店,食べる,飲食店営業（一般・居酒屋）,ＬＯＶＥ,35.718086,139.793594,point,浅草三丁目４１番１２号,台東区,浅草,1746,台東区 食品衛生営業施設一覧,470,浅草寺
飲食店,食べる,飲食店営業（一般・居酒屋）,滝ノ茶屋,35.718086,139.793594,point,浅草三丁目４１番１２号,台東区,浅草,1746,台東区 食品衛生営業施設一覧,470,浅草寺
飲食店,食べる,飲食店営業（一般・居酒屋）,しゅこう　みやもと,35.718372,139.792862,point,浅草三丁目４２番５号,台東区,浅草,1686,台東区 食品衛生営業施設一覧,537,浅草寺
飲食店,食べる,飲食店営業（一般・居酒屋）,馬基地,35.717503,139.798965,point,浅草四丁目１番１４号,台東区,浅草,2219,台東区 食品衛生営業施設一覧,368,浅草寺
飲食店,食べる,飲食店営業（一般・居酒屋）,酒処　　雄,35.717621,139.798035,point,浅草四丁目４番１号,台東区,浅草,2137,台東区 食品衛生営業施設一覧,343,浅草寺
飲食店,食べる,飲食店営業（一般・居酒屋）,魚処　もがみや,35.718094,139.797928,point,浅草四丁目６番８号,台東区,浅草,2133,台東区 食品衛生営業施設一覧,390,浅草寺
飲食店,食べる,飲食店営業（一般・居酒屋）,ＫＡＫＵＲＥ　ＳＡＫＡＢＡ　おかやす,35.717941,139.797287,point,浅草四丁目７番２号,台東区,浅草,2074,台東区 食品衛生営業施設一覧,361,浅草寺
飲食店,食べる,飲食店営業（一般・居酒屋）,百作,35.71793,139.797577,point,浅草四丁目７番１２号,台東区,浅草,2099,台東区 食品衛生営業施設一覧,365,浅草寺
飲食店,食べる,飲食店営業（一般・居酒屋）,笑ひめ,35.717773,139.797241,point,浅草四丁目８番２号,台東区,浅草,2067,台東区 食品衛生営業施設一覧,342,浅草寺
飲食店,食べる,飲食店営業（一般・居酒屋）,洋風酒場　遊屋,35.717773,139.797241,point,浅草四丁目８番２号,台東区,浅草,2067,台東区 食品衛生営業施設一覧,342,浅草寺
飲食店,食べる,飲食店営業（一般・居酒屋）,浅草ワイン屋　Ｖｉｎｏ　ａｂｅ,35.71841,139.796951,point,浅草四丁目１０番５号,台東区,浅草,2051,台東区 食品衛生営業施設一覧,411,浅草寺
飲食店,食べる,飲食店営業（一般・居酒屋）,観音裏　まめ助,35.71841,139.796951,point,浅草四丁目１０番５号,台東区,浅草,2051,台東区 食品衛生営業施設一覧,411,浅草寺
飲食店,食べる,飲食店営業（一般・居酒屋）,Ｄｉｎｉｎｇ＆Ｂａｒ　山,35.718021,139.796051,point,浅草四丁目１３番２号,台東区,浅草,1964,台東区 食品衛生営業施設一覧,372,浅草寺
飲食店,食べる,飲食店営業（一般・居酒屋）,柳－ｓｉｎｃｅ１９８５－,35.718021,139.796051,point,浅草四丁目１３番２号,台東区,浅草,1964,台東区 食品衛生営業施設一覧,372,浅草寺
飲食店,食べる,飲食店営業（一般・居酒屋）,ぽんず,35.718063,139.796295,point,浅草四丁目１３番６号,台東区,浅草,1987,台東区 食品衛生営業施設一覧,374,浅草寺
飲食店,食べる,飲食店営業（一般・居酒屋）,ちゃこーる,35.718674,139.79628,point,浅草四丁目１４番６号,台東区,浅草,1996,台東区 食品衛生営業施設一覧,442,浅草寺
飲食店,食べる,飲食店営業（一般・居酒屋）,スナック　ひかる,35.718414,139.79567,point,浅草四丁目１５番３号,台東区,浅草,1937,台東区 食品衛生営業施設一覧,422,浅草寺
飲食店,食べる,飲食店営業（一般・居酒屋）,クラフトビアハウス４３８,35.718769,139.795914,point,浅草四丁目１５番６号,台東区,浅草,1965,台東区 食品衛生営業施設一覧,457,浅草寺
飲食店,食べる,飲食店営業（一般・居酒屋）,キミドリ,35.718361,139.796021,point,浅草四丁目１５番１０号,台東区,浅草,1967,台東区 食品衛生営業施設一覧,410,浅草寺
飲食店,食べる,飲食店営業（一般・居酒屋）,楽や,35.718193,139.795212,point,浅草四丁目１７番２号,台東区,浅草,1892,台東区 食品衛生営業施設一覧,410,浅草寺
飲食店,食べる,飲食店営業（一般・居酒屋）,Ｇｙｏｚａ　Ｂａｒ　けいすけ,35.718834,139.795639,point,浅草四丁目１８番７号,台東区,浅草,1942,台東区 食品衛生営業施設一覧,468,浅草寺
飲食店,食べる,飲食店営業（一般・居酒屋）,焼酎処　乙,35.718609,139.795685,point,浅草四丁目１８番９号,台東区,浅草,1942,台東区 食品衛生営業施設一覧,443,浅草寺
飲食店,食べる,飲食店営業（一般・居酒屋）,カラオケ居酒屋ぱおぱお,35.718452,139.795609,point,浅草四丁目１８番１０号,台東区,浅草,1932,台東区 食品衛生営業施設一覧,428,浅草寺
飲食店,食べる,飲食店営業（一般・居酒屋）,浅四,35.718452,139.795609,point,浅草四丁目１８番１０号,台東区,浅草,1932,台東区 食品衛生営業施設一覧,428,浅草寺
飲食店,食べる,飲食店営業（一般・居酒屋）,やきとり処　初代　ちょべりば,35.718906,139.795013,point,浅草四丁目１９番５号,台東区,浅草,1888,台東区 食品衛生営業施設一覧,491,浅草寺
飲食店,食べる,飲食店営業（一般・居酒屋）,うまずき別館,35.71838,139.79509,point,浅草四丁目２０番７号,台東区,浅草,1884,台東区 食品衛生営業施設一覧,434,浅草寺
飲食店,食べる,飲食店営業（一般・居酒屋）,串焼き居酒屋　福家,35.718571,139.794693,point,浅草四丁目２１番８号,台東区,浅草,1853,台東区 食品衛生営業施設一覧,467,浅草寺
飲食店,食べる,飲食店営業（一般・居酒屋）,ほおずき家,35.720081,139.792953,point,浅草四丁目２８番９号,台東区,浅草,1739,台東区 食品衛生営業施設一覧,688,浅草寺
飲食店,食べる,飲食店営業（一般・居酒屋）,肉酒場ちりん,35.719795,139.793076,point,浅草四丁目２８番１２号,台東区,浅草,1741,台東区 食品衛生営業施設一覧,655,浅草寺
飲食店,食べる,飲食店営業（一般・居酒屋）,立呑み処　和音,35.71981,139.794022,point,浅草四丁目３２番４号,台東区,浅草,1824,台東区 食品衛生営業施設一覧,617,浅草寺
飲食店,食べる,飲食店営業（一般・居酒屋）,めんそーれ,35.719852,139.794662,point,浅草四丁目３３番７号,台東区,浅草,1881,台東区 食品衛生営業施設一覧,601,浅草寺
飲食店,食べる,飲食店営業（一般・居酒屋）,醍菜,35.719238,139.795853,point,浅草四丁目３７番１号,台東区,浅草,1970,台東区 食品衛生営業施設一覧,509,浅草寺
飲食店,食べる,飲食店営業（一般・居酒屋）,居酒屋　まつ,35.719284,139.795654,point,浅草四丁目３７番２号,台東区,浅草,1953,台東区 食品衛生営業施設一覧,517,浅草寺
飲食店,食べる,飲食店営業（一般・居酒屋）,?美松,35.718918,139.795502,point,浅草四丁目３８番２号,台東区,浅草,1932,台東区 食品衛生営業施設一覧,480,浅草寺
飲食店,食べる,飲食店営業（一般・居酒屋）,麺酒盗ざい八,35.71925,139.795502,point,浅草四丁目３８番５号,台東区,浅草,1939,台東区 食品衛生営業施設一覧,516,浅草寺
飲食店,食べる,飲食店営業（一般・居酒屋）,ｂａｒ＆ｂａｌ　ＮＡＢＥ,35.719585,139.797363,point,浅草五丁目５番４号,台東区,浅草,2111,台東区 食品衛生営業施設一覧,544,浅草寺
飲食店,食べる,飲食店営業（一般・居酒屋）,てるてるぼうず,35.719822,139.796722,point,浅草五丁目７番８号,台東区,浅草,2060,台東区 食品衛生営業施設一覧,567,浅草寺
飲食店,食べる,飲食店営業（一般・居酒屋）,居酒屋　浅魂,35.72015,139.795135,point,浅草五丁目１０番１４号,台東区,浅草,1930,台東区 食品衛生営業施設一覧,621,浅草寺
飲食店,食べる,飲食店営業（一般・居酒屋）,とりたつ,35.720001,139.795258,point,浅草五丁目１０番１６号,台東区,浅草,1937,台東区 食品衛生営業施設一覧,602,浅草寺
飲食店,食べる,飲食店営業（一般・居酒屋）,みどり,35.720863,139.794327,point,浅草五丁目１３番４号,台東区,浅草,1883,台東区 食品衛生営業施設一覧,717,浅草寺
飲食店,食べる,飲食店営業（一般・居酒屋）,鳥恵,35.720673,139.794861,point,浅草五丁目１５番３号,台東区,浅草,1923,台東区 食品衛生営業施設一覧,684,浅草寺
飲食店,食べる,飲食店営業（一般・居酒屋）,齋,35.720299,139.79509,point,浅草五丁目１６番１４号,台東区,浅草,1931,台東区 食品衛生営業施設一覧,638,浅草寺
飲食店,食べる,飲食店営業（一般・居酒屋）,居酒屋心,35.720299,139.79509,point,浅草五丁目１６番１４号,台東区,浅草,1931,台東区 食品衛生営業施設一覧,638,浅草寺
飲食店,食べる,飲食店営業（一般・居酒屋）,居酒屋　ＪＥＮ,35.720299,139.79509,point,浅草五丁目１６番１４号,台東区,浅草,1931,台東区 食品衛生営業施設一覧,638,浅草寺
飲食店,食べる,飲食店営業（一般・居酒屋）,居食屋　柳家,35.720135,139.796036,point,浅草五丁目１９番３号,台東区,浅草,2009,台東区 食品衛生営業施設一覧,606,浅草寺
飲食店,食べる,飲食店営業（一般・居酒屋）,のみ処　やすらぎ,35.719952,139.796432,point,浅草五丁目２０番３号,台東区,浅草,2038,台東区 食品衛生営業施設一覧,582,浅草寺
飲食店,食べる,飲食店営業（一般・居酒屋）,Ｋｕｗａｓａｒｕ　浅草茶寮,35.719952,139.796432,point,浅草五丁目２０番３号,台東区,浅草,2038,台東区 食品衛生営業施設一覧,582,浅草寺
飲食店,食べる,飲食店営業（一般・居酒屋）,酒処　酔仙,35.72126,139.795547,point,浅草五丁目３２番９号,台東区,浅草,2002,台東区 食品衛生営業施設一覧,735,浅草寺
飲食店,食べる,飲食店営業（一般・居酒屋）,花寿美,35.72126,139.795547,point,浅草五丁目３２番９号,台東区,浅草,2002,台東区 食品衛生営業施設一覧,735,浅草寺
飲食店,食べる,飲食店営業（一般・居酒屋）,ＶｉＬＬＡＧＥ,35.721588,139.795532,point,浅草五丁目３３番３号,台東区,浅草,2012,台東区 食品衛生営業施設一覧,772,浅草寺
飲食店,食べる,飲食店営業（一般・居酒屋）,居酒屋　　夢や,35.721397,139.796005,point,浅草五丁目３５番３号,台東区,浅草,2046,台東区 食品衛生営業施設一覧,745,浅草寺
飲食店,食べる,飲食店営業（一般・居酒屋）,ちゃんこ場三七三,35.721573,139.796631,point,浅草五丁目３６番７号,台東区,浅草,2105,台東区 食品衛生営業施設一覧,762,浅草寺
飲食店,食べる,飲食店営業（一般・居酒屋）,喜林,35.720802,139.796371,point,浅草五丁目３７番１号,台東区,浅草,2057,台東区 食品衛生営業施設一覧,677,浅草寺
飲食店,食べる,飲食店営業（一般・居酒屋）,和ノ家　追分,35.721325,139.796692,point,浅草五丁目３７番７号,台東区,浅草,2102,台東区 食品衛生営業施設一覧,734,浅草寺
飲食店,食べる,飲食店営業（一般・居酒屋）,Ｃｈａｎｂｏｗ,35.720604,139.799652,point,浅草五丁目４７番１０号,台東区,浅草,2338,台東区 食品衛生営業施設一覧,705,浅草寺
飲食店,食べる,飲食店営業（一般・居酒屋）,うなぎ　鈴音,35.721886,139.797134,point,浅草五丁目５６番９号,台東区,浅草,2160,台東区 食品衛生営業施設一覧,798,浅草寺
飲食店,食べる,飲食店営業（一般・居酒屋）,居酒屋　どんべえ,35.721886,139.797134,point,浅草五丁目５６番９号,台東区,浅草,2160,台東区 食品衛生営業施設一覧,798,浅草寺
飲食店,食べる,飲食店営業（一般・居酒屋）,伊酒屋　ら猿手,35.722786,139.797562,point,浅草五丁目６１番２号,台東区,浅草,2230,台東区 食品衛生営業施設一覧,900,浅草寺
飲食店,食べる,飲食店営業（一般・居酒屋）,呑匠　ＺＯＮＯ,35.722038,139.798538,point,浅草五丁目６６番５号,台東区,浅草,2285,台東区 食品衛生営業施設一覧,830,浅草寺
飲食店,食べる,飲食店営業（一般・居酒屋）,だがし屋　みっちゃん,35.716232,139.79982,point,浅草六丁目７番５号,台東区,浅草,2287,台東区 食品衛生営業施設一覧,324,浅草寺
飲食店,食べる,飲食店営業（一般・居酒屋）,Ｃｏｆｆｅｅ　＆　Ｂａｒ　ＷＩＬＬ,35.7164,139.799438,point,浅草六丁目８番５号,台東区,浅草,2253,台東区 食品衛生営業施設一覧,306,浅草寺
飲食店,食べる,飲食店営業（一般・居酒屋）,にいど・だもおれ,35.716816,139.800812,point,浅草六丁目１８番１３号,台東区,浅草,2379,台東区 食品衛生営業施設一覧,435,浅草寺
飲食店,食べる,飲食店営業（一般・居酒屋）,和酒処　しゅはり,35.71772,139.799637,point,浅草六丁目２９番１２号,台東区,浅草,2282,台東区 食品衛生営業施設一覧,423,浅草寺
飲食店,食べる,飲食店営業（一般・居酒屋）,もつ焼　カミヤ,35.696617,139.784821,point,浅草橋一丁目７番１号,台東区,浅草橋,2307,台東区 食品衛生営業施設一覧,1604,アメヤ横丁
飲食店,食べる,飲食店営業（一般・居酒屋）,七味や,35.69677,139.784622,point,浅草橋一丁目７番３号,台東区,浅草橋,2285,台東区 食品衛生営業施設一覧,1580,アメヤ横丁
飲食店,食べる,飲食店営業（一般・居酒屋）,ＳＷ＿ｌａｂｏ,35.696907,139.784897,point,浅草橋一丁目７番６号,台東区,浅草橋,2281,台東区 食品衛生営業施設一覧,1582,アメヤ横丁
飲食店,食べる,飲食店営業（一般・居酒屋）,しゃべりＢＡＲ,35.697079,139.785538,point,浅草橋一丁目９番７号,台東区,浅草橋,2288,台東区 食品衛生営業施設一覧,1603,アメヤ横丁
飲食店,食べる,飲食店営業（一般・居酒屋）,ぶたいちろう,35.69717,139.785583,point,浅草橋一丁目９番８号,台東区,浅草橋,2281,台東区 食品衛生営業施設一覧,1597,アメヤ横丁
飲食店,食べる,飲食店営業（一般・居酒屋）,酒小屋,35.697269,139.78476,point,浅草橋一丁目１０番７号,台東区,浅草橋,2239,台東区 食品衛生営業施設一覧,1543,アメヤ横丁
飲食店,食べる,飲食店営業（一般・居酒屋）,住吉,35.697224,139.785263,point,浅草橋一丁目１０番１０号,台東区,浅草橋,2263,台東区 食品衛生営業施設一覧,1574,アメヤ横丁
飲食店,食べる,飲食店営業（一般・居酒屋）,不知火　Ｃａｒｄ＆Ｆｏｏｄ　Ｓａｌｏｎ,35.697292,139.783478,point,浅草橋一丁目１２番４号,台東区,浅草橋,2191,台東区 食品衛生営業施設一覧,1473,アメヤ横丁
飲食店,食べる,飲食店営業（一般・居酒屋）,韓味豚,35.697342,139.78389,point,浅草橋一丁目１２番７号,台東区,浅草橋,2200,台東区 食品衛生営業施設一覧,1490,アメヤ横丁
飲食店,食べる,飲食店営業（一般・居酒屋）,加賀屋,35.697239,139.783951,point,浅草橋一丁目１２番８号,台東区,浅草橋,2213,台東区 食品衛生営業施設一覧,1502,アメヤ横丁
飲食店,食べる,飲食店営業（一般・居酒屋）,居酒屋　ポアル館,35.697239,139.783951,point,浅草橋一丁目１２番８号,台東区,浅草橋,2213,台東区 食品衛生営業施設一覧,1502,アメヤ横丁
飲食店,食べる,飲食店営業（一般・居酒屋）,馬肉酒処　酔つ馬　ＹＯＴＵＢＡ,35.697296,139.783401,point,浅草橋一丁目１３番８号,台東区,浅草橋,2188,台東区 食品衛生営業施設一覧,1469,アメヤ横丁
飲食店,食べる,飲食店営業（一般・居酒屋）,古月,35.697296,139.783401,point,浅草橋一丁目１３番８号,台東区,浅草橋,2188,台東区 食品衛生営業施設一覧,1469,アメヤ横丁
飲食店,食べる,飲食店営業（一般・居酒屋）,魚屋,35.697296,139.783401,point,浅草橋一丁目１３番８号,台東区,浅草橋,2188,台東区 食品衛生営業施設一覧,1469,アメヤ横丁
飲食店,食べる,飲食店営業（一般・居酒屋）,新橋やきとん浅草橋店,35.697506,139.783432,point,浅草橋一丁目１４番１２号,台東区,浅草橋,2168,台東区 食品衛生営業施設一覧,1451,アメヤ横丁
飲食店,食べる,飲食店営業（一般・居酒屋）,ごっつり　浅草橋店,35.697453,139.784073,point,浅草橋一丁目１６番４号,台東区,浅草橋,2195,台東区 食品衛生営業施設一覧,1489,アメヤ横丁
飲食店,食べる,飲食店営業（一般・居酒屋）,ノマサル－,35.6973,139.78595,point,浅草橋一丁目１７番５号,台東区,浅草橋,2282,台東区 食品衛生営業施設一覧,1607,アメヤ横丁
飲食店,食べる,飲食店営業（一般・居酒屋）,立ち呑み粋　ぷらす,35.6973,139.78595,point,浅草橋一丁目１７番１１号,台東区,浅草橋,2282,台東区 食品衛生営業施設一覧,1607,アメヤ横丁
飲食店,食べる,飲食店営業（一般・居酒屋）,ホルモン焼の　アジト,35.6973,139.78595,point,浅草橋一丁目１７番１１号,台東区,浅草橋,2282,台東区 食品衛生営業施設一覧,1607,アメヤ横丁
飲食店,食べる,飲食店営業（一般・居酒屋）,焼鳥と酒　ヒトツナギ,35.6973,139.78595,point,浅草橋一丁目１７番１４号,台東区,浅草橋,2282,台東区 食品衛生営業施設一覧,1607,アメヤ横丁
飲食店,食べる,飲食店営業（一般・居酒屋）,焼鳥　日高　浅草橋駅前店,35.697414,139.786011,point,浅草橋一丁目１８番１号,台東区,浅草橋,2274,台東区 食品衛生営業施設一覧,1601,アメヤ横丁
飲食店,食べる,飲食店営業（一般・居酒屋）,鳥劇場浅草橋店,35.697414,139.786011,point,浅草橋一丁目１８番１号,台東区,浅草橋,2274,台東区 食品衛生営業施設一覧,1601,アメヤ横丁
飲食店,食べる,飲食店営業（一般・居酒屋）,肉汁餃子のダンダダン　浅草橋店,35.69743,139.785843,point,浅草橋一丁目１８番２号,台東区,浅草橋,2265,台東区 食品衛生営業施設一覧,1590,アメヤ横丁
飲食店,食べる,飲食店営業（一般・居酒屋）,串屋横丁　浅草橋２号店,35.697506,139.785812,point,浅草橋一丁目１８番３号,台東区,浅草橋,2256,台東区 食品衛生営業施設一覧,1582,アメヤ横丁
飲食店,食べる,飲食店営業（一般・居酒屋）,浅草橋ワインバル八十郎商店,35.697624,139.785889,point,浅草橋一丁目１８番４号,台東区,浅草橋,2248,台東区 食品衛生営業施設一覧,1577,アメヤ横丁
飲食店,食べる,飲食店営業（一般・居酒屋）,有限会社　むつみ屋,35.697845,139.786026,point,浅草橋一丁目１８番６号,台東区,浅草橋,2232,台東区 食品衛生営業施設一覧,1566,アメヤ横丁
飲食店,食べる,飲食店営業（一般・居酒屋）,居酒屋　みらいちず　～未来一途～,35.697613,139.78624,point,浅草橋一丁目１８番１０号,台東区,浅草橋,2264,台東区 食品衛生営業施設一覧,1598,アメヤ横丁
飲食店,食べる,飲食店営業（一般・居酒屋）,世界の山ちゃん浅草橋店,35.697449,139.785599,point,浅草橋一丁目１９番１号,台東区,浅草橋,2253,台東区 食品衛生営業施設一覧,1574,アメヤ横丁
飲食店,食べる,飲食店営業（一般・居酒屋）,牛たん日和　浅草橋店,35.697464,139.785477,point,浅草橋一丁目１９番２号,台東区,浅草橋,2247,台東区 食品衛生営業施設一覧,1566,アメヤ横丁
飲食店,食べる,飲食店営業（一般・居酒屋）,酒膳屋　ｍｏｏｎ,35.697666,139.785461,point,浅草橋一丁目１９番４号,台東区,浅草橋,2226,台東区 食品衛生営業施設一覧,1548,アメヤ横丁
飲食店,食べる,飲食店営業（一般・居酒屋）,がブリチキン。　浅草橋店,35.697712,139.785858,point,浅草橋一丁目１９番９号,台東区,浅草橋,2238,台東区 食品衛生営業施設一覧,1567,アメヤ横丁
飲食店,食べる,飲食店営業（一般・居酒屋）,季節料理　いろは,35.697479,139.785263,point,浅草橋一丁目２０番１号,台東区,浅草橋,2237,台東区 食品衛生営業施設一覧,1552,アメヤ横丁
飲食店,食べる,飲食店営業（一般・居酒屋）,ＢＩＳＴＲＯ　Ｊｏｍｏｍｏ,35.697556,139.785156,point,浅草橋一丁目２０番２号,台東区,浅草橋,2225,台東区 食品衛生営業施設一覧,1540,アメヤ横丁
飲食店,食べる,飲食店営業（一般・居酒屋）,居酒屋　七海,35.697792,139.785172,point,浅草橋一丁目２０番４号,台東区,浅草橋,2202,台東区 食品衛生営業施設一覧,1520,アメヤ横丁
飲食店,食べる,飲食店営業（一般・居酒屋）,大衆酒場　串焼き本舗,35.697628,139.7854,point,浅草橋一丁目２０番８号,台東区,浅草橋,2228,台東区 食品衛生営業施設一覧,1547,アメヤ横丁
飲食店,食べる,飲食店営業（一般・居酒屋）,牛タンとおでんとクリスピー餃子　ひまわり［出汁］浅草橋店,35.697628,139.7854,point,浅草橋一丁目２０番８号,台東区,浅草橋,2228,台東区 食品衛生営業施設一覧,1547,アメヤ横丁
飲食店,食べる,飲食店営業（一般・居酒屋）,みちのく,35.697498,139.784988,point,浅草橋一丁目２１番１号,台東区,浅草橋,2224,台東区 食品衛生営業施設一覧,1535,アメヤ横丁
飲食店,食べる,飲食店営業（一般・居酒屋）,楽酒屋　ごえん　浅草橋店,35.697605,139.783585,point,浅草橋一丁目２３番３号,台東区,浅草橋,2163,台東区 食品衛生営業施設一覧,1450,アメヤ横丁
飲食店,食べる,飲食店営業（一般・居酒屋）,肉割烹　古月,35.697605,139.783585,point,浅草橋一丁目２３番３号,台東区,浅草橋,2163,台東区 食品衛生営業施設一覧,1450,アメヤ横丁
飲食店,食べる,飲食店営業（一般・居酒屋）,バカル,35.697681,139.783524,point,浅草橋一丁目２３番４号,台東区,浅草橋,2153,台東区 食品衛生営業施設一覧,1440,アメヤ横丁
飲食店,食べる,飲食店営業（一般・居酒屋）,立ち呑み　でんでん串　浅草橋駅前店,35.697624,139.78334,point,浅草橋一丁目２４番１号,台東区,浅草橋,2152,台東区 食品衛生営業施設一覧,1436,アメヤ横丁
飲食店,食べる,飲食店営業（一般・居酒屋）,有限会社　甲州屋,35.698166,139.78299,point,浅草橋一丁目２５番４号,台東区,浅草橋,2085,台東区 食品衛生営業施設一覧,1368,アメヤ横丁
飲食店,食べる,飲食店営業（一般・居酒屋）,酒蔵　駒忠　浅草橋駅前店,35.698166,139.78299,point,浅草橋一丁目２５番４号,台東区,浅草橋,2085,台東区 食品衛生営業施設一覧,1368,アメヤ横丁
飲食店,食べる,飲食店営業（一般・居酒屋）,生姜キング浅草橋本店,35.698265,139.783508,point,浅草橋一丁目２５番１１号,台東区,浅草橋,2092,台東区 食品衛生営業施設一覧,1386,アメヤ横丁
飲食店,食べる,飲食店営業（一般・居酒屋）,酒場ハコザキ　浅草橋店,35.698086,139.785126,point,浅草橋一丁目２７番９号,台東区,浅草橋,2171,台東区 食品衛生営業施設一覧,1493,アメヤ横丁
飲食店,食べる,飲食店営業（一般・居酒屋）,酔壱や,35.697887,139.78537,point,浅草橋一丁目２８番１号,台東区,浅草橋,2201,台東区 食品衛生営業施設一覧,1524,アメヤ横丁
飲食店,食べる,飲食店営業（一般・居酒屋）,ＨＩＣＲＡ,35.697903,139.785248,point,浅草橋一丁目２８番２号,台東区,浅草橋,2194,台東区 食品衛生営業施設一覧,1515,アメヤ横丁
飲食店,食べる,飲食店営業（一般・居酒屋）,居酒屋　蔵家,35.697842,139.785858,point,浅草橋一丁目２９番１号,台東区,浅草橋,2225,台東区 食品衛生営業施設一覧,1557,アメヤ横丁
飲食店,食べる,飲食店営業（一般・居酒屋）,1983,35.697842,139.785858,point,浅草橋一丁目２９番１号,台東区,浅草橋,2225,台東区 食品衛生営業施設一覧,1557,アメヤ横丁
飲食店,食べる,飲食店営業（一般・居酒屋）,馬刺しと牡蠣の大衆酒場酔つ馬－ＹＯＴＵＢＡ－浅草橋東口店,35.697918,139.785995,point,浅草橋一丁目２９番１１号,台東区,浅草橋,2223,台東区 食品衛生営業施設一覧,1558,アメヤ横丁
飲食店,食べる,飲食店営業（一般・居酒屋）,ミツケ,35.697918,139.785995,point,浅草橋一丁目２９番１１号,台東区,浅草橋,2223,台東区 食品衛生営業施設一覧,1558,アメヤ横丁
飲食店,食べる,飲食店営業（一般・居酒屋）,鳥良商店　浅草橋駅前店,35.697918,139.786438,point,浅草橋一丁目３０番１２号,台東区,浅草橋,2242,台東区 食品衛生営業施設一覧,1586,アメヤ横丁
飲食店,食べる,飲食店営業（一般・居酒屋）,居食屋　大樹,35.6982,139.786072,point,浅草橋一丁目３１番１号,台東区,浅草橋,2199,台東区 食品衛生営業施設一覧,1540,アメヤ横丁
飲食店,食べる,飲食店営業（一般・居酒屋）,ｕｃｈｉｎｏｍｉ－ｄｉｎｉｎｇ　ＳＯ,35.698273,139.785629,point,浅草橋一丁目３１番４号,台東区,浅草橋,2173,台東区 食品衛生営業施設一覧,1507,アメヤ横丁
飲食店,食べる,飲食店営業（一般・居酒屋）,ふたみ食堂,35.698273,139.785629,point,浅草橋一丁目３１番４号,台東区,浅草橋,2173,台東区 食品衛生営業施設一覧,1507,アメヤ横丁
飲食店,食べる,飲食店営業（一般・居酒屋）,ワインバー　リヴレス,35.698273,139.785629,point,浅草橋一丁目３１番４号,台東区,浅草橋,2173,台東区 食品衛生営業施設一覧,1507,アメヤ横丁
飲食店,食べる,飲食店営業（一般・居酒屋）,大阪串かつ　テンテコマイ,35.698273,139.785629,point,浅草橋一丁目３１番４号,台東区,浅草橋,2173,台東区 食品衛生営業施設一覧,1507,アメヤ横丁
飲食店,食べる,飲食店営業（一般・居酒屋）,浅草橋　らい弥,35.699017,139.786774,point,浅草橋二丁目１番６号,台東区,浅草橋,2151,台東区 食品衛生営業施設一覧,1521,アメヤ横丁
飲食店,食べる,飲食店営業（一般・居酒屋）,アクシス,35.699249,139.786377,point,浅草橋二丁目２番６号,台東区,浅草橋,2111,台東区 食品衛生営業施設一覧,1477,アメヤ横丁
飲食店,食べる,飲食店営業（一般・居酒屋）,鳥勝,35.699303,139.784576,point,浅草橋二丁目１０番１号,台東区,浅草橋,2028,台東区 食品衛生営業施設一覧,1358,アメヤ横丁
飲食店,食べる,飲食店営業（一般・居酒屋）,串竹,35.699638,139.7854,point,浅草橋二丁目１４番５号,台東区,浅草橋,2029,台東区 食品衛生営業施設一覧,1384,アメヤ横丁
飲食店,食べる,飲食店営業（一般・居酒屋）,夜更けの人々,35.70121,139.788239,point,浅草橋三丁目２４番７号,台東区,浅草橋,2025,台東区 食品衛生営業施設一覧,1312,雷門
飲食店,食べる,飲食店営業（一般・居酒屋）,酒楽,35.701584,139.786118,point,浅草橋三丁目３０番６号,台東区,浅草橋,1879,台東区 食品衛生営業施設一覧,1295,アメヤ横丁
飲食店,食べる,飲食店営業（一般・居酒屋）,ＴＡＫＥ,35.69783,139.78183,point,浅草橋四丁目２番４号,台東区,浅草橋,2084,台東区 食品衛生営業施設一覧,1344,アメヤ横丁
飲食店,食べる,飲食店営業（一般・居酒屋）,ＢＡＲ　ＲＯＣＫ,35.69796,139.780289,point,浅草橋四丁目５番４号,台東区,浅草橋,2030,台東区 食品衛生営業施設一覧,1267,アメヤ横丁
飲食店,食べる,飲食店営業（一般・居酒屋）,博多の酒場　すっぴん,35.699223,139.780563,point,浅草橋五丁目４番２号,台東区,浅草橋,1902,台東区 食品衛生営業施設一覧,1153,アメヤ横丁
飲食店,食べる,飲食店営業（一般・居酒屋）,おとりさま,35.708813,139.769638,point,池之端一丁目１番１号,台東区,池之端,873,台東区 食品衛生営業施設一覧,434,アメヤ横丁
飲食店,食べる,飲食店営業（一般・居酒屋）,隠れ家個室～雲仙～,35.708794,139.769485,point,池之端一丁目１番２号,台東区,池之端,882,台東区 食品衛生営業施設一覧,447,アメヤ横丁
飲食店,食べる,飲食店営業（一般・居酒屋）,テラス浅草,35.717968,139.804108,point,今戸一丁目２番１８号,台東区,今戸,2686,台東区 食品衛生営業施設一覧,756,浅草寺
飲食店,食べる,飲食店営業（一般・居酒屋）,炭火串焼　四分一,35.722672,139.804581,point,今戸二丁目３３番６号,台東区,今戸,2827,台東区 食品衛生営業施設一覧,1132,浅草寺
飲食店,食べる,飲食店営業（一般・居酒屋）,博多串焼　かめや,35.719044,139.786789,point,入谷一丁目２番３号,台東区,入谷,1174,台東区 食品衛生営業施設一覧,1020,浅草寺
飲食店,食べる,飲食店営業（一般・居酒屋）,Ｆｕｊｉ　ｃａｌ　Ｈｅａｒｔｆｕｌ　Ｌａｂｏ,35.719444,139.785629,point,入谷一丁目４番２号,台東区,入谷,1092,台東区 食品衛生営業施設一覧,1133,浅草寺
飲食店,食べる,飲食店営業（一般・居酒屋）,料理酒　染喜,35.719738,139.785324,point,入谷一丁目４番６号,台東区,入谷,1080,台東区 食品衛生営業施設一覧,1173,浅草寺
飲食店,食べる,飲食店営業（一般・居酒屋）,三富,35.719807,139.784439,point,入谷一丁目６番１号,台東区,入谷,1012,台東区 食品衛生営業施設一覧,1112,上野公園
飲食店,食べる,飲食店営業（一般・居酒屋）,料理屋　さんたけ,35.721169,139.785141,point,入谷一丁目１８番５号,台東区,入谷,1143,台東区 食品衛生営業施設一覧,1240,上野公園
飲食店,食べる,飲食店営業（一般・居酒屋）,うまさん堂,35.721169,139.785141,point,入谷一丁目１８番５号,台東区,入谷,1143,台東区 食品衛生営業施設一覧,1240,上野公園
飲食店,食べる,飲食店営業（一般・居酒屋）,酒処　侘助,35.721233,139.786591,point,入谷一丁目２４番１号,台東区,入谷,1259,台東区 食品衛生営業施設一覧,1169,浅草寺
飲食店,食べる,飲食店営業（一般・居酒屋）,家庭料理の店　我が家,35.722179,139.785904,point,入谷一丁目２７番５号,台東区,入谷,1263,台東区 食品衛生営業施設一覧,1283,浅草寺
飲食店,食べる,飲食店営業（一般・居酒屋）,居酒屋　酔笑,35.722397,139.787079,point,入谷一丁目３１番７号,台東区,入谷,1364,台東区 食品衛生営業施設一覧,1221,浅草寺
飲食店,食べる,飲食店営業（一般・居酒屋）,楽亀,35.722397,139.787079,point,入谷一丁目３１番７号,台東区,入谷,1364,台東区 食品衛生営業施設一覧,1221,浅草寺
飲食店,食べる,飲食店営業（一般・居酒屋）,居酒屋　道,35.718441,139.788696,point,入谷二丁目１番４号,台東区,入谷,1320,台東区 食品衛生営業施設一覧,837,浅草寺
飲食店,食べる,飲食店営業（一般・居酒屋）,おそれ入谷のやっぱりやきとん,35.718662,139.78801,point,入谷二丁目３番４号,台東区,入谷,1266,台東区 食品衛生営業施設一覧,903,浅草寺
飲食店,食べる,飲食店営業（一般・居酒屋）,串屋　太郎,35.719181,139.788467,point,入谷二丁目８番２号,台東区,入谷,1322,台東区 食品衛生営業施設一覧,897,浅草寺
飲食店,食べる,飲食店営業（一般・居酒屋）,居酒屋　白うさぎ,35.721306,139.788757,point,入谷二丁目２８番１号,台東区,入谷,1435,台東区 食品衛生営業施設一覧,1028,浅草寺
飲食店,食べる,飲食店営業（一般・居酒屋）,居酒屋　新ひょうたん,35.705551,139.770996,point,上野一丁目２番６号,台東区,上野,1161,台東区 食品衛生営業施設一覧,433,アメヤ横丁
飲食店,食べる,飲食店営業（一般・居酒屋）,さくま亭,35.705685,139.771393,point,上野一丁目２番１０号,台東区,上野,1138,台東区 食品衛生営業施設一覧,398,アメヤ横丁
飲食店,食べる,飲食店営業（一般・居酒屋）,めしや　ゆし松,35.705685,139.771393,point,上野一丁目２番１０号,台東区,上野,1138,台東区 食品衛生営業施設一覧,398,アメヤ横丁
飲食店,食べる,飲食店営業（一般・居酒屋）,Ｗｉｎｅ　Ｂａｒ　＆　Ｒｅｓｔａｕｒａｎｔ　Ｂｏｕｔｅｉｌｌｅ,35.705231,139.770554,point,上野一丁目３番２号,台東区,上野,1207,台東区 食品衛生営業施設一覧,487,アメヤ横丁
飲食店,食べる,飲食店営業（一般・居酒屋）,鳥やき　川中島,35.705761,139.77002,point,上野一丁目６番４号,台東区,上野,1166,台東区 食品衛生営業施設一覧,486,アメヤ横丁
飲食店,食べる,飲食店営業（一般・居酒屋）,蕎麦酒場　角ヤ　上野黒門町,35.705967,139.770035,point,上野一丁目７番３号,台東区,上野,1144,台東区 食品衛生営業施設一覧,472,アメヤ横丁
飲食店,食べる,飲食店営業（一般・居酒屋）,ｉｓｌｅ,35.70591,139.770905,point,上野一丁目８番１０号,台東区,上野,1125,台東区 食品衛生営業施設一覧,413,アメヤ横丁
飲食店,食べる,飲食店営業（一般・居酒屋）,サクラ馬ール　湯島御徒町店,35.705822,139.771317,point,上野一丁目９番１号,台東区,上野,1125,台東区 食品衛生営業施設一覧,392,アメヤ横丁
飲食店,食べる,飲食店営業（一般・居酒屋）,呑喜,35.706097,139.771362,point,上野一丁目１１番１号,台東区,上野,1094,台東区 食品衛生営業施設一覧,368,アメヤ横丁
飲食店,食べる,飲食店営業（一般・居酒屋）,かず味家,35.706329,139.771469,point,上野一丁目１１番９号,台東区,上野,1067,台東区 食品衛生営業施設一覧,344,アメヤ横丁
飲食店,食べる,飲食店営業（一般・居酒屋）,あら木,35.706253,139.770508,point,上野一丁目１２番４号,台東区,上野,1100,台東区 食品衛生営業施設一覧,419,アメヤ横丁
飲食店,食べる,飲食店営業（一般・居酒屋）,お食事処　藁美,35.706585,139.770172,point,上野一丁目１４番２号,台東区,上野,1076,台東区 食品衛生営業施設一覧,427,アメヤ横丁
飲食店,食べる,飲食店営業（一般・居酒屋）,割烹　伏見,35.706642,139.770462,point,上野一丁目１４番８号,台東区,上野,1061,台東区 食品衛生営業施設一覧,401,アメヤ横丁
飲食店,食べる,飲食店営業（一般・居酒屋）,串焼専門店　山鶏　上野一丁目店,35.707302,139.770416,point,上野一丁目１５番７号,台東区,上野,994,台東区 食品衛生営業施設一覧,376,アメヤ横丁
飲食店,食べる,飲食店営業（一般・居酒屋）,ＴＯＫＹＯ肉食バル,35.706593,139.771469,point,上野一丁目１６番２２号,台東区,上野,1038,台東区 食品衛生営業施設一覧,326,アメヤ横丁
飲食店,食べる,飲食店営業（一般・居酒屋）,わらやき屋　上野広小路店,35.707077,139.772583,point,上野一丁目１９番１０号,台東区,上野,963,台東区 食品衛生営業施設一覧,213,アメヤ横丁
飲食店,食べる,飲食店営業（一般・居酒屋）,鳥貴族　上野広小路店,35.708267,139.772949,point,上野二丁目１番９号,台東区,上野,827,台東区 食品衛生営業施設一覧,131,アメヤ横丁
飲食店,食べる,飲食店営業（一般・居酒屋）,居酒屋一休　上野御徒町店,35.708267,139.772949,point,上野二丁目１番９号,台東区,上野,827,台東区 食品衛生営業施設一覧,131,アメヤ横丁
飲食店,食べる,飲食店営業（一般・居酒屋）,温野菜　上野広小路店,35.708267,139.772949,point,上野二丁目１番９号,台東区,上野,827,台東区 食品衛生営業施設一覧,131,アメヤ横丁
飲食店,食べる,飲食店営業（一般・居酒屋）,肉の奇跡,35.708267,139.772949,point,上野二丁目１番９号,台東区,上野,827,台東区 食品衛生営業施設一覧,131,アメヤ横丁
飲食店,食べる,飲食店営業（一般・居酒屋）,プロースト東京　上野店,35.708267,139.772949,point,上野二丁目１番９号,台東区,上野,827,台東区 食品衛生営業施設一覧,131,アメヤ横丁
飲食店,食べる,飲食店営業（一般・居酒屋）,上野商店,35.708267,139.772949,point,上野二丁目１番９号,台東区,上野,827,台東区 食品衛生営業施設一覧,131,アメヤ横丁
飲食店,食べる,飲食店営業（一般・居酒屋）,やきとん酒場　上野とら八,35.70834,139.772202,point,上野二丁目２番２号,台東区,上野,834,台東区 食品衛生営業施設一覧,199,アメヤ横丁
飲食店,食べる,飲食店営業（一般・居酒屋）,海鮮炭火焼　二代目　圭,35.708538,139.771591,point,上野二丁目３番５号,台東区,上野,828,台東区 食品衛生営業施設一覧,255,アメヤ横丁
飲食店,食べる,飲食店営業（一般・居酒屋）,居酒屋でででん,35.708622,139.77182,point,上野二丁目３番７号,台東区,上野,813,台東区 食品衛生営業施設一覧,236,アメヤ横丁
飲食店,食べる,飲食店営業（一般・居酒屋）,味かん,35.708679,139.771973,point,上野二丁目４番１号,台東区,上野,803,台東区 食品衛生営業施設一覧,223,アメヤ横丁
飲食店,食べる,飲食店営業（一般・居酒屋）,ＢＡＲ　ＣＨＡＮＣＥ,35.708813,139.771622,point,上野二丁目４番５号,台東区,上野,798,台東区 食品衛生営業施設一覧,257,アメヤ横丁
飲食店,食べる,飲食店営業（一般・居酒屋）,地鶏屋　ごくう　上野店,35.708767,139.772034,point,上野二丁目４番８号,台東区,上野,792,台東区 食品衛生営業施設一覧,220,アメヤ横丁
飲食店,食べる,飲食店営業（一般・居酒屋）,シャングリラ,35.708675,139.772293,point,上野二丁目５番１号,台東区,上野,795,台東区 食品衛生営業施設一覧,195,アメヤ横丁
飲食店,食べる,飲食店営業（一般・居酒屋）,わこう酒場,35.708675,139.772293,point,上野二丁目５番１号,台東区,上野,795,台東区 食品衛生営業施設一覧,195,アメヤ横丁
飲食店,食べる,飲食店営業（一般・居酒屋）,昭和９９年,35.70874,139.77211,point,上野二丁目５番３号,台東区,上野,793,台東区 食品衛生営業施設一覧,212,アメヤ横丁
飲食店,食べる,飲食店営業（一般・居酒屋）,Ｈｅａｖｅｎ’ｓ　Ｌｏｓｔ,35.70874,139.77211,point,上野二丁目５番３号,台東区,上野,793,台東区 食品衛生営業施設一覧,212,アメヤ横丁
飲食店,食べる,飲食店営業（一般・居酒屋）,呑み食い処　上野市場,35.708881,139.772095,point,上野二丁目５番４号,台東区,上野,778,台東区 食品衛生営業施設一覧,218,アメヤ横丁
飲食店,食べる,飲食店営業（一般・居酒屋）,九州熱中屋　上野ＬＩＶＥ,35.709408,139.772858,point,上野二丁目７番７号,台東区,上野,704,台東区 食品衛生営業施設一覧,186,アメヤ横丁
飲食店,食べる,飲食店営業（一般・居酒屋）,ＢＬＵＥ　ＬＥＡＦ　ＣＡＦＥ　上野店,35.709408,139.772858,point,上野二丁目７番７号,台東区,上野,704,台東区 食品衛生営業施設一覧,186,アメヤ横丁
飲食店,食べる,飲食店営業（一般・居酒屋）,たなぼた,35.709114,139.7724,point,上野二丁目８番４号,台東区,上野,746,台東区 食品衛生営業施設一覧,202,アメヤ横丁
飲食店,食べる,飲食店営業（一般・居酒屋）,北の幸,35.709114,139.7724,point,上野二丁目８番４号,台東区,上野,746,台東区 食品衛生営業施設一覧,202,アメヤ横丁
飲食店,食べる,飲食店営業（一般・居酒屋）,とんちゃん　上野店,35.709354,139.772629,point,上野二丁目８番７号,台東区,上野,715,台東区 食品衛生営業施設一覧,198,アメヤ横丁
飲食店,食べる,飲食店営業（一般・居酒屋）,ダイニングバー　ＳＡＲＵ,35.708996,139.772141,point,上野二丁目９番２号,台東区,上野,765,台東区 食品衛生営業施設一覧,218,アメヤ横丁
飲食店,食べる,飲食店営業（一般・居酒屋）,下町バル　　ながおか屋,35.709248,139.772125,point,上野二丁目９番５号,台東区,上野,738,台東区 食品衛生営業施設一覧,231,アメヤ横丁
飲食店,食べる,飲食店営業（一般・居酒屋）,下町バル　ながおか屋４Ｆ,35.709248,139.772125,point,上野二丁目９番５号,台東区,上野,738,台東区 食品衛生営業施設一覧,231,アメヤ横丁
飲食店,食べる,飲食店営業（一般・居酒屋）,ビアバル　ＮＡＧＡＯＫＡＹＡ,35.709248,139.772125,point,上野二丁目９番５号,台東区,上野,738,台東区 食品衛生営業施設一覧,231,アメヤ横丁
飲食店,食べる,飲食店営業（一般・居酒屋）,赤提灯,35.70892,139.77153,point,上野二丁目１０番４号,台東区,上野,790,台東区 食品衛生営業施設一覧,268,アメヤ横丁
飲食店,食べる,飲食店営業（一般・居酒屋）,和食バル　さしすせそ,35.709152,139.771744,point,上野二丁目１０番７号,台東区,上野,759,台東区 食品衛生営業施設一覧,258,アメヤ横丁
飲食店,食べる,飲食店営業（一般・居酒屋）,シノバズブルワリー　ひつじあいす,35.709152,139.771744,point,上野二丁目１０番７号,台東区,上野,759,台東区 食品衛生営業施設一覧,258,アメヤ横丁
飲食店,食べる,飲食店営業（一般・居酒屋）,鉄板屋　三代目圭,35.709114,139.771164,point,上野二丁目１１番２号,台東区,上野,782,台東区 食品衛生営業施設一覧,306,アメヤ横丁
飲食店,食べる,飲食店営業（一般・居酒屋）,居酒屋　勘助,35.708874,139.77005,point,上野二丁目１１番９号,台東区,上野,849,台東区 食品衛生営業施設一覧,398,アメヤ横丁
飲食店,食べる,飲食店営業（一般・居酒屋）,朝〆やきとんの淳,35.709156,139.769989,point,上野二丁目１１番１２号,台東区,上野,824,台東区 食品衛生営業施設一覧,409,アメヤ横丁
飲食店,食べる,飲食店営業（一般・居酒屋）,博多満月　上野店,35.70956,139.773148,point,上野二丁目１２番１号,台東区,上野,683,台東区 食品衛生営業施設一覧,180,アメヤ横丁
飲食店,食べる,飲食店営業（一般・居酒屋）,佐渡島へ渡れ,35.70956,139.773148,point,上野二丁目１２番１号,台東区,上野,683,台東区 食品衛生営業施設一覧,180,アメヤ横丁
飲食店,食べる,飲食店営業（一般・居酒屋）,マグロ婆娑羅,35.70956,139.773148,point,上野二丁目１２番１号,台東区,上野,683,台東区 食品衛生営業施設一覧,180,アメヤ横丁
飲食店,食べる,飲食店営業（一般・居酒屋）,権兵衛のいろり屋,35.70956,139.773148,point,上野二丁目１２番１号,台東区,上野,683,台東区 食品衛生営業施設一覧,180,アメヤ横丁
飲食店,食べる,飲食店営業（一般・居酒屋）,磯丸水産　仲町通り店,35.709488,139.772827,point,上野二丁目１２番３号,台東区,上野,696,台東区 食品衛生営業施設一覧,194,アメヤ横丁
飲食店,食べる,飲食店営業（一般・居酒屋）,ＡＮＴＯＮ　　ＳＴＵＤＩＯ,35.709286,139.771942,point,上野二丁目１２番９号,台東区,上野,739,台東区 食品衛生営業施設一覧,248,アメヤ横丁
飲食店,食べる,飲食店営業（一般・居酒屋）,Ｐａｒｆａｉｔ,35.709286,139.771942,point,上野二丁目１２番９号,台東区,上野,739,台東区 食品衛生営業施設一覧,248,アメヤ横丁
飲食店,食べる,飲食店営業（一般・居酒屋）,完全個室居酒屋　星夜の宴　上野駅前店,35.709709,139.772934,point,上野二丁目１２番２３号,台東区,上野,670,台東区 食品衛生営業施設一覧,205,アメヤ横丁
飲食店,食べる,飲食店営業（一般・居酒屋）,天ぷらとおでんからのＳＤＧｓなお店,35.709709,139.772934,point,上野二丁目１２番２３号,台東区,上野,670,台東区 食品衛生営業施設一覧,205,アメヤ横丁
飲食店,食べる,飲食店営業（一般・居酒屋）,あかり上野店＆和牛×チーズバルミートグリル上野店,35.709709,139.772934,point,上野二丁目１２番２３号,台東区,上野,670,台東区 食品衛生営業施設一覧,205,アメヤ横丁
飲食店,食べる,飲食店営業（一般・居酒屋）,大衆酒場ちばチャン　上野公園店,35.710747,139.773224,point,上野二丁目１４番３０号,台東区,上野,552,台東区 食品衛生営業施設一覧,292,アメヤ横丁
飲食店,食べる,飲食店営業（一般・居酒屋）,座楽　／　ひかり,35.710613,139.773239,point,上野二丁目１４番３１号,台東区,上野,566,台東区 食品衛生営業施設一覧,278,アメヤ横丁
飲食店,食べる,飲食店営業（一般・居酒屋）,しおり／ＳＨＩＫＩＢＵ　上野店,35.710613,139.773239,point,上野二丁目１４番３１号,台東区,上野,566,台東区 食品衛生営業施設一覧,278,アメヤ横丁
飲食店,食べる,飲食店営業（一般・居酒屋）,酒彩　香の里,35.703308,139.773468,point,上野三丁目１番５号,台東区,上野,1370,台東区 食品衛生営業施設一覧,561,アメヤ横丁
飲食店,食べる,飲食店営業（一般・居酒屋）,東北居酒屋～奥羽の宴～,35.703159,139.773758,point,上野三丁目１番９号,台東区,上野,1385,台東区 食品衛生営業施設一覧,575,アメヤ横丁
飲食店,食べる,飲食店営業（一般・居酒屋）,銀星,35.703445,139.773346,point,上野三丁目３番１号,台東区,上野,1356,台東区 食品衛生営業施設一覧,548,アメヤ横丁
飲食店,食べる,飲食店営業（一般・居酒屋）,ｆｏｒ　ｔｈｅ　ｓａｋｅ　ｏｆ　ＳＡＫＥ,35.703785,139.773895,point,上野三丁目４番８号,台東区,上野,1315,台東区 食品衛生営業施設一覧,504,アメヤ横丁
飲食店,食べる,飲食店営業（一般・居酒屋）,８１＋,35.704319,139.773697,point,上野三丁目５番６号,台東区,上野,1256,台東区 食品衛生営業施設一覧,447,アメヤ横丁
飲食店,食べる,飲食店営業（一般・居酒屋）,ケイ－Ｂｕ,35.704338,139.773483,point,上野三丁目６番７号,台東区,上野,1256,台東区 食品衛生営業施設一覧,448,アメヤ横丁
飲食店,食べる,飲食店営業（一般・居酒屋）,鳥陣,35.704456,139.773315,point,上野三丁目７番２号,台東区,上野,1244,台東区 食品衛生営業施設一覧,439,アメヤ横丁
飲食店,食べる,飲食店営業（一般・居酒屋）,静岡　バール　丸々,35.704609,139.773941,point,上野三丁目８番６号,台東区,上野,1223,台東区 食品衛生営業施設一覧,413,アメヤ横丁
飲食店,食べる,飲食店営業（一般・居酒屋）,串カツ田中　アパホテル上野御徒町駅前南店,35.704712,139.774078,point,上野三丁目９番８号,台東区,上野,1211,台東区 食品衛生営業施設一覧,400,アメヤ横丁
飲食店,食べる,飲食店営業（一般・居酒屋）,ヴァルト（Ｗａｌｄ）,35.705616,139.773911,point,上野三丁目１０番７号,台東区,上野,1111,台東区 食品衛生営業施設一覧,302,アメヤ横丁
飲食店,食べる,飲食店営業（一般・居酒屋）,大阪串かつ　半妻,35.705318,139.773254,point,上野三丁目１３番９号,台東区,上野,1149,台東区 食品衛生営業施設一覧,347,アメヤ横丁
飲食店,食べる,飲食店営業（一般・居酒屋）,こいき,35.705456,139.772781,point,上野三丁目１４番４号,台東区,上野,1139,台東区 食品衛生営業施設一覧,348,アメヤ横丁
飲食店,食べる,飲食店営業（一般・居酒屋）,日本酒処　地花,35.705608,139.772797,point,上野三丁目１４番５号,台東区,上野,1122,台東区 食品衛生営業施設一覧,332,アメヤ横丁
飲食店,食べる,飲食店営業（一般・居酒屋）,上野黒門　鳥恵,35.705719,139.773224,point,上野三丁目１８番１号,台東区,上野,1105,台東区 食品衛生営業施設一覧,306,アメヤ横丁
飲食店,食べる,飲食店営業（一般・居酒屋）,三角,35.705826,139.772842,point,上野三丁目１８番４号,台東区,上野,1097,台東区 食品衛生営業施設一覧,309,アメヤ横丁
飲食店,食べる,飲食店営業（一般・居酒屋）,ホルモン食堂　ごぞうろっぷ,35.706093,139.772858,point,上野三丁目１８番６号,台東区,上野,1067,台東区 食品衛生営業施設一覧,282,アメヤ横丁
飲食店,食べる,飲食店営業（一般・居酒屋）,春子屋,35.70578,139.773315,point,上野三丁目１８番１３号,台東区,上野,1097,台東区 食品衛生営業施設一覧,297,アメヤ横丁
飲食店,食べる,飲食店営業（一般・居酒屋）,民の便利店　本店,35.70578,139.773315,point,上野三丁目１８番１３号,台東区,上野,1097,台東区 食品衛生営業施設一覧,297,アメヤ横丁
飲食店,食べる,飲食店営業（一般・居酒屋）,きどや,35.705688,139.773697,point,上野三丁目１９番１号,台東区,上野,1105,台東区 食品衛生営業施設一覧,297,アメヤ横丁
飲食店,食べる,飲食店営業（一般・居酒屋）,菜魚味や,35.705688,139.773697,point,上野三丁目１９番１号,台東区,上野,1105,台東区 食品衛生営業施設一覧,297,アメヤ横丁
飲食店,食べる,飲食店営業（一般・居酒屋）,菊酔,35.705688,139.773697,point,上野三丁目１９番１号,台東区,上野,1105,台東区 食品衛生営業施設一覧,297,アメヤ横丁
飲食店,食べる,飲食店営業（一般・居酒屋）,元祖　串八珍　御徒町南口店,35.705776,139.773407,point,上野三丁目１９番３号,台東区,上野,1097,台東区 食品衛生営業施設一覧,295,アメヤ横丁
飲食店,食べる,飲食店営業（一般・居酒屋）,炭火串焼厨房　ひな家,35.706066,139.773529,point,上野三丁目１９番６号,台東区,上野,1064,台東区 食品衛生営業施設一覧,261,アメヤ横丁
飲食店,食べる,飲食店営業（一般・居酒屋）,村役場,35.706024,139.773712,point,上野三丁目１９番７号,台東区,上野,1067,台東区 食品衛生営業施設一覧,261,アメヤ横丁
飲食店,食べる,飲食店営業（一般・居酒屋）,日本酒原価酒蔵　上野御徒町店,35.705944,139.774109,point,上野三丁目２０番７号,台東区,上野,1074,台東区 食品衛生営業施設一覧,263,アメヤ横丁
飲食店,食べる,飲食店営業（一般・居酒屋）,和びすとろ　ＴＯＲＩＮＯＳ,35.705944,139.774109,point,上野三丁目２０番７号,台東区,上野,1074,台東区 食品衛生営業施設一覧,263,アメヤ横丁
飲食店,食べる,飲食店営業（一般・居酒屋）,Ｄｉ　ＰＵＮＴＯ　上野御徒町店,35.706478,139.774002,point,上野三丁目２１番７号,台東区,上野,1015,台東区 食品衛生営業施設一覧,206,アメヤ横丁
飲食店,食べる,飲食店営業（一般・居酒屋）,土風炉　御徒町店,35.706264,139.774292,point,上野三丁目２１番１０号,台東区,上野,1038,台東区 食品衛生営業施設一覧,227,アメヤ横丁
飲食店,食べる,飲食店営業（一般・居酒屋）,御徒町ワインバル　八十郎,35.706276,139.773468,point,上野三丁目２２番３号,台東区,上野,1041,台東区 食品衛生営業施設一覧,240,アメヤ横丁
飲食店,食べる,飲食店営業（一般・居酒屋）,笑和酒場,35.707684,139.774155,point,上野三丁目２７番７号,台東区,上野,881,台東区 食品衛生営業施設一覧,72,アメヤ横丁
飲食店,食べる,飲食店営業（一般・居酒屋）,居酒屋　釧路,35.707684,139.774155,point,上野三丁目２７番７号,台東区,上野,881,台東区 食品衛生営業施設一覧,72,アメヤ横丁
飲食店,食べる,飲食店営業（一般・居酒屋）,日吉屋,35.707577,139.773743,point,上野三丁目２８番６号,台東区,上野,895,台東区 食品衛生営業施設一覧,100,アメヤ横丁
飲食店,食べる,飲食店営業（一般・居酒屋）,江戸天ぷら屋台　四文銭,35.707577,139.773743,point,上野三丁目２８番６号,台東区,上野,895,台東区 食品衛生営業施設一覧,100,アメヤ横丁
飲食店,食べる,飲食店営業（一般・居酒屋）,かに村,35.707577,139.773743,point,上野三丁目２８番６号,台東区,上野,895,台東区 食品衛生営業施設一覧,100,アメヤ横丁
飲食店,食べる,飲食店営業（一般・居酒屋）,下町焼きそば　銀ちゃん,35.707733,139.773773,point,上野三丁目２８番７号,台東区,上野,877,台東区 食品衛生営業施設一覧,85,アメヤ横丁
飲食店,食べる,飲食店営業（一般・居酒屋）,立ち飲み釧路,35.707451,139.774063,point,上野三丁目２８番１２号,台東区,上野,907,台東区 食品衛生営業施設一覧,99,アメヤ横丁
飲食店,食べる,飲食店営業（一般・居酒屋）,３９酒場,35.708054,139.7742,point,上野四丁目１番３号,台東区,上野,840,台東区 食品衛生営業施設一覧,33,アメヤ横丁
飲食店,食べる,飲食店営業（一般・居酒屋）,鳥とと　御徒町総本店,35.708427,139.774338,point,上野四丁目１番６号,台東区,上野,798,台東区 食品衛生営業施設一覧,15,アメヤ横丁
飲食店,食べる,飲食店営業（一般・居酒屋）,一軒め酒場御徒町アメ横店,35.708042,139.774612,point,上野四丁目１番１１号,台東区,上野,840,台東区 食品衛生営業施設一覧,34,アメヤ横丁
飲食店,食べる,飲食店営業（一般・居酒屋）,居酒屋　夜通し　酒場,35.708225,139.773895,point,上野四丁目２番４号,台東区,上野,822,台東区 食品衛生営業施設一覧,46,アメヤ横丁
飲食店,食べる,飲食店営業（一般・居酒屋）,海鮮炉端焼　ご縁もん,35.708225,139.773895,point,上野四丁目２番４号,台東区,上野,822,台東区 食品衛生営業施設一覧,46,アメヤ横丁
飲食店,食べる,飲食店営業（一般・居酒屋）,やきとん　元気　御徒町店,35.708286,139.774231,point,上野四丁目２番１０号,台東区,上野,814,台東区 食品衛生営業施設一覧,15,アメヤ横丁
飲食店,食べる,飲食店営業（一般・居酒屋）,やきとん　まるわ,35.708286,139.774231,point,上野四丁目２番１０号,台東区,上野,814,台東区 食品衛生営業施設一覧,15,アメヤ横丁
飲食店,食べる,飲食店営業（一般・居酒屋）,好美味,35.708164,139.774185,point,上野四丁目２番１１号,台東区,上野,827,台東区 食品衛生営業施設一覧,25,アメヤ横丁
飲食店,食べる,飲食店営業（一般・居酒屋）,世界のやまちゃん　上野アメ横店,35.708511,139.773911,point,上野四丁目３番７号,台東区,上野,790,台東区 食品衛生営業施設一覧,50,アメヤ横丁
飲食店,食べる,飲食店営業（一般・居酒屋）,黒潮海閣　上野店,35.708382,139.773865,point,上野四丁目３番８号,台東区,上野,805,台東区 食品衛生営業施設一覧,49,アメヤ横丁
飲食店,食べる,飲食店営業（一般・居酒屋）,おつかれ一杯,35.708111,139.773788,point,上野四丁目３番１０号,台東区,上野,835,台東区 食品衛生営業施設一覧,59,アメヤ横丁
飲食店,食べる,飲食店営業（一般・居酒屋）,アジアン料理居酒屋まつり屋（祭り屋）ＭＡＴＳＵＲＩ－ＹＡ,35.708111,139.773788,point,上野四丁目３番１０号,台東区,上野,835,台東区 食品衛生営業施設一覧,59,アメヤ横丁
飲食店,食べる,飲食店営業（一般・居酒屋）,ハイボール無双　的場屋,35.708149,139.773605,point,上野四丁目４番１２号,台東区,上野,832,台東区 食品衛生営業施設一覧,74,アメヤ横丁
飲食店,食べる,飲食店営業（一般・居酒屋）,大輪,35.708698,139.773727,point,上野四丁目５番２号,台東区,上野,771,台東区 食品衛生営業施設一覧,75,アメヤ横丁
飲食店,食べる,飲食店営業（一般・居酒屋）,ミート菜ビール,35.708698,139.773727,point,上野四丁目５番２号,台東区,上野,771,台東区 食品衛生営業施設一覧,75,アメヤ横丁
飲食店,食べる,飲食店営業（一般・居酒屋）,相席屋　上野店,35.708954,139.773514,point,上野四丁目５番５号,台東区,上野,744,台東区 食品衛生営業施設一覧,108,アメヤ横丁
飲食店,食べる,飲食店営業（一般・居酒屋）,鳥ヶ島　五番地　うまか　上野邸,35.708954,139.773514,point,上野四丁目５番５号,台東区,上野,744,台東区 食品衛生営業施設一覧,108,アメヤ横丁
飲食店,食べる,飲食店営業（一般・居酒屋）,日本酒バルかぐら　上野店,35.709175,139.773666,point,上野四丁目５番７号,台東区,上野,718,台東区 食品衛生営業施設一覧,118,アメヤ横丁
飲食店,食べる,飲食店営業（一般・居酒屋）,仙台牛タン食べ放題　焼肉　一心たん助　上野本店,35.709076,139.774002,point,上野四丁目５番９号,台東区,上野,727,台東区 食品衛生営業施設一覧,93,アメヤ横丁
飲食店,食べる,飲食店営業（一般・居酒屋）,韓味上野本店,35.708862,139.774033,point,上野四丁目５番１１号,台東区,上野,750,台東区 食品衛生営業施設一覧,71,アメヤ横丁
飲食店,食べる,飲食店営業（一般・居酒屋）,銀だこハイボール酒場　上野御徒町店,35.708591,139.774155,point,上野四丁目６番４号,台東区,上野,780,台東区 食品衛生営業施設一覧,39,アメヤ横丁
飲食店,食べる,飲食店営業（一般・居酒屋）,１ｏｎ１　ｆｏｒ　ｓｉｎｇｌｅｓ　上野店,35.708591,139.774155,point,上野四丁目６番４号,台東区,上野,780,台東区 食品衛生営業施設一覧,39,アメヤ横丁
飲食店,食べる,飲食店営業（一般・居酒屋）,のんでこ酒場,35.708809,139.774109,point,上野四丁目６番６号,台東区,上野,756,台東区 食品衛生営業施設一覧,62,アメヤ横丁
飲食店,食べる,飲食店営業（一般・居酒屋）,鳥よい,35.708809,139.774109,point,上野四丁目６番６号,台東区,上野,756,台東区 食品衛生営業施設一覧,62,アメヤ横丁
飲食店,食べる,飲食店営業（一般・居酒屋）,飛豚１７,35.709324,139.774292,point,上野四丁目７番５号,台東区,上野,698,台東区 食品衛生営業施設一覧,114,アメヤ横丁
飲食店,食べる,飲食店営業（一般・居酒屋）,海鮮浜焼　煙,35.709705,139.774414,point,上野四丁目７番８号,台東区,上野,656,台東区 食品衛生営業施設一覧,156,アメヤ横丁
飲食店,食べる,飲食店営業（一般・居酒屋）,上野アメ横屋上ビアガーデン,35.709705,139.774414,point,上野四丁目７番８号,台東区,上野,656,台東区 食品衛生営業施設一覧,156,アメヤ横丁
飲食店,食べる,飲食店営業（一般・居酒屋）,うまちゃん,35.709705,139.774414,point,上野四丁目７番８号,台東区,上野,656,台東区 食品衛生営業施設一覧,156,アメヤ横丁
飲食店,食べる,飲食店営業（一般・居酒屋）,ほでなす,35.709705,139.774414,point,上野四丁目７番８号,台東区,上野,656,台東区 食品衛生営業施設一覧,156,アメヤ横丁
飲食店,食べる,飲食店営業（一般・居酒屋）,酒無量,35.709705,139.774414,point,上野四丁目７番８号,台東区,上野,656,台東区 食品衛生営業施設一覧,156,アメヤ横丁
飲食店,食べる,飲食店営業（一般・居酒屋）,川一代,35.709705,139.774414,point,上野四丁目７番８号,台東区,上野,656,台東区 食品衛生営業施設一覧,156,アメヤ横丁
飲食店,食べる,飲食店営業（一般・居酒屋）,淮南牛肉湯,35.709705,139.774414,point,上野四丁目７番８号,台東区,上野,656,台東区 食品衛生営業施設一覧,156,アメヤ横丁
飲食店,食べる,飲食店営業（一般・居酒屋）,山賊海賊,35.709705,139.774414,point,上野四丁目７番８号,台東区,上野,656,台東区 食品衛生営業施設一覧,156,アメヤ横丁
飲食店,食べる,飲食店営業（一般・居酒屋）,アメ　大衆食堂　スタンド　上野０号店,35.709705,139.774414,point,上野四丁目７番８号,台東区,上野,656,台東区 食品衛生営業施設一覧,156,アメヤ横丁
飲食店,食べる,飲食店営業（一般・居酒屋）,アメ　大衆食堂　スタンド　上野１号店,35.709705,139.774414,point,上野四丁目７番８号,台東区,上野,656,台東区 食品衛生営業施設一覧,156,アメヤ横丁
飲食店,食べる,飲食店営業（一般・居酒屋）,アメ横ホルモン,35.709705,139.774414,point,上野四丁目７番８号,台東区,上野,656,台東区 食品衛生営業施設一覧,156,アメヤ横丁
飲食店,食べる,飲食店営業（一般・居酒屋）,ながしろ水産,35.709705,139.774414,point,上野四丁目７番８号,台東区,上野,656,台東区 食品衛生営業施設一覧,156,アメヤ横丁
飲食店,食べる,飲食店営業（一般・居酒屋）,おつかれ一杯　上野店,35.709187,139.774063,point,上野四丁目８番１号,台東区,上野,714,台東区 食品衛生営業施設一覧,103,アメヤ横丁
飲食店,食べる,飲食店営業（一般・居酒屋）,豊洲市場卸売業者直営　かけつけ一杯,35.709187,139.774063,point,上野四丁目８番１号,台東区,上野,714,台東区 食品衛生営業施設一覧,103,アメヤ横丁
飲食店,食べる,飲食店営業（一般・居酒屋）,鳥貴族　上野中央通り店,35.709614,139.773682,point,上野四丁目８番６号,台東区,上野,670,台東区 食品衛生営業施設一覧,160,アメヤ横丁
飲食店,食べる,飲食店営業（一般・居酒屋）,ミート渦潮・八かい,35.709614,139.773682,point,上野四丁目８番６号,台東区,上野,670,台東区 食品衛生営業施設一覧,160,アメヤ横丁
飲食店,食べる,飲食店営業（一般・居酒屋）,お肉で宴会×忍び亭,35.709614,139.773682,point,上野四丁目８番６号,台東区,上野,670,台東区 食品衛生営業施設一覧,160,アメヤ横丁
飲食店,食べる,飲食店営業（一般・居酒屋）,鳥一筋・夕凪,35.709614,139.773682,point,上野四丁目８番６号,台東区,上野,670,台東区 食品衛生営業施設一覧,160,アメヤ横丁
飲食店,食べる,飲食店営業（一般・居酒屋）,銀邸,35.709881,139.773834,point,上野四丁目８番９号,台東区,上野,639,台東区 食品衛生営業施設一覧,183,アメヤ横丁
飲食店,食べる,飲食店営業（一般・居酒屋）,肉ラボ,35.709881,139.773834,point,上野四丁目８番９号,台東区,上野,639,台東区 食品衛生営業施設一覧,183,アメヤ横丁
飲食店,食べる,飲食店営業（一般・居酒屋）,個室居酒屋　奏～かなで～上野本店,35.709881,139.773834,point,上野四丁目８番９号,台東区,上野,639,台東区 食品衛生営業施設一覧,183,アメヤ横丁
飲食店,食べる,飲食店営業（一般・居酒屋）,しのぶ,35.709881,139.773834,point,上野四丁目８番９号,台東区,上野,639,台東区 食品衛生営業施設一覧,183,アメヤ横丁
飲食店,食べる,飲食店営業（一般・居酒屋）,牛魂　樽虎,35.709881,139.773834,point,上野四丁目８番９号,台東区,上野,639,台東区 食品衛生営業施設一覧,183,アメヤ横丁
飲食店,食べる,飲食店営業（一般・居酒屋）,六雁,35.709881,139.773834,point,上野四丁目８番９号,台東区,上野,639,台東区 食品衛生営業施設一覧,183,アメヤ横丁
飲食店,食べる,飲食店営業（一般・居酒屋）,沖縄ダイニング　琉歌　上野店,35.709831,139.773987,point,上野四丁目８番１０号,台東区,上野,643,台東区 食品衛生営業施設一覧,174,アメヤ横丁
飲食店,食べる,飲食店営業（一般・居酒屋）,上野　れんこん,35.709808,139.774292,point,上野四丁目９番１号,台東区,上野,644,台東区 食品衛生営業施設一覧,168,アメヤ横丁
飲食店,食べる,飲食店営業（一般・居酒屋）,ＴＧＩ　ＦＲＩＤＡＹＳ　上野中央通り店,35.710175,139.773865,point,上野四丁目９番６号,台東区,上野,606,台東区 食品衛生営業施設一覧,214,アメヤ横丁
飲食店,食べる,飲食店営業（一般・居酒屋）,ときわ亭　上野店,35.710175,139.773865,point,上野四丁目９番６号,台東区,上野,606,台東区 食品衛生営業施設一覧,214,アメヤ横丁
飲食店,食べる,飲食店営業（一般・居酒屋）,がんこ上野本店,35.710175,139.773865,point,上野四丁目９番６号,台東区,上野,606,台東区 食品衛生営業施設一覧,214,アメヤ横丁
飲食店,食べる,飲食店営業（一般・居酒屋）,串かつ　でんがな　上野店,35.710175,139.773865,point,上野四丁目９番６号,台東区,上野,606,台東区 食品衛生営業施設一覧,214,アメヤ横丁
飲食店,食べる,飲食店営業（一般・居酒屋）,均タロー！　上野店,35.710175,139.773865,point,上野四丁目９番６号,台東区,上野,606,台東区 食品衛生営業施設一覧,214,アメヤ横丁
飲食店,食べる,飲食店営業（一般・居酒屋）,大江戸京成上野駅前店・番屋余市,35.710426,139.774261,point,上野四丁目９番１０号,台東区,上野,576,台東区 食品衛生営業施設一覧,237,アメヤ横丁
飲食店,食べる,飲食店営業（一般・居酒屋）,金盃立呑処,35.709881,139.774384,point,上野四丁目９番１５号,台東区,上野,636,台東区 食品衛生営業施設一覧,176,アメヤ横丁
飲食店,食べる,飲食店営業（一般・居酒屋）,じぶんどき　ウメ子の家　上野駅前店,35.710735,139.77417,point,上野四丁目１０番５号,台東区,上野,542,台東区 食品衛生営業施設一覧,272,アメヤ横丁
飲食店,食べる,飲食店営業（一般・居酒屋）,鉄板居酒屋Ｂｅｌｏｎ　Ｂｅｌｏｎ　ＢｏｏとＢａｒボンド。,35.704235,139.77507,point,上野五丁目７番７号,台東区,上野,1265,台東区 食品衛生営業施設一覧,456,アメヤ横丁
飲食店,食べる,飲食店営業（一般・居酒屋）,遊食家　Ｂｏｏ,35.7038,139.774353,point,上野五丁目９番１９号,台東区,上野,1312,台東区 食品衛生営業施設一覧,500,アメヤ横丁
飲食店,食べる,飲食店営業（一般・居酒屋）,居酒屋　八丁,35.705204,139.775772,point,上野五丁目１５番１６号,台東区,上野,1162,台東区 食品衛生営業施設一覧,366,アメヤ横丁
飲食店,食べる,飲食店営業（一般・居酒屋）,日本酒・焼酎ダイニング　二瓶,35.705208,139.774979,point,上野五丁目１８番１号,台東区,上野,1156,台東区 食品衛生営業施設一覧,348,アメヤ横丁
飲食店,食べる,飲食店営業（一般・居酒屋）,鳥貴族　御徒町店,35.705879,139.775024,point,上野五丁目１９番６号,台東区,上野,1082,台東区 食品衛生営業施設一覧,275,アメヤ横丁
飲食店,食べる,飲食店営業（一般・居酒屋）,元祖わら屋,35.705879,139.775024,point,上野五丁目１９番６号,台東区,上野,1082,台東区 食品衛生営業施設一覧,275,アメヤ横丁
飲食店,食べる,飲食店営業（一般・居酒屋）,マルヤス酒場御徒町店,35.705879,139.775024,point,上野五丁目１９番６号,台東区,上野,1082,台東区 食品衛生営業施設一覧,275,アメヤ横丁
飲食店,食べる,飲食店営業（一般・居酒屋）,日本橋　紅とん　御徒町南口店,35.706108,139.774384,point,上野五丁目２０番３号,台東区,上野,1056,台東区 食品衛生営業施設一覧,244,アメヤ横丁
飲食店,食べる,飲食店営業（一般・居酒屋）,北海道　マルハ酒場　御徒町　南口店,35.706108,139.774384,point,上野五丁目２０番３号,台東区,上野,1056,台東区 食品衛生営業施設一覧,244,アメヤ横丁
飲食店,食べる,飲食店営業（一般・居酒屋）,鳥よし,35.706264,139.774384,point,上野五丁目２０番４号,台東区,上野,1038,台東区 食品衛生営業施設一覧,226,アメヤ横丁
飲食店,食べる,飲食店営業（一般・居酒屋）,徳ちゃん　御徒町,35.706417,139.774384,point,上野五丁目２０番５号,台東区,上野,1021,台東区 食品衛生営業施設一覧,209,アメヤ横丁
飲食店,食べる,飲食店営業（一般・居酒屋）,屋台屋　博多劇場　御徒町店,35.706333,139.774826,point,上野五丁目２０番１５号,台東区,上野,1031,台東区 食品衛生営業施設一覧,222,アメヤ横丁
飲食店,食べる,飲食店営業（一般・居酒屋）,魚鶏ヤロー御徒町店,35.706333,139.774826,point,上野五丁目２０番１５号,台東区,上野,1031,台東区 食品衛生営業施設一覧,222,アメヤ横丁
飲食店,食べる,飲食店営業（一般・居酒屋）,居酒屋　　清龍酒蔵,35.706688,139.775055,point,上野五丁目２１番８号,台東区,上野,992,台東区 食品衛生営業施設一覧,189,アメヤ横丁
飲食店,食べる,飲食店営業（一般・居酒屋）,大ちゃん　御徒町店,35.707298,139.775314,point,上野五丁目２５番７号,台東区,上野,926,台東区 食品衛生営業施設一覧,139,アメヤ横丁
飲食店,食べる,飲食店営業（一般・居酒屋）,マルハ酒場,35.707428,139.77533,point,上野五丁目２５番８号,台東区,上野,912,台東区 食品衛生営業施設一覧,128,アメヤ横丁
飲食店,食べる,飲食店営業（一般・居酒屋）,えんや　御徒町店,35.707428,139.77533,point,上野五丁目２５番８号,台東区,上野,912,台東区 食品衛生営業施設一覧,128,アメヤ横丁
飲食店,食べる,飲食店営業（一般・居酒屋）,蔵元居酒屋　清龍酒蔵　御徒町店,35.707428,139.77533,point,上野五丁目２５番８号,台東区,上野,912,台東区 食品衛生営業施設一覧,128,アメヤ横丁
飲食店,食べる,飲食店営業（一般・居酒屋）,新潟・佐渡の旬と地酒　のど黒のあくび,35.707428,139.77533,point,上野五丁目２５番８号,台東区,上野,912,台東区 食品衛生営業施設一覧,128,アメヤ横丁
飲食店,食べる,飲食店営業（一般・居酒屋）,加賀屋　御徒町駅前店,35.707134,139.775024,point,上野五丁目２６番５号,台東区,上野,943,台東区 食品衛生営業施設一覧,141,アメヤ横丁
飲食店,食べる,飲食店営業（一般・居酒屋）,有限会社　佐原屋,35.707161,139.77449,point,上野五丁目２７番５号,台東区,上野,938,台東区 食品衛生営業施設一覧,127,アメヤ横丁
飲食店,食べる,飲食店営業（一般・居酒屋）,吉池チェーン味の笛　御徒町本店,35.707161,139.77449,point,上野五丁目２７番５号,台東区,上野,938,台東区 食品衛生営業施設一覧,127,アメヤ横丁
飲食店,食べる,飲食店営業（一般・居酒屋）,大衆酒場　江戸一,35.707161,139.77449,point,上野五丁目２７番５号,台東区,上野,938,台東区 食品衛生営業施設一覧,127,アメヤ横丁
飲食店,食べる,飲食店営業（一般・居酒屋）,大衆酒場　力×力,35.707161,139.77449,point,上野五丁目２７番５号,台東区,上野,938,台東区 食品衛生営業施設一覧,127,アメヤ横丁
飲食店,食べる,飲食店営業（一般・居酒屋）,金魚,35.70739,139.774536,point,上野五丁目２７番７号,台東区,上野,913,台東区 食品衛生営業施設一覧,102,アメヤ横丁
飲食店,食べる,飲食店営業（一般・居酒屋）,串カツあらた　上野御徒町店,35.707054,139.774948,point,上野五丁目２７番１７号,台東区,上野,951,台東区 食品衛生営業施設一覧,147,アメヤ横丁
飲食店,食べる,飲食店営業（一般・居酒屋）,串焼　海鮮　一鉄,35.707054,139.774948,point,上野五丁目２７番１７号,台東区,上野,951,台東区 食品衛生営業施設一覧,147,アメヤ横丁
飲食店,食べる,飲食店営業（一般・居酒屋）,たん焼き　木むら,35.708279,139.775787,point,上野六丁目１番６号,台東区,上野,822,台東区 食品衛生営業施設一覧,125,アメヤ横丁
飲食店,食べる,飲食店営業（一般・居酒屋）,うなよい,35.707832,139.775604,point,上野六丁目２番１号,台東区,上野,869,台東区 食品衛生営業施設一覧,121,アメヤ横丁
飲食店,食べる,飲食店営業（一般・居酒屋）,紅とん　上野御徒町店,35.708195,139.775406,point,上野六丁目２番５号,台東区,上野,827,台東区 食品衛生営業施設一覧,92,アメヤ横丁
飲食店,食べる,飲食店営業（一般・居酒屋）,それゆけ！鶏ヤロー御徒町店,35.708332,139.775421,point,上野六丁目２番６号,台東区,上野,812,台東区 食品衛生営業施設一覧,92,アメヤ横丁
飲食店,食べる,飲食店営業（一般・居酒屋）,海鮮居酒屋せんじゃく上野御徒町店,35.708332,139.775421,point,上野六丁目２番６号,台東区,上野,812,台東区 食品衛生営業施設一覧,92,アメヤ横丁
飲食店,食べる,飲食店営業（一般・居酒屋）,おとんば　御徒町店,35.707947,139.775162,point,上野六丁目３番２号,台東区,上野,853,台東区 食品衛生営業施設一覧,79,アメヤ横丁
飲食店,食べる,飲食店営業（一般・居酒屋）,Ｓｔａｎｄｉｎｇ　Ｂａｒ　ＰＡＲＥ,35.708488,139.775375,point,上野六丁目３番１１号,台東区,上野,795,台東区 食品衛生営業施設一覧,90,アメヤ横丁
飲食店,食べる,飲食店営業（一般・居酒屋）,西成キング　御徒町店,35.708004,139.774658,point,上野六丁目４番４号,台東区,上野,845,台東区 食品衛生営業施設一覧,40,アメヤ横丁
飲食店,食べる,飲食店営業（一般・居酒屋）,東京上野パンダ焼き,35.708263,139.774719,point,上野六丁目４番６号,台東区,上野,816,台東区 食品衛生営業施設一覧,29,アメヤ横丁
飲食店,食べる,飲食店営業（一般・居酒屋）,全国銘酒たる松本店,35.708794,139.775177,point,上野六丁目４番１３号,台東区,上野,759,台東区 食品衛生営業施設一覧,89,アメヤ横丁
飲食店,食べる,飲食店営業（一般・居酒屋）,アメ横ガード下飲食街,35.708794,139.775177,point,上野六丁目４番１３号,台東区,上野,759,台東区 食品衛生営業施設一覧,89,アメヤ横丁
飲食店,食べる,飲食店営業（一般・居酒屋）,立ち飲み　たきおか,35.708656,139.775162,point,上野六丁目４番１４号,台東区,上野,774,台東区 食品衛生営業施設一覧,79,アメヤ横丁
飲食店,食べる,飲食店営業（一般・居酒屋）,居酒屋　路地裏　上野御徒町店,35.708656,139.775162,point,上野六丁目４番１４号,台東区,上野,774,台東区 食品衛生営業施設一覧,79,アメヤ横丁
飲食店,食べる,飲食店営業（一般・居酒屋）,寅衛門　／　もてなし屋,35.708656,139.775162,point,上野六丁目４番１４号,台東区,上野,774,台東区 食品衛生営業施設一覧,79,アメヤ横丁
飲食店,食べる,飲食店営業（一般・居酒屋）,やきとりと日本酒居酒屋　蔵どり　御徒町店,35.708656,139.775162,point,上野六丁目４番１４号,台東区,上野,774,台東区 食品衛生営業施設一覧,79,アメヤ横丁
飲食店,食べる,飲食店営業（一般・居酒屋）,立呑み晩杯屋　御徒町店,35.708656,139.775162,point,上野六丁目４番１４号,台東区,上野,774,台東区 食品衛生営業施設一覧,79,アメヤ横丁
飲食店,食べる,飲食店営業（一般・居酒屋）,活鮮市場　上野御徒町店,35.708385,139.775162,point,上野六丁目４番１６号,台東区,上野,804,台東区 食品衛生営業施設一覧,69,アメヤ横丁
飲食店,食べる,飲食店営業（一般・居酒屋）,鳥劇場,35.708855,139.775497,point,上野六丁目５番６号,台東区,上野,755,台東区 食品衛生営業施設一覧,117,アメヤ横丁
飲食店,食べる,飲食店営業（一般・居酒屋）,喜どり,35.708858,139.775665,point,上野六丁目５番７号,台東区,上野,757,台東区 食品衛生営業施設一覧,130,アメヤ横丁
飲食店,食べる,飲食店営業（一般・居酒屋）,伊豆の味　そうだら,35.708801,139.775818,point,上野六丁目６番４号,台東区,上野,765,台東区 食品衛生営業施設一覧,140,アメヤ横丁
飲食店,食べる,飲食店営業（一般・居酒屋）,肉バル　ミートピア　上野,35.708961,139.775925,point,上野六丁目７番２号,台東区,上野,749,台東区 食品衛生営業施設一覧,156,アメヤ横丁
飲食店,食べる,飲食店営業（一般・居酒屋）,串カツ田中　上野６丁目店,35.709038,139.775848,point,上野六丁目７番３号,台東区,上野,740,台東区 食品衛生営業施設一覧,154,アメヤ横丁
飲食店,食べる,飲食店営業（一般・居酒屋）,クシヤキ酒場　ヤリキ,35.709301,139.775864,point,上野六丁目７番５号,台東区,上野,711,台東区 食品衛生営業施設一覧,173,アメヤ横丁
飲食店,食べる,飲食店営業（一般・居酒屋）,鳥どり酒場,35.709572,139.775879,point,上野六丁目７番７号,台東区,上野,682,台東区 食品衛生営業施設一覧,195,アメヤ横丁
飲食店,食べる,飲食店営業（一般・居酒屋）,海鮮問屋　磯べゑ,35.709843,139.775909,point,上野六丁目７番９号,台東区,上野,653,台東区 食品衛生営業施設一覧,219,アメヤ横丁
飲食店,食べる,飲食店営業（一般・居酒屋）,ふみ作,35.709953,139.775909,point,上野六丁目７番１０号,台東区,上野,641,台東区 食品衛生営業施設一覧,229,アメヤ横丁
飲食店,食べる,飲食店営業（一般・居酒屋）,北畔,35.709953,139.775909,point,上野六丁目７番１０号,台東区,上野,641,台東区 食品衛生営業施設一覧,229,アメヤ横丁
飲食店,食べる,飲食店営業（一般・居酒屋）,大衆酒場　とんまる,35.709953,139.775909,point,上野六丁目７番１０号,台東区,上野,641,台東区 食品衛生営業施設一覧,229,アメヤ横丁
飲食店,食べる,飲食店営業（一般・居酒屋）,鳥良商店　上野６丁目店,35.710094,139.776001,point,上野六丁目７番１２号,台東区,上野,627,台東区 食品衛生営業施設一覧,246,アメヤ横丁
飲食店,食べる,飲食店営業（一般・居酒屋）,おとんば　上野店,35.710056,139.776154,point,上野六丁目７番１３号,台東区,上野,634,台東区 食品衛生営業施設一覧,251,アメヤ横丁
飲食店,食べる,飲食店営業（一般・居酒屋）,鳥番長　上野昭和通り店,35.709549,139.776245,point,上野六丁目７番１８号,台東区,上野,691,台東区 食品衛生営業施設一覧,217,アメヤ横丁
飲食店,食べる,飲食店営業（一般・居酒屋）,ビーフキッチンスタンド　アパホテル上野店,35.709148,139.776199,point,上野六丁目７番２１号,台東区,上野,734,台東区 食品衛生営業施設一覧,188,アメヤ横丁
飲食店,食べる,飲食店営業（一般・居酒屋）,沼津港サンパチ酒場　上野１号店,35.709156,139.775482,point,上野六丁目８番４号,台東区,上野,722,台東区 食品衛生営業施設一覧,136,アメヤ横丁
飲食店,食べる,飲食店営業（一般・居酒屋）,居酒屋　それゆけ！鶏ヤロー！上野アメ横２号店,35.709156,139.775482,point,上野六丁目８番４号,台東区,上野,722,台東区 食品衛生営業施設一覧,136,アメヤ横丁
飲食店,食べる,飲食店営業（一般・居酒屋）,個室・呑処　～華～　Ｈａｎａ,35.70929,139.775497,point,上野六丁目８番５号,台東区,上野,707,台東区 食品衛生営業施設一覧,148,アメヤ横丁
飲食店,食べる,飲食店営業（一般・居酒屋）,鳥道酒場　上野支店,35.70929,139.775497,point,上野六丁目８番５号,台東区,上野,707,台東区 食品衛生営業施設一覧,148,アメヤ横丁
飲食店,食べる,飲食店営業（一般・居酒屋）,居酒屋　それゆけ！鶏ヤロー！　上野アメ横店,35.709553,139.775513,point,上野六丁目８番７号,台東区,上野,679,台東区 食品衛生営業施設一覧,172,アメヤ横丁
飲食店,食べる,飲食店営業（一般・居酒屋）,個室居酒屋やっき,35.709553,139.775513,point,上野六丁目８番７号,台東区,上野,679,台東区 食品衛生営業施設一覧,172,アメヤ横丁
飲食店,食べる,飲食店営業（一般・居酒屋）,魚がし商店,35.709553,139.775513,point,上野六丁目８番７号,台東区,上野,679,台東区 食品衛生営業施設一覧,172,アメヤ横丁
飲食店,食べる,飲食店営業（一般・居酒屋）,地鶏坊主　上野店,35.70969,139.775528,point,上野六丁目８番８号,台東区,上野,664,台東区 食品衛生営業施設一覧,185,アメヤ横丁
飲食店,食べる,飲食店営業（一般・居酒屋）,キリンシティ上野店,35.70969,139.775528,point,上野六丁目８番８号,台東区,上野,664,台東区 食品衛生営業施設一覧,185,アメヤ横丁
飲食店,食べる,飲食店営業（一般・居酒屋）,大衆酒場ちばチャン　上野アメ横店,35.70969,139.775528,point,上野六丁目８番８号,台東区,上野,664,台東区 食品衛生営業施設一覧,185,アメヤ横丁
飲食店,食べる,飲食店営業（一般・居酒屋）,ＨＵＢ　上野店,35.70969,139.775528,point,上野六丁目８番８号,台東区,上野,664,台東区 食品衛生営業施設一覧,185,アメヤ横丁
飲食店,食べる,飲食店営業（一般・居酒屋）,株式会社　秋グループ東京本部　秋上野店,35.70969,139.775528,point,上野六丁目８番８号,台東区,上野,664,台東区 食品衛生営業施設一覧,185,アメヤ横丁
飲食店,食べる,飲食店営業（一般・居酒屋）,たる松　上野店,35.709961,139.775543,point,上野六丁目８番１０号,台東区,上野,634,台東区 食品衛生営業施設一覧,212,アメヤ横丁
飲食店,食べる,飲食店営業（一般・居酒屋）,磯丸水産上野６丁目店,35.710197,139.77565,point,上野六丁目８番１３号,台東区,上野,610,台東区 食品衛生営業施設一覧,239,アメヤ横丁
飲食店,食べる,飲食店営業（一般・居酒屋）,かまどか　上野店,35.710197,139.77565,point,上野六丁目８番１３号,台東区,上野,610,台東区 食品衛生営業施設一覧,239,アメヤ横丁
飲食店,食べる,飲食店営業（一般・居酒屋）,上野　いち五郎,35.710152,139.775787,point,上野六丁目８番１４号,台東区,上野,617,台東区 食品衛生営業施設一覧,241,アメヤ横丁
飲食店,食べる,飲食店営業（一般・居酒屋）,立飲み　たきおか,35.709805,139.775833,point,上野六丁目８番１７号,台東区,上野,656,台東区 食品衛生営業施設一覧,212,アメヤ横丁
飲食店,食べる,飲食店営業（一般・居酒屋）,居酒屋　釧路　別館,35.709267,139.775787,point,上野六丁目８番２１号,台東区,上野,714,台東区 食品衛生営業施設一覧,165,アメヤ横丁
飲食店,食べる,飲食店営業（一般・居酒屋）,東京おでんラブストーリー上野アメ横店,35.709724,139.775284,point,上野六丁目９番１号,台東区,上野,657,台東区 食品衛生営業施設一覧,177,アメヤ横丁
飲食店,食べる,飲食店営業（一般・居酒屋）,串満,35.709164,139.775208,point,上野六丁目９番３号,台東区,上野,718,台東区 食品衛生営業施設一覧,121,アメヤ横丁
飲食店,食べる,飲食店営業（一般・居酒屋）,活鮮市場　上野弐号店,35.709976,139.77507,point,上野六丁目９番９号,台東区,上野,627,台東区 食品衛生営業施設一覧,196,アメヤ横丁
飲食店,食べる,飲食店営業（一般・居酒屋）,黒毛家　下町の味,35.710236,139.77504,point,上野六丁目９番１１号,台東区,上野,598,台東区 食品衛生営業施設一覧,223,アメヤ横丁
飲食店,食べる,飲食店営業（一般・居酒屋）,鳥物語　上野店,35.710236,139.77504,point,上野六丁目９番１１号,台東区,上野,598,台東区 食品衛生営業施設一覧,223,アメヤ横丁
飲食店,食べる,飲食店営業（一般・居酒屋）,地魚屋台　浜ちゃん,35.710358,139.775101,point,上野六丁目９番１３号,台東区,上野,585,台東区 食品衛生営業施設一覧,237,アメヤ横丁
飲食店,食べる,飲食店営業（一般・居酒屋）,沼津港　海将ｚｅｒｏ　上野店,35.710358,139.775101,point,上野六丁目９番１３号,台東区,上野,585,台東区 食品衛生営業施設一覧,237,アメヤ横丁
飲食店,食べる,飲食店営業（一般・居酒屋）,たきおか,35.710316,139.775238,point,上野六丁目９番１４号,台東区,上野,591,台東区 食品衛生営業施設一覧,237,アメヤ横丁
飲食店,食べる,飲食店営業（一般・居酒屋）,居酒屋かのや,35.710316,139.775238,point,上野六丁目９番１４号,台東区,上野,591,台東区 食品衛生営業施設一覧,237,アメヤ横丁
飲食店,食べる,飲食店営業（一般・居酒屋）,串揚げかのや,35.710316,139.775238,point,上野六丁目９番１４号,台東区,上野,591,台東区 食品衛生営業施設一覧,237,アメヤ横丁
飲食店,食べる,飲食店営業（一般・居酒屋）,上野漁港,35.710175,139.775467,point,上野六丁目９番１６号,台東区,上野,610,台東区 食品衛生営業施設一覧,230,アメヤ横丁
飲食店,食べる,飲食店営業（一般・居酒屋）,酒蔵　神田っ子　上野御徒町店,35.709641,139.775436,point,上野六丁目９番２０号,台東区,上野,668,台東区 食品衛生営業施設一覧,176,アメヤ横丁
飲食店,食べる,飲食店営業（一般・居酒屋）,圓八（えんぱち）,35.709366,139.775421,point,上野六丁目９番２２号,台東区,上野,698,台東区 食品衛生営業施設一覧,150,アメヤ横丁
飲食店,食べる,飲食店営業（一般・居酒屋）,ＴＨＥ　ＷＡＲＲＩＯＲ　ＣＥＬＴ,35.709366,139.775421,point,上野六丁目９番２２号,台東区,上野,698,台東区 食品衛生営業施設一覧,150,アメヤ横丁
飲食店,食べる,飲食店営業（一般・居酒屋）,炎園家,35.709366,139.775421,point,上野六丁目９番２２号,台東区,上野,698,台東区 食品衛生営業施設一覧,150,アメヤ横丁
飲食店,食べる,飲食店営業（一般・居酒屋）,居酒屋　おんどる,35.709229,139.775406,point,上野六丁目９番２３号,台東区,上野,713,台東区 食品衛生営業施設一覧,138,アメヤ横丁
飲食店,食べる,飲食店営業（一般・居酒屋）,ハイズォンクアン,35.709229,139.775406,point,上野六丁目９番２３号,台東区,上野,713,台東区 食品衛生営業施設一覧,138,アメヤ横丁
飲食店,食べる,飲食店営業（一般・居酒屋）,鳥どり酒場２号店,35.709229,139.775406,point,上野六丁目９番２３号,台東区,上野,713,台東区 食品衛生営業施設一覧,138,アメヤ横丁
飲食店,食べる,飲食店営業（一般・居酒屋）,権ちゃん,35.709095,139.775406,point,上野六丁目９番２４号,台東区,上野,728,台東区 食品衛生営業施設一覧,127,アメヤ横丁
飲食店,食べる,飲食店営業（一般・居酒屋）,空　ＫＯＯ,35.708977,139.774902,point,上野六丁目１０番２号,台東区,上野,737,台東区 食品衛生営業施設一覧,88,アメヤ横丁
飲食店,食べる,飲食店営業（一般・居酒屋）,一楽,35.70919,139.77478,point,上野六丁目１０番４号,台東区,上野,713,台東区 食品衛生営業施設一覧,105,アメヤ横丁
飲食店,食べる,飲食店営業（一般・居酒屋）,魚草,35.709587,139.774704,point,上野六丁目１０番７号,台東区,上野,669,台東区 食品衛生営業施設一覧,146,アメヤ横丁
飲食店,食べる,飲食店営業（一般・居酒屋）,海鮮浜焼・九寅,35.709587,139.774704,point,上野六丁目１０番７号,台東区,上野,669,台東区 食品衛生営業施設一覧,146,アメヤ横丁
飲食店,食べる,飲食店営業（一般・居酒屋）,酒無量　２号,35.709587,139.774704,point,上野六丁目１０番７号,台東区,上野,669,台東区 食品衛生営業施設一覧,146,アメヤ横丁
飲食店,食べる,飲食店営業（一般・居酒屋）,東京洋酒店,35.709587,139.774704,point,上野六丁目１０番７号,台東区,上野,669,台東区 食品衛生営業施設一覧,146,アメヤ横丁
飲食店,食べる,飲食店営業（一般・居酒屋）,アメ　大衆食堂　スタンド　上野２号店,35.709587,139.774704,point,上野六丁目１０番７号,台東区,上野,669,台東区 食品衛生営業施設一覧,146,アメヤ横丁
飲食店,食べる,飲食店営業（一般・居酒屋）,上野遊戯倶楽部,35.709587,139.774704,point,上野六丁目１０番７号,台東区,上野,669,台東区 食品衛生営業施設一覧,146,アメヤ横丁
飲食店,食べる,飲食店営業（一般・居酒屋）,ふれあい酒場　ほていちゃん,35.710346,139.774658,point,上野六丁目１０番１３号,台東区,上野,584,台東区 食品衛生営業施設一覧,229,アメヤ横丁
飲食店,食べる,飲食店営業（一般・居酒屋）,もつ焼煮込み　ヤリキ　一揆,35.709358,139.775101,point,上野六丁目１０番２２号,台東区,上野,696,台東区 食品衛生営業施設一覧,134,アメヤ横丁
飲食店,食べる,飲食店営業（一般・居酒屋）,日本酒とりまる　上野店,35.710701,139.774536,point,上野六丁目１１番４号,台東区,上野,545,台東区 食品衛生営業施設一覧,267,アメヤ横丁
飲食店,食べる,飲食店営業（一般・居酒屋）,串揚げ　じゅらく　上野アメ横店,35.710835,139.774551,point,上野六丁目１１番５号,台東区,上野,530,台東区 食品衛生営業施設一覧,282,アメヤ横丁
飲食店,食べる,飲食店営業（一般・居酒屋）,魚浜　アメ横店,35.710835,139.774551,point,上野六丁目１１番５号,台東区,上野,530,台東区 食品衛生営業施設一覧,282,アメヤ横丁
飲食店,食べる,飲食店営業（一般・居酒屋）,酒亭聚楽　上野店,35.710968,139.774567,point,上野六丁目１１番６号,台東区,上野,515,台東区 食品衛生営業施設一覧,297,アメヤ横丁
飲食店,食べる,飲食店営業（一般・居酒屋）,もつ焼酒場　　豚坊,35.710968,139.774567,point,上野六丁目１１番６号,台東区,上野,515,台東区 食品衛生営業施設一覧,297,アメヤ横丁
飲食店,食べる,飲食店営業（一般・居酒屋）,串揚げ　じゅらく,35.711098,139.774582,point,上野六丁目１１番７号,台東区,上野,501,台東区 食品衛生営業施設一覧,312,アメヤ横丁
飲食店,食べる,飲食店営業（一般・居酒屋）,やきとん　大王,35.711266,139.774902,point,上野六丁目１１番１４号,台東区,上野,483,台東区 食品衛生営業施設一覧,333,アメヤ横丁
飲食店,食べる,飲食店営業（一般・居酒屋）,一軒め酒場上野駅前店,35.710842,139.774811,point,上野六丁目１１番１７号,台東区,上野,530,台東区 食品衛生営業施設一覧,285,アメヤ横丁
飲食店,食べる,飲食店営業（一般・居酒屋）,築地　活鮮市場　上野店,35.710712,139.774796,point,上野六丁目１１番１８号,台東区,上野,544,台東区 食品衛生営業施設一覧,271,アメヤ横丁
飲食店,食べる,飲食店営業（一般・居酒屋）,ＤＥＲＥＣＨＯ,35.710579,139.774796,point,上野六丁目１１番１９号,台東区,上野,559,台東区 食品衛生営業施設一覧,256,アメヤ横丁
飲食店,食べる,飲食店営業（一般・居酒屋）,文楽,35.71043,139.774872,point,上野六丁目１２番１号,台東区,上野,576,台東区 食品衛生営業施設一覧,241,アメヤ横丁
飲食店,食べる,飲食店営業（一般・居酒屋）,本格焼肉処　たかとら　上野店,35.711132,139.774948,point,上野六丁目１２番７号,台東区,上野,498,台東区 食品衛生営業施設一覧,319,アメヤ横丁
飲食店,食べる,飲食店営業（一般・居酒屋）,上野　食道楽,35.711239,139.775085,point,上野六丁目１２番１２号,台東区,上野,488,台東区 食品衛生営業施設一覧,333,アメヤ横丁
飲食店,食べる,飲食店営業（一般・居酒屋）,かっちゃん,35.711117,139.77504,point,上野六丁目１２番１３号,台東区,上野,501,台東区 食品衛生営業施設一覧,319,アメヤ横丁
飲食店,食べる,飲食店営業（一般・居酒屋）,大衆酒場　勇,35.710842,139.774963,point,上野六丁目１２番１５号,台東区,上野,531,台東区 食品衛生営業施設一覧,287,アメヤ横丁
飲食店,食べる,飲食店営業（一般・居酒屋）,のんちゃん　上野本店,35.710842,139.774963,point,上野六丁目１２番１５号,台東区,上野,531,台東区 食品衛生営業施設一覧,287,アメヤ横丁
飲食店,食べる,飲食店営業（一般・居酒屋）,ヤリキ　上野支店,35.710712,139.774948,point,上野六丁目１２番１６号,台東区,上野,545,台東区 食品衛生営業施設一覧,273,アメヤ横丁
飲食店,食べる,飲食店営業（一般・居酒屋）,レトロ酒場ひので,35.710579,139.774933,point,上野六丁目１２番１７号,台東区,上野,560,台東区 食品衛生営業施設一覧,258,アメヤ横丁
飲食店,食べる,飲食店営業（一般・居酒屋）,立飲み　カドクラ,35.710331,139.775436,point,上野六丁目１３番１号,台東区,上野,592,台東区 食品衛生営業施設一覧,244,アメヤ横丁
飲食店,食べる,飲食店営業（一般・居酒屋）,五の五　上野６丁目店,35.710331,139.775436,point,上野六丁目１３番１号,台東区,上野,592,台東区 食品衛生営業施設一覧,244,アメヤ横丁
飲食店,食べる,飲食店営業（一般・居酒屋）,原価酒場　ナシベエ　上野店,35.710331,139.775436,point,上野六丁目１３番１号,台東区,上野,592,台東区 食品衛生営業施設一覧,244,アメヤ横丁
飲食店,食べる,飲食店営業（一般・居酒屋）,洋食酒場　なしべえ　上野店,35.710331,139.775436,point,上野六丁目１３番１号,台東区,上野,592,台東区 食品衛生営業施設一覧,244,アメヤ横丁
飲食店,食べる,飲食店営業（一般・居酒屋）,肉の大山,35.710377,139.775269,point,上野六丁目１３番２号,台東区,上野,585,台東区 食品衛生営業施設一覧,244,アメヤ横丁
飲食店,食べる,飲食店営業（一般・居酒屋）,もつ焼　大統領　支店,35.710377,139.775269,point,上野六丁目１３番２号,台東区,上野,585,台東区 食品衛生営業施設一覧,244,アメヤ横丁
飲食店,食べる,飲食店営業（一般・居酒屋）,肉ときどきレモンサワー。　上野駅前店,35.710377,139.775269,point,上野六丁目１３番２号,台東区,上野,585,台東区 食品衛生営業施設一覧,244,アメヤ横丁
飲食店,食べる,飲食店営業（一般・居酒屋）,ふれあい酒場　ほていちゃん上野４号店,35.710377,139.775269,point,上野六丁目１３番２号,台東区,上野,585,台東区 食品衛生営業施設一覧,244,アメヤ横丁
飲食店,食べる,飲食店営業（一般・居酒屋）,個室居酒屋　旬蔵　上野駅前店,35.710377,139.775269,point,上野六丁目１３番２号,台東区,上野,585,台東区 食品衛生営業施設一覧,244,アメヤ横丁
飲食店,食べる,飲食店営業（一般・居酒屋）,鳥万,35.710377,139.775269,point,上野六丁目１３番２号,台東区,上野,585,台東区 食品衛生営業施設一覧,244,アメヤ横丁
飲食店,食べる,飲食店営業（一般・居酒屋）,串カツ酒場　ひろかつ上野アメ横店,35.710426,139.775101,point,上野六丁目１３番３号,台東区,上野,578,台東区 食品衛生営業施設一覧,245,アメヤ横丁
飲食店,食べる,飲食店営業（一般・居酒屋）,夜行列車,35.710518,139.775024,point,上野六丁目１３番４号,台東区,上野,567,台東区 食品衛生営業施設一覧,253,アメヤ横丁
飲食店,食べる,飲食店営業（一般・居酒屋）,立ち飲み処　呑む三,35.710518,139.775024,point,上野六丁目１３番４号,台東区,上野,567,台東区 食品衛生営業施設一覧,253,アメヤ横丁
飲食店,食べる,飲食店営業（一般・居酒屋）,温野菜　上野駅前店,35.710655,139.775024,point,上野六丁目１３番５号,台東区,上野,552,台東区 食品衛生営業施設一覧,268,アメヤ横丁
飲食店,食べる,飲食店営業（一般・居酒屋）,鳥道酒場,35.710655,139.775024,point,上野六丁目１３番５号,台東区,上野,552,台東区 食品衛生営業施設一覧,268,アメヤ横丁
飲食店,食べる,飲食店営業（一般・居酒屋）,牛タン専門店竈門タン治郎・隠れ居酒屋くつろぎ,35.710655,139.775024,point,上野六丁目１３番５号,台東区,上野,552,台東区 食品衛生営業施設一覧,268,アメヤ横丁
飲食店,食べる,飲食店営業（一般・居酒屋）,ホルモン酒場,35.710655,139.775024,point,上野六丁目１３番５号,台東区,上野,552,台東区 食品衛生営業施設一覧,268,アメヤ横丁
飲食店,食べる,飲食店営業（一般・居酒屋）,新時代　上野店,35.710655,139.775024,point,上野六丁目１３番５号,台東区,上野,552,台東区 食品衛生営業施設一覧,268,アメヤ横丁
飲食店,食べる,飲食店営業（一般・居酒屋）,はなび,35.710793,139.77504,point,上野六丁目１３番６号,台東区,上野,537,台東区 食品衛生営業施設一覧,283,アメヤ横丁
飲食店,食べる,飲食店営業（一般・居酒屋）,やきとり　大将,35.710793,139.77504,point,上野六丁目１３番６号,台東区,上野,537,台東区 食品衛生営業施設一覧,283,アメヤ横丁
飲食店,食べる,飲食店営業（一般・居酒屋）,ヤリキ殿,35.710964,139.775085,point,上野六丁目１３番７号,台東区,上野,518,台東区 食品衛生営業施設一覧,303,アメヤ横丁
飲食店,食べる,飲食店営業（一般・居酒屋）,上野横丁,35.710964,139.775085,point,上野六丁目１３番７号,台東区,上野,518,台東区 食品衛生営業施設一覧,303,アメヤ横丁
飲食店,食べる,飲食店営業（一般・居酒屋）,やきとん酒場　ＴＯＮ　ＴＯＮ,35.710964,139.775085,point,上野六丁目１３番７号,台東区,上野,518,台東区 食品衛生営業施設一覧,303,アメヤ横丁
飲食店,食べる,飲食店営業（一般・居酒屋）,魚吉,35.710964,139.775085,point,上野六丁目１３番７号,台東区,上野,518,台東区 食品衛生営業施設一覧,303,アメヤ横丁
飲食店,食べる,飲食店営業（一般・居酒屋）,やきとん　三吉　上野店,35.711067,139.775192,point,上野六丁目１３番８号,台東区,上野,508,台東区 食品衛生営業施設一覧,316,アメヤ横丁
飲食店,食べる,飲食店営業（一般・居酒屋）,肴うたげ,35.711067,139.775192,point,上野六丁目１３番８号,台東区,上野,508,台東区 食品衛生営業施設一覧,316,アメヤ横丁
飲食店,食べる,飲食店営業（一般・居酒屋）,個室居酒屋　京　上野アメ横店,35.711044,139.77536,point,上野六丁目１３番９号,台東区,上野,513,台東区 食品衛生営業施設一覧,317,アメヤ横丁
飲食店,食べる,飲食店営業（一般・居酒屋）,酒陣くろがね,35.710541,139.775528,point,上野六丁目１３番１４号,台東区,上野,570,台東区 食品衛生営業施設一覧,269,アメヤ横丁
飲食店,食べる,飲食店営業（一般・居酒屋）,天海　上野駅前店,35.710541,139.775528,point,上野六丁目１３番１４号,台東区,上野,570,台東区 食品衛生営業施設一覧,269,アメヤ横丁
飲食店,食べる,飲食店営業（一般・居酒屋）,千鳥酒場　上野店,35.710541,139.775528,point,上野六丁目１３番１４号,台東区,上野,570,台東区 食品衛生営業施設一覧,269,アメヤ横丁
飲食店,食べる,飲食店営業（一般・居酒屋）,望?山,35.710541,139.775528,point,上野六丁目１３番１４号,台東区,上野,570,台東区 食品衛生営業施設一覧,269,アメヤ横丁
飲食店,食べる,飲食店営業（一般・居酒屋）,はなこま×ヨルソラ×牛若丸,35.711407,139.77536,point,上野六丁目１４番６号,台東区,上野,473,台東区 食品衛生営業施設一覧,356,アメヤ横丁
飲食店,食べる,飲食店営業（一般・居酒屋）,庄や　上野駅前店,35.711407,139.77536,point,上野六丁目１４番６号,台東区,上野,473,台東区 食品衛生営業施設一覧,356,アメヤ横丁
飲食店,食べる,飲食店営業（一般・居酒屋）,かに・海鮮居酒屋　かに新　上野本店,35.711407,139.77536,point,上野六丁目１４番６号,台東区,上野,473,台東区 食品衛生営業施設一覧,356,アメヤ横丁
飲食店,食べる,飲食店営業（一般・居酒屋）,今日ワ魚　上野店,35.71138,139.775543,point,上野六丁目１４番７号,台東区,上野,479,台東区 食品衛生営業施設一覧,358,アメヤ横丁
飲食店,食べる,飲食店営業（一般・居酒屋）,博多・串し焼き・もつ鍋・芋焼酎　永山本店　上野駅前,35.71138,139.775543,point,上野六丁目１４番７号,台東区,上野,479,台東区 食品衛生営業施設一覧,358,アメヤ横丁
飲食店,食べる,飲食店営業（一般・居酒屋）,木村屋本店上野駅前,35.71138,139.775543,point,上野六丁目１４番７号,台東区,上野,479,台東区 食品衛生営業施設一覧,358,アメヤ横丁
飲食店,食べる,飲食店営業（一般・居酒屋）,トロ政　上野店,35.711155,139.775574,point,上野六丁目１４番９号,台東区,上野,504,台東区 食品衛生営業施設一覧,335,アメヤ横丁
飲食店,食べる,飲食店営業（一般・居酒屋）,紅とん　　上野ユーズロード店,35.710651,139.776016,point,上野六丁目１６番７号,台東区,上野,567,台東区 食品衛生営業施設一覧,299,アメヤ横丁
飲食店,食べる,飲食店営業（一般・居酒屋）,鳥焼肉　鳥ひびきちゃん　上野店,35.711296,139.776154,point,上野六丁目１６番１３号,台東区,上野,501,台東区 食品衛生営業施設一覧,369,アメヤ横丁
飲食店,食べる,飲食店営業（一般・居酒屋）,鳥貴族　上野昭和通り店,35.711121,139.776291,point,上野六丁目１６番１５号,台東区,上野,524,台東区 食品衛生営業施設一覧,357,アメヤ横丁
飲食店,食べる,飲食店営業（一般・居酒屋）,ＨＵＢ　上野昭和通り店,35.710716,139.776352,point,上野六丁目１６番１８号,台東区,上野,568,台東区 食品衛生営業施設一覧,321,アメヤ横丁
飲食店,食べる,飲食店営業（一般・居酒屋）,かよひ路　　上野店,35.713696,139.776917,point,上野七丁目１番１号,台東区,上野,304,台東区 食品衛生営業施設一覧,369,上野公園
飲食店,食べる,飲食店営業（一般・居酒屋）,ＨＩＧＨＢＡＬＬ　ＢＡＲ　上野駅　１９２３,35.713696,139.776917,point,上野七丁目１番１号,台東区,上野,304,台東区 食品衛生営業施設一覧,369,上野公園
飲食店,食べる,飲食店営業（一般・居酒屋）,大山地鶏と鮮魚　居酒屋　まいか,35.713696,139.776917,point,上野七丁目１番１号,台東区,上野,304,台東区 食品衛生営業施設一覧,369,上野公園
飲食店,食べる,飲食店営業（一般・居酒屋）,美曄,35.71241,139.777435,point,上野七丁目２番１号,台東区,上野,443,台東区 食品衛生営業施設一覧,492,上野公園
飲食店,食べる,飲食店営業（一般・居酒屋）,鮨酒場富士,35.71241,139.777435,point,上野七丁目２番１号,台東区,上野,443,台東区 食品衛生営業施設一覧,492,上野公園
飲食店,食べる,飲食店営業（一般・居酒屋）,稲ノ和・渦潮,35.71241,139.777435,point,上野七丁目２番１号,台東区,上野,443,台東区 食品衛生営業施設一覧,492,上野公園
飲食店,食べる,飲食店営業（一般・居酒屋）,ＩＮＡＲＩ,35.71241,139.777435,point,上野七丁目２番１号,台東区,上野,443,台東区 食品衛生営業施設一覧,492,上野公園
飲食店,食べる,飲食店営業（一般・居酒屋）,鶏っ酒　上野駅前店,35.712669,139.77739,point,上野七丁目２番４号,台東区,上野,417,台東区 食品衛生営業施設一覧,470,上野公園
飲食店,食べる,飲食店営業（一般・居酒屋）,てんぐ大ホール　上野駅前店,35.712669,139.77739,point,上野七丁目２番４号,台東区,上野,417,台東区 食品衛生営業施設一覧,470,上野公園
飲食店,食べる,飲食店営業（一般・居酒屋）,博多前炉ばた　一承,35.712669,139.77739,point,上野七丁目２番４号,台東区,上野,417,台東区 食品衛生営業施設一覧,470,上野公園
飲食店,食べる,飲食店営業（一般・居酒屋）,上野産直飲食街,35.712669,139.77739,point,上野七丁目２番４号,台東区,上野,417,台東区 食品衛生営業施設一覧,470,上野公園
飲食店,食べる,飲食店営業（一般・居酒屋）,大衆酒場　晩杯屋　北関東ふるさと編,35.712669,139.77739,point,上野七丁目２番４号,台東区,上野,417,台東区 食品衛生営業施設一覧,470,上野公園
飲食店,食べる,飲食店営業（一般・居酒屋）,土佐清水ワールド　東京上野店,35.712669,139.77739,point,上野七丁目２番４号,台東区,上野,417,台東区 食品衛生営業施設一覧,470,上野公園
飲食店,食べる,飲食店営業（一般・居酒屋）,上野イカセンター,35.712669,139.77739,point,上野七丁目２番４号,台東区,上野,417,台東区 食品衛生営業施設一覧,470,上野公園
飲食店,食べる,飲食店営業（一般・居酒屋）,呼炉凪来　上野店,35.712669,139.77739,point,上野七丁目２番４号,台東区,上野,417,台東区 食品衛生営業施設一覧,470,上野公園
飲食店,食べる,飲食店営業（一般・居酒屋）,満天酒場　上野店,35.712788,139.777466,point,上野七丁目２番５号,台東区,上野,412,台東区 食品衛生営業施設一覧,467,上野公園
飲食店,食べる,飲食店営業（一般・居酒屋）,日本海庄や上野浅草口店,35.712788,139.777466,point,上野七丁目２番５号,台東区,上野,412,台東区 食品衛生営業施設一覧,467,上野公園
飲食店,食べる,飲食店営業（一般・居酒屋）,東京豚バザール,35.71236,139.777695,point,上野七丁目３番２号,台東区,上野,462,台東区 食品衛生営業施設一覧,513,上野公園
飲食店,食べる,飲食店営業（一般・居酒屋）,素晴らしい日々　上野放浪店,35.71236,139.777695,point,上野七丁目３番２号,台東区,上野,462,台東区 食品衛生営業施設一覧,513,上野公園
飲食店,食べる,飲食店営業（一般・居酒屋）,山ちゃん,35.712688,139.778107,point,上野七丁目３番７号,台東区,上野,459,台東区 食品衛生営業施設一覧,520,上野公園
飲食店,食べる,飲食店営業（一般・居酒屋）,鳥元上野店,35.712471,139.778076,point,上野七丁目３番９号,台東区,上野,475,台東区 食品衛生営業施設一覧,532,上野公園
飲食店,食べる,飲食店営業（一般・居酒屋）,さんたろう　上野浅草口店,35.712471,139.778076,point,上野七丁目３番９号,台東区,上野,475,台東区 食品衛生営業施設一覧,532,上野公園
飲食店,食べる,飲食店営業（一般・居酒屋）,ヤスキチ,35.712681,139.778214,point,上野七丁目４番１０号,台東区,上野,467,台東区 食品衛生営業施設一覧,528,上野公園
飲食店,食べる,飲食店営業（一般・居酒屋）,炭火焼　鶏奈緒,35.71331,139.778336,point,上野七丁目５番５号,台東区,上野,430,台東区 食品衛生営業施設一覧,502,上野公園
飲食店,食べる,飲食店営業（一般・居酒屋）,２秒３,35.713238,139.778488,point,上野七丁目５番６号,台東区,上野,446,台東区 食品衛生営業施設一覧,517,上野公園
飲食店,食べる,飲食店営業（一般・居酒屋）,Ｇｒｅｅｎｄａｙｚ,35.713238,139.778488,point,上野七丁目５番６号,台東区,上野,446,台東区 食品衛生営業施設一覧,517,上野公園
飲食店,食べる,飲食店営業（一般・居酒屋）,Ｌｏｌｌｉｐｏｐ　Ｌｉｐｓ,35.713238,139.778488,point,上野七丁目５番６号,台東区,上野,446,台東区 食品衛生営業施設一覧,517,上野公園
飲食店,食べる,飲食店営業（一般・居酒屋）,串八珍　上野入谷口店,35.713554,139.778824,point,上野七丁目６番１０号,台東区,上野,452,台東区 食品衛生営業施設一覧,530,上野公園
飲食店,食べる,飲食店営業（一般・居酒屋）,イノセント　マン,35.713879,139.778198,point,上野七丁目７番５号,台東区,上野,385,台東区 食品衛生営業施設一覧,464,上野公園
飲食店,食べる,飲食店営業（一般・居酒屋）,ｋｏｔｅｔｓｕ,35.713898,139.779053,point,上野七丁目８番２３号,台東区,上野,453,台東区 食品衛生営業施設一覧,536,上野公園
飲食店,食べる,飲食店営業（一般・居酒屋）,ＢＡＲ　盃,35.715412,139.779297,point,上野七丁目１０番５号,台東区,上野,434,台東区 食品衛生営業施設一覧,532,上野公園
飲食店,食べる,飲食店営業（一般・居酒屋）,きまぐれ酒場,35.715611,139.77948,point,上野七丁目１０番７号,台東区,上野,450,台東区 食品衛生営業施設一覧,550,上野公園
飲食店,食べる,飲食店営業（一般・居酒屋）,ＹＡＫＩＴＯＲＩ＆ＳＡＫＥ　鳥光國　上野駅前店,35.712082,139.774704,point,上野公園１番５４号,台東区,上野公園,392,台東区 食品衛生営業施設一覧,385,上野公園
飲食店,食べる,飲食店営業（一般・居酒屋）,四季彩　別邸　上野店,35.711739,139.77449,point,上野公園１番５７号,台東区,上野公園,429,台東区 食品衛生営業施設一覧,382,アメヤ横丁
飲食店,食べる,飲食店営業（一般・居酒屋）,まるごと北海道　花の舞　ＵＥＮＯ　３１５３店,35.711739,139.77449,point,上野公園１番５７号,台東区,上野公園,429,台東区 食品衛生営業施設一覧,382,アメヤ横丁
飲食店,食べる,飲食店営業（一般・居酒屋）,谷中ビアホール,35.72234,139.770828,point,上野桜木二丁目１５番６号,台東区,上野桜木,819,台東区 食品衛生営業施設一覧,808,上野公園
飲食店,食べる,飲食店営業（一般・居酒屋）,創作料理まさぞう,35.709423,139.794266,point,雷門一丁目１番１１号,台東区,雷門,1912,台東区 食品衛生営業施設一覧,268,雷門
飲食店,食べる,飲食店営業（一般・居酒屋）,焼や,35.710159,139.79361,point,雷門一丁目３番７号,台東区,雷門,1828,台東区 食品衛生営業施設一覧,288,雷門
飲食店,食べる,飲食店営業（一般・居酒屋）,博多ともちゃんたいちゃん,35.710358,139.792282,point,雷門一丁目７番８号,台東区,雷門,1708,台東区 食品衛生営業施設一覧,402,雷門
飲食店,食べる,飲食店営業（一般・居酒屋）,洒落者,35.710812,139.792435,point,雷門一丁目８番９号,台東区,雷門,1705,台東区 食品衛生営業施設一覧,385,雷門
飲食店,食べる,飲食店営業（一般・居酒屋）,吾妻屋,35.711025,139.794342,point,雷門一丁目１３番１０号,台東区,雷門,1862,台東区 食品衛生営業施設一覧,214,雷門
飲食店,食べる,飲食店営業（一般・居酒屋）,炭やき　櫻田,35.711147,139.793365,point,雷門一丁目１５番１２号,台東区,雷門,1774,台東区 食品衛生営業施設一覧,304,雷門
飲食店,食べる,飲食店営業（一般・居酒屋）,歩盃,35.711147,139.793365,point,雷門一丁目１５番１２号,台東区,雷門,1774,台東区 食品衛生営業施設一覧,304,雷門
飲食店,食べる,飲食店営業（一般・居酒屋）,やきとんたくちゃん,35.710888,139.792297,point,雷門一丁目１６番２号,台東区,雷門,1690,台東区 食品衛生営業施設一覧,398,雷門
飲食店,食べる,飲食店営業（一般・居酒屋）,大衆鳥酒場　鳥椿　雷門一丁目店,35.710915,139.792572,point,雷門一丁目１６番１２号,台東区,雷門,1713,台東区 食品衛生営業施設一覧,373,雷門
飲食店,食べる,飲食店営業（一般・居酒屋）,本場韓国料理　浅草魂,35.70945,139.797241,point,雷門二丁目１番１３号,台東区,雷門,2164,台東区 食品衛生営業施設一覧,158,雷門
飲食店,食べる,飲食店営業（一般・居酒屋）,四方商店,35.70945,139.797241,point,雷門二丁目１番１４号,台東区,雷門,2164,台東区 食品衛生営業施設一覧,158,雷門
飲食店,食べる,飲食店営業（一般・居酒屋）,権八　浅草,35.70945,139.797241,point,雷門二丁目１番１５号,台東区,雷門,2164,台東区 食品衛生営業施設一覧,158,雷門
飲食店,食べる,飲食店営業（一般・居酒屋）,がってん,35.709343,139.79686,point,雷門二丁目２番６号,台東区,雷門,2135,台東区 食品衛生営業施設一覧,163,雷門
飲食店,食べる,飲食店営業（一般・居酒屋）,雷門　き介,35.709484,139.796661,point,雷門二丁目３番１２号,台東区,雷門,2113,台東区 食品衛生営業施設一覧,146,雷門
飲食店,食べる,飲食店営業（一般・居酒屋）,○吉八　まるきちや,35.709877,139.795914,point,雷門二丁目１１番７号,台東区,雷門,2035,台東区 食品衛生営業施設一覧,125,雷門
飲食店,食べる,飲食店営業（一般・居酒屋）,鷹匠　寿,35.71048,139.79509,point,雷門二丁目１４番６号,台東区,雷門,1944,台東区 食品衛生営業施設一覧,150,雷門
飲食店,食べる,飲食店営業（一般・居酒屋）,鮮彩酒膳　しげ正,35.710602,139.796097,point,雷門二丁目１７番１３号,台東区,雷門,2028,台東区 食品衛生営業施設一覧,59,雷門
飲食店,食べる,飲食店営業（一般・居酒屋）,はなの舞　浅草雷門店,35.710464,139.796387,point,雷門二丁目１８番７号,台東区,雷門,2057,台東区 食品衛生営業施設一覧,47,雷門
飲食店,食べる,飲食店営業（一般・居酒屋）,北海道はなの舞　浅草雷門店,35.710464,139.796387,point,雷門二丁目１８番７号,台東区,雷門,2057,台東区 食品衛生営業施設一覧,47,雷門
飲食店,食べる,飲食店営業（一般・居酒屋）,炭火焼　百八っ,35.710377,139.796844,point,雷門二丁目１８番１５号,台東区,雷門,2099,台東区 食品衛生営業施設一覧,49,雷門
飲食店,食べる,飲食店営業（一般・居酒屋）,浅草　もつ焼のんき,35.710377,139.796844,point,雷門二丁目１８番１５号,台東区,雷門,2099,台東区 食品衛生営業施設一覧,49,雷門
飲食店,食べる,飲食店営業（一般・居酒屋）,満月,35.710255,139.796799,point,雷門二丁目１８番１６号,台東区,雷門,2099,台東区 食品衛生営業施設一覧,61,雷門
飲食店,食べる,飲食店営業（一般・居酒屋）,壱角家　浅草吾妻橋店,35.710464,139.797363,point,雷門二丁目１９番１３号,台東区,雷門,2142,台東区 食品衛生営業施設一覧,71,雷門
飲食店,食べる,飲食店営業（一般・居酒屋）,真八酒場北上野店,35.715961,139.781906,point,北上野一丁目４番２号,台東区,北上野,670,台東区 食品衛生営業施設一覧,771,上野公園
飲食店,食べる,飲食店営業（一般・居酒屋）,醸亀げん,35.716099,139.781662,point,北上野一丁目５番９号,台東区,北上野,649,台東区 食品衛生営業施設一覧,750,上野公園
飲食店,食べる,飲食店営業（一般・居酒屋）,ベノム,35.716915,139.781876,point,北上野一丁目７番７号,台東区,北上野,682,台東区 食品衛生営業施設一覧,784,上野公園
飲食店,食べる,飲食店営業（一般・居酒屋）,ファイヤーチキン上野入谷店,35.717216,139.783249,point,北上野二丁目８番７号,台東区,北上野,810,台東区 食品衛生営業施設一覧,912,上野公園
飲食店,食べる,飲食店営業（一般・居酒屋）,和食バル　あかぎ,35.719063,139.783981,point,北上野二丁目２９番３号,台東区,北上野,939,台東区 食品衛生営業施設一覧,1039,上野公園
飲食店,食べる,飲食店営業（一般・居酒屋）,ＢＵＺＥＮ,35.719353,139.785049,point,北上野二丁目３１番８号,台東区,北上野,1040,台東区 食品衛生営業施設一覧,1141,上野公園
飲食店,食べる,飲食店営業（一般・居酒屋）,「おんだ」,35.723427,139.80159,point,清川一丁目６番６号,台東区,清川,2596,台東区 食品衛生営業施設一覧,1062,浅草寺
飲食店,食べる,飲食店営業（一般・居酒屋）,居酒屋　典利子,35.725067,139.80188,point,清川一丁目１７番９号,台東区,清川,2687,台東区 食品衛生営業施設一覧,1240,浅草寺
飲食店,食べる,飲食店営業（一般・居酒屋）,遠州屋本店　高尾,35.725971,139.801071,point,清川一丁目３５番５号,台東区,清川,2662,台東区 食品衛生営業施設一覧,1310,浅草寺
飲食店,食べる,飲食店営業（一般・居酒屋）,居酒屋アロー,35.727402,139.800369,point,清川二丁目１６番３号,台東区,清川,2679,台東区 食品衛生営業施設一覧,1448,浅草寺
飲食店,食べる,飲食店営業（一般・居酒屋）,友,35.728065,139.800049,point,清川二丁目３１番３号,台東区,清川,2691,台東区 食品衛生営業施設一覧,1513,浅草寺
飲食店,食べる,飲食店営業（一般・居酒屋）,居酒屋　紅豆,35.728065,139.800049,point,清川二丁目３１番３号,台東区,清川,2691,台東区 食品衛生営業施設一覧,1513,浅草寺
飲食店,食べる,飲食店営業（一般・居酒屋）,呑み処　光子,35.728065,139.800049,point,清川二丁目３１番３号,台東区,清川,2691,台東区 食品衛生営業施設一覧,1513,浅草寺
飲食店,食べる,飲食店営業（一般・居酒屋）,山酔,35.728619,139.801208,point,清川二丁目３４番６号,台東区,清川,2812,台東区 食品衛生営業施設一覧,1597,浅草寺
飲食店,食べる,飲食店営業（一般・居酒屋）,ＰｅｒｆｅｃｔＢｅｅｒＫｉｔｃｈｅｎ　蔵前,35.702991,139.791306,point,蔵前二丁目１番３２号,台東区,蔵前,2066,台東区 食品衛生営業施設一覧,996,雷門
飲食店,食べる,飲食店営業（一般・居酒屋）,旭一,35.702599,139.79039,point,蔵前二丁目４番３号,台東区,蔵前,2037,台東区 食品衛生営業施設一覧,1075,雷門
飲食店,食べる,飲食店営業（一般・居酒屋）,菊正,35.703247,139.792725,point,蔵前二丁目８番１０号,台東区,蔵前,2143,台東区 食品衛生営業施設一覧,913,雷門
飲食店,食べる,飲食店営業（一般・居酒屋）,串ドラゴン,35.704025,139.792099,point,蔵前二丁目１３番２号,台東区,蔵前,2045,台東区 食品衛生営業施設一覧,860,雷門
飲食店,食べる,飲食店営業（一般・居酒屋）,海鮮屋台おくまん　蔵前店,35.70422,139.792328,point,蔵前二丁目１３番４号,台東区,蔵前,2047,台東区 食品衛生営業施設一覧,831,雷門
飲食店,食べる,飲食店営業（一般・居酒屋）,松紀,35.70364,139.790634,point,蔵前三丁目４番３号,台東区,蔵前,1972,台東区 食品衛生営業施設一覧,966,雷門
飲食店,食べる,飲食店営業（一般・居酒屋）,酒蔵駒忠,35.704063,139.791718,point,蔵前三丁目１２番１０号,台東区,蔵前,2016,台東区 食品衛生営業施設一覧,874,雷門
飲食店,食べる,飲食店営業（一般・居酒屋）,ＰＨＥＲＭＥＮＴ　ＢＲＥＷＩＮＧ　ＣＯ．,35.704403,139.792114,point,蔵前三丁目１３番１４号,台東区,蔵前,2020,台東区 食品衛生営業施設一覧,823,雷門
飲食店,食べる,飲食店営業（一般・居酒屋）,Ｌｉｖｉｎｇ　座　ＧＡＲＤＥＮ,35.705776,139.790848,point,蔵前三丁目１７番４号,台東区,蔵前,1836,台東区 食品衛生営業施設一覧,769,雷門
飲食店,食べる,飲食店営業（一般・居酒屋）,天ぷらと串　髙尾,35.705647,139.791702,point,蔵前三丁目１９番８号,台東区,蔵前,1907,台東区 食品衛生営業施設一覧,729,雷門
飲食店,食べる,飲食店営業（一般・居酒屋）,魚熊水産,35.705246,139.791656,point,蔵前三丁目２０番５号,台東区,蔵前,1930,台東区 食品衛生営業施設一覧,767,雷門
飲食店,食べる,飲食店営業（一般・居酒屋）,蔵前　木由無,35.705025,139.792313,point,蔵前三丁目２０番１２号,台東区,蔵前,1992,台東区 食品衛生営業施設一覧,754,雷門
飲食店,食べる,飲食店営業（一般・居酒屋）,ＦＯＣＵＳ　ＫＵＲＡＭＡＥ,35.704685,139.789902,point,蔵前四丁目２１番２号,台東区,蔵前,1846,台東区 食品衛生営業施設一覧,916,雷門
飲食店,食べる,飲食店営業（一般・居酒屋）,会津の地酒　呑み食い処　赤べこ,35.703957,139.782837,point,小島一丁目４番１６号,台東区,小島,1498,台東区 食品衛生営業施設一覧,902,アメヤ横丁
飲食店,食べる,飲食店営業（一般・居酒屋）,くら鳥,35.703922,139.784439,point,小島一丁目１１番１２号,台東区,小島,1578,台東区 食品衛生営業施設一覧,1029,アメヤ横丁
飲食店,食べる,飲食店営業（一般・居酒屋）,丸源,35.705025,139.784683,point,小島二丁目１番１１号,台東区,小島,1493,台東区 食品衛生営業施設一覧,997,アメヤ横丁
飲食店,食べる,飲食店営業（一般・居酒屋）,庭食　柊,35.70731,139.790558,point,寿一丁目６番４号,台東区,寿,1718,台東区 食品衛生営業施設一覧,677,雷門
飲食店,食べる,飲食店営業（一般・居酒屋）,柊,35.70731,139.790558,point,寿一丁目６番４号,台東区,寿,1718,台東区 食品衛生営業施設一覧,677,雷門
飲食店,食べる,飲食店営業（一般・居酒屋）,クラフトミュージアム,35.70808,139.789505,point,寿一丁目２０番１３号,台東区,寿,1592,台東区 食品衛生営業施設一覧,717,雷門
飲食店,食べる,飲食店営業（一般・居酒屋）,遠州屋,35.709072,139.790634,point,寿二丁目２番７号,台東区,寿,1628,台東区 食品衛生営業施設一覧,580,雷門
飲食店,食べる,飲食店営業（一般・居酒屋）,京乃,35.708691,139.788315,point,寿二丁目６番４号,台東区,寿,1465,台東区 食品衛生営業施設一覧,793,雷門
飲食店,食べる,飲食店営業（一般・居酒屋）,じゃじゃ馬,35.705936,139.791534,point,寿三丁目６番１号,台東区,寿,1876,台東区 食品衛生営業施設一覧,714,雷門
飲食店,食べる,飲食店営業（一般・居酒屋）,旬彩料理　おいわ木,35.705952,139.791626,point,寿三丁目６番１４号,台東区,寿,1882,台東区 食品衛生営業施設一覧,707,雷門
飲食店,食べる,飲食店営業（一般・居酒屋）,ｗｉｎｅ＆ｑｕｉｃｈｅ　Ｐｅｐｅ,35.70628,139.79097,point,寿三丁目８番２号,台東区,寿,1813,台東区 食品衛生営業施設一覧,721,雷門
飲食店,食べる,飲食店営業（一般・居酒屋）,ひととなり,35.708073,139.792603,point,寿三丁目２１番８号,台東区,寿,1836,台東区 食品衛生営業施設一覧,478,雷門
飲食店,食べる,飲食店営業（一般・居酒屋）,Ｂａｒ　ＳＭＯＫＥＤ,35.708286,139.792252,point,寿四丁目６番１号,台東区,寿,1797,台東区 食品衛生営業施設一覧,489,雷門
飲食店,食べる,飲食店営業（一般・居酒屋）,居酒屋　　よろこんで,35.708664,139.792755,point,寿四丁目１０番３号,台東区,寿,1820,台東区 食品衛生営業施設一覧,428,雷門
飲食店,食べる,飲食店営業（一般・居酒屋）,ノマンカ　クワンカ,35.708355,139.794022,point,寿四丁目１２番７号,台東区,寿,1938,台東区 食品衛生営業施設一覧,364,雷門
飲食店,食べる,飲食店営業（一般・居酒屋）,沖縄料理と泡盛の店　芭蕉布の里,35.709198,139.792877,point,寿四丁目１４番７号,台東区,寿,1805,台東区 食品衛生営業施設一覧,388,雷門
飲食店,食べる,飲食店営業（一般・居酒屋）,Ｔｅｒａｎｇａ,35.70916,139.79303,point,寿四丁目１４番８号,台東区,寿,1820,台東区 食品衛生営業施設一覧,378,雷門
飲食店,食べる,飲食店営業（一般・居酒屋）,ボン花火,35.70557,139.794662,point,駒形二丁目１番７号,台東区,駒形,2135,台東区 食品衛生営業施設一覧,610,雷門
飲食店,食べる,飲食店営業（一般・居酒屋）,ツリーハウス　浅草,35.706306,139.795059,point,駒形二丁目１番１３号,台東区,駒形,2125,台東区 食品衛生営業施設一覧,521,雷門
飲食店,食べる,飲食店営業（一般・居酒屋）,ＡＬＬ　ＷＲＩＧＨＴ　ｓａｋｅ　ｐｌａｃｅ,35.706699,139.794861,point,駒形二丁目５番５号,台東区,駒形,2088,台東区 食品衛生営業施設一覧,485,雷門
飲食店,食べる,飲食店営業（一般・居酒屋）,ＳＵＭＩＢＩＹＡＫＩ／炭火焼１８,35.719826,139.781006,point,下谷一丁目６番９号,台東区,下谷,752,台東区 食品衛生営業施設一覧,846,上野公園
飲食店,食べる,飲食店営業（一般・居酒屋）,泡泡酒座　八之助,35.718655,139.782593,point,下谷一丁目９番６号,台東区,下谷,806,台東区 食品衛生営業施設一覧,906,上野公園
飲食店,食べる,飲食店営業（一般・居酒屋）,Ｃａｆ?　ｄｅ　ＲａＭｏ,35.719757,139.783279,point,下谷一丁目１１番７号,台東区,下谷,918,台東区 食品衛生営業施設一覧,1016,上野公園
飲食店,食べる,飲食店営業（一般・居酒屋）,双葉,35.719498,139.782837,point,下谷一丁目１２番２４号,台東区,下谷,869,台東区 食品衛生営業施設一覧,967,上野公園
飲食店,食べる,飲食店営業（一般・居酒屋）,麦わらぼうし,35.719398,139.782745,point,下谷一丁目１２番２５号,台東区,下谷,856,台東区 食品衛生営業施設一覧,955,上野公園
飲食店,食べる,飲食店営業（一般・居酒屋）,麗,35.719398,139.782745,point,下谷一丁目１２番２５号,台東区,下谷,856,台東区 食品衛生営業施設一覧,955,上野公園
飲食店,食べる,飲食店営業（一般・居酒屋）,しぶかわ,35.720219,139.781219,point,下谷一丁目１３番５号,台東区,下谷,795,台東区 食品衛生営業施設一覧,888,上野公園
飲食店,食べる,飲食店営業（一般・居酒屋）,居酒屋　さかえや,35.720398,139.781677,point,下谷一丁目１３番１０号,台東区,下谷,839,台東区 食品衛生営業施設一覧,933,上野公園
飲食店,食べる,飲食店営業（一般・居酒屋）,スナック　マリカ,35.720398,139.781677,point,下谷一丁目１３番１０号,台東区,下谷,839,台東区 食品衛生営業施設一覧,933,上野公園
飲食店,食べる,飲食店営業（一般・居酒屋）,花の里風,35.721203,139.781967,point,下谷二丁目５番１２号,台東区,下谷,918,台東区 食品衛生営業施設一覧,1009,上野公園
飲食店,食べる,飲食店営業（一般・居酒屋）,コーヒーとハンバーグ丼,35.721588,139.78418,point,下谷二丁目１４番２号,台東区,下谷,1099,台東区 食品衛生営業施設一覧,1193,上野公園
飲食店,食べる,飲食店営業（一般・居酒屋）,オオイリヤ,35.723248,139.784683,point,下谷二丁目２１番８号,台東区,下谷,1252,台東区 食品衛生営業施設一覧,1343,上野公園
飲食店,食べる,飲食店営業（一般・居酒屋）,ＤｉｎｉｎｇＢａｒ第三基地,35.722927,139.78479,point,下谷二丁目２１番１２号,台東区,下谷,1236,台東区 食品衛生営業施設一覧,1327,上野公園
飲食店,食べる,飲食店営業（一般・居酒屋）,串焼き酒場　たけうち,35.722721,139.785507,point,下谷二丁目２４番７号,台東区,下谷,1271,台東区 食品衛生営業施設一覧,1350,浅草寺
飲食店,食べる,飲食店営業（一般・居酒屋）,居酒屋クローバー,35.722305,139.785553,point,下谷二丁目２４番１１号,台東区,下谷,1246,台東区 食品衛生営業施設一覧,1316,浅草寺
飲食店,食べる,飲食店営業（一般・居酒屋）,ぜっこうちょう　下谷店,35.725231,139.787582,point,下谷三丁目１１番９号,台東区,下谷,1594,台東区 食品衛生営業施設一覧,1432,浅草寺
飲食店,食べる,飲食店営業（一般・居酒屋）,浅草　おでん　大多福,35.717709,139.791489,point,千束一丁目６番２号,台東区,千束,1552,台東区 食品衛生営業施設一覧,580,浅草寺
飲食店,食べる,飲食店営業（一般・居酒屋）,居酒屋　こうちゃん,35.720284,139.791565,point,千束一丁目１９番１３号,台東区,千束,1626,台東区 食品衛生営業施設一覧,776,浅草寺
飲食店,食べる,飲食店営業（一般・居酒屋）,Ｐａ‘ａｋａｉ,35.721325,139.789978,point,千束二丁目２７番２号,台東区,千束,1536,台東区 食品衛生営業施設一覧,956,浅草寺
飲食店,食べる,飲食店営業（一般・居酒屋）,角打ち菊本屋,35.722317,139.790909,point,千束二丁目３３番１０号,台東区,千束,1659,台東区 食品衛生営業施設一覧,996,浅草寺
飲食店,食べる,飲食店営業（一般・居酒屋）,居酒屋ぽらむ,35.721386,139.794815,point,千束三丁目２番８号,台東区,千束,1944,台東区 食品衛生営業施設一覧,762,浅草寺
飲食店,食べる,飲食店営業（一般・居酒屋）,ＧＡＮＥＳＡ,35.720615,139.792953,point,千束三丁目６番８号,台東区,千束,1757,台東区 食品衛生営業施設一覧,740,浅草寺
飲食店,食べる,飲食店営業（一般・居酒屋）,酒選奴　宮崎,35.720078,139.792084,point,千束三丁目８番７号,台東区,千束,1664,台東区 食品衛生営業施設一覧,730,浅草寺
飲食店,食べる,飲食店営業（一般・居酒屋）,魚善,35.721127,139.792404,point,千束三丁目１１番７号,台東区,千束,1729,台東区 食品衛生営業施設一覧,813,浅草寺
飲食店,食べる,飲食店営業（一般・居酒屋）,金太郎,35.721027,139.792847,point,千束三丁目１２番９号,台東区,千束,1763,台東区 食品衛生営業施設一覧,785,浅草寺
飲食店,食べる,飲食店営業（一般・居酒屋）,西来,35.721405,139.791809,point,千束三丁目１５番４号,台東区,千束,1691,台東区 食品衛生営業施設一覧,867,浅草寺
飲食店,食べる,飲食店営業（一般・居酒屋）,稲垣商店,35.722065,139.792175,point,千束三丁目２０番１５号,台東区,千束,1750,台東区 食品衛生営業施設一覧,915,浅草寺
飲食店,食べる,飲食店営業（一般・居酒屋）,りんご村,35.723259,139.792206,point,千束三丁目２０番２４号,台東区,千束,1811,台東区 食品衛生営業施設一覧,1034,浅草寺
飲食店,食べる,飲食店営業（一般・居酒屋）,京まち,35.723148,139.793961,point,千束三丁目２８番１４号,台東区,千束,1947,台東区 食品衛生営業施設一覧,970,浅草寺
飲食店,食べる,飲食店営業（一般・居酒屋）,連家,35.724304,139.792862,point,千束三丁目３０番１１号,台東区,千束,1920,台東区 食品衛生営業施設一覧,1122,浅草寺
飲食店,食べる,飲食店営業（一般・居酒屋）,ＴＡＤＩＭ,35.724304,139.792862,point,千束三丁目３０番１１号,台東区,千束,1920,台東区 食品衛生営業施設一覧,1122,浅草寺
飲食店,食べる,飲食店営業（一般・居酒屋）,でんだんどん,35.723366,139.791321,point,千束三丁目３３番６号,台東区,千束,1747,台東区 食品衛生営業施設一覧,1079,浅草寺
飲食店,食べる,飲食店営業（一般・居酒屋）,胡蝶,35.723076,139.79425,point,千束四丁目２８番１０号,台東区,千束,1967,台東区 食品衛生営業施設一覧,956,浅草寺
飲食店,食べる,飲食店営業（一般・居酒屋）,鳥道酒場　千束店,35.723152,139.794388,point,千束四丁目２８番１１号,台東区,千束,1982,台東区 食品衛生営業施設一覧,962,浅草寺
飲食店,食べる,飲食店営業（一般・居酒屋）,?久春,35.723518,139.794754,point,千束四丁目３０番１号,台東区,千束,2029,台東区 食品衛生営業施設一覧,995,浅草寺
飲食店,食べる,飲食店営業（一般・居酒屋）,海人,35.724106,139.795547,point,千束四丁目３２番１２号,台東区,千束,2122,台東区 食品衛生営業施設一覧,1049,浅草寺
飲食店,食べる,飲食店営業（一般・居酒屋）,堤や（どてや）,35.724953,139.796799,point,千束四丁目３７番１２号,台東区,千束,2266,台東区 食品衛生営業施設一覧,1138,浅草寺
飲食店,食べる,飲食店営業（一般・居酒屋）,はやせ,35.725388,139.795258,point,千束四丁目５０番５号,台東区,千束,2167,台東区 食品衛生営業施設一覧,1194,浅草寺
飲食店,食べる,飲食店営業（一般・居酒屋）,肴処　Ｎｏｂｕ,35.700867,139.779251,point,台東一丁目３番６号,台東区,台東,1693,台東区 食品衛生営業施設一覧,935,アメヤ横丁
飲食店,食べる,飲食店営業（一般・居酒屋）,二日酔,35.700665,139.776215,point,台東一丁目８番３号,台東区,台東,1668,台東区 食品衛生営業施設一覧,865,アメヤ横丁
飲食店,食べる,飲食店営業（一般・居酒屋）,ＢＥＥＲ　ＯＴＡＫＵ　ＳＰＩＣＥ,35.700878,139.776245,point,台東一丁目８番５号,台東区,台東,1645,台東区 食品衛生営業施設一覧,842,アメヤ横丁
飲食店,食べる,飲食店営業（一般・居酒屋）,ご近所バル１丁目,35.701122,139.776657,point,台東一丁目１２番４号,台東区,台東,1622,台東区 食品衛生営業施設一覧,824,アメヤ横丁
飲食店,食べる,飲食店営業（一般・居酒屋）,合資会社　やすらぎ処　久,35.701126,139.776932,point,台東一丁目１２番１１号,台東区,台東,1624,台東区 食品衛生営業施設一覧,830,アメヤ横丁
飲食店,食べる,飲食店営業（一般・居酒屋）,Ｊｏｕｒｎｅｙ×Ｊｏｕｒｎｅｙ,35.701187,139.777328,point,台東一丁目１３番９号,台東区,台東,1623,台東区 食品衛生営業施設一覧,834,アメヤ横丁
飲食店,食べる,飲食店営業（一般・居酒屋）,さくらｓｔｙｌｅ,35.702785,139.779633,point,台東二丁目３番７号,台東区,台東,1498,台東区 食品衛生営業施設一覧,774,アメヤ横丁
飲食店,食べる,飲食店営業（一般・居酒屋）,九州・博多もつ料理　よかたい,35.704037,139.779327,point,台東三丁目５番２号,台東区,台東,1358,台東区 食品衛生営業施設一覧,650,アメヤ横丁
飲食店,食べる,飲食店営業（一般・居酒屋）,はなや,35.704556,139.777374,point,台東三丁目１１番５号,台東区,台東,1255,台東区 食品衛生営業施設一覧,495,アメヤ横丁
飲食店,食べる,飲食店営業（一般・居酒屋）,旨いもん割烹　輝咲,35.704952,139.777267,point,台東三丁目１７番９号,台東区,台東,1210,台東区 食品衛生営業施設一覧,453,アメヤ横丁
飲食店,食べる,飲食店営業（一般・居酒屋）,輝てるぼうず,35.704624,139.781097,point,台東三丁目２８番３号,台東区,台東,1358,台東区 食品衛生営業施設一覧,730,アメヤ横丁
飲食店,食べる,飲食店営業（一般・居酒屋）,しおのや,35.70507,139.781067,point,台東三丁目３０番１１号,台東区,台東,1312,台東区 食品衛生営業施設一覧,701,アメヤ横丁
飲食店,食べる,飲食店営業（一般・居酒屋）,檸苑,35.705486,139.780106,point,台東三丁目３３番８号,台東区,台東,1233,台東区 食品衛生営業施設一覧,603,アメヤ横丁
飲食店,食べる,飲食店営業（一般・居酒屋）,酒楽　なりぞう,35.705292,139.77681,point,台東三丁目４０番５号,台東区,台東,1165,台東区 食品衛生営業施設一覧,399,アメヤ横丁
飲食店,食べる,飲食店営業（一般・居酒屋）,立ち飲み　ｈｏｏｋ,35.705532,139.77652,point,台東三丁目４２番２号,台東区,台東,1134,台東区 食品衛生営業施設一覧,362,アメヤ横丁
飲食店,食べる,飲食店営業（一般・居酒屋）,泓豊酒場,35.705505,139.781021,point,台東四丁目２番１号,台東区,台東,1268,台東区 食品衛生営業施設一覧,674,アメヤ横丁
飲食店,食べる,飲食店営業（一般・居酒屋）,佐竹や,35.70602,139.781067,point,台東四丁目２番８号,台東区,台東,1219,台東区 食品衛生営業施設一覧,653,アメヤ横丁
飲食店,食べる,飲食店営業（一般・居酒屋）,馬鹿うま　　仲御徒町店,35.705784,139.777771,point,台東四丁目６番１号,台東区,台東,1131,台東区 食品衛生営業施設一覧,413,アメヤ横丁
飲食店,食べる,飲食店営業（一般・居酒屋）,松井酒店　ＢＡＲ　ＳＥＣＴＩＯＮ,35.706005,139.777893,point,台東四丁目６番７号,台東区,台東,1110,台東区 食品衛生営業施設一覧,406,アメヤ横丁
飲食店,食べる,飲食店営業（一般・居酒屋）,酒房　ラテン,35.706669,139.776443,point,台東四丁目１１番２号,台東区,台東,1008,台東区 食品衛生営業施設一覧,259,アメヤ横丁
飲食店,食べる,飲食店営業（一般・居酒屋）,てっち屋,35.706898,139.779007,point,台東四丁目１９番１５号,台東区,台東,1050,台東区 食品衛生営業施設一覧,444,アメヤ横丁
飲食店,食べる,飲食店営業（一般・居酒屋）,貝料理　梵厨,35.706741,139.779861,point,台東四丁目２０番１１号,台東区,台東,1098,台東区 食品衛生営業施設一覧,523,アメヤ横丁
飲食店,食べる,飲食店営業（一般・居酒屋）,ＤｏｗｎｔｏｗｎＫｉｔｃｈｅｎ,35.70628,139.781296,point,台東四丁目２３番４号,台東区,台東,1204,台東区 食品衛生営業施設一覧,662,アメヤ横丁
飲食店,食べる,飲食店営業（一般・居酒屋）,魚旬本店,35.706993,139.781448,point,台東四丁目２４番７号,台東区,台東,1144,台東区 食品衛生営業施設一覧,653,アメヤ横丁
飲食店,食べる,飲食店営業（一般・居酒屋）,?澄,35.706615,139.78096,point,台東四丁目２５番２号,台東区,台東,1157,台東区 食品衛生営業施設一覧,621,アメヤ横丁
飲食店,食べる,飲食店営業（一般・居酒屋）,元祖　串八珍　新御徒町店,35.707108,139.780273,point,台東四丁目２７番７号,台東区,台東,1079,台東区 食品衛生営業施設一覧,547,アメヤ横丁
飲食店,食べる,飲食店営業（一般・居酒屋）,とりあえず　山久,35.707157,139.779175,point,台東四丁目２９番１５号,台東区,台東,1029,台東区 食品衛生営業施設一覧,449,アメヤ横丁
飲食店,食べる,飲食店営業（一般・居酒屋）,鳥越まめぞ,35.702328,139.783768,point,鳥越一丁目１番５号,台東区,鳥越,1697,台東区 食品衛生営業施設一覧,1075,アメヤ横丁
飲食店,食べる,飲食店営業（一般・居酒屋）,味農家　（ミノヤ）,35.702545,139.782272,point,鳥越一丁目５番５号,台東区,鳥越,1612,台東区 食品衛生営業施設一覧,956,アメヤ横丁
飲食店,食べる,飲食店営業（一般・居酒屋）,酒処　いちがいもん,35.702412,139.783569,point,鳥越一丁目１４番１号,台東区,鳥越,1680,台東区 食品衛生営業施設一覧,1055,アメヤ横丁
飲食店,食べる,飲食店営業（一般・居酒屋）,一丁目一番地,35.710526,139.791306,point,西浅草一丁目１番１３号,台東区,西浅草,1619,台東区 食品衛生営業施設一覧,488,雷門
飲食店,食べる,飲食店営業（一般・居酒屋）,一期一会,35.710526,139.791306,point,西浅草一丁目１番１３号,台東区,西浅草,1619,台東区 食品衛生営業施設一覧,488,雷門
飲食店,食べる,飲食店営業（一般・居酒屋）,Ｂｉｓｔｒｏ　鳥美庵,35.710526,139.791306,point,西浅草一丁目１番１３号,台東区,西浅草,1619,台東区 食品衛生営業施設一覧,488,雷門
飲食店,食べる,飲食店営業（一般・居酒屋）,天笑,35.710289,139.791397,point,西浅草一丁目１番１６号,台東区,西浅草,1636,台東区 食品衛生営業施設一覧,482,雷門
飲食店,食べる,飲食店営業（一般・居酒屋）,炙り酒場　縁,35.710289,139.791397,point,西浅草一丁目１番１６号,台東区,西浅草,1636,台東区 食品衛生営業施設一覧,482,雷門
飲食店,食べる,飲食店営業（一般・居酒屋）,こ～ちゃん,35.710079,139.790222,point,西浅草一丁目２番２号,台東区,西浅草,1547,台東区 食品衛生営業施設一覧,590,雷門
飲食店,食べる,飲食店営業（一般・居酒屋）,三富,35.710361,139.789749,point,西浅草一丁目３番１７号,台東区,西浅草,1495,台東区 食品衛生営業施設一覧,629,雷門
飲食店,食べる,飲食店営業（一般・居酒屋）,和助,35.711761,139.788498,point,西浅草一丁目５番１４号,台東区,西浅草,1334,台東区 食品衛生営業施設一覧,732,仲見世通り
飲食店,食べる,飲食店営業（一般・居酒屋）,ヒノデ,35.711761,139.788498,point,西浅草一丁目５番１４号,台東区,西浅草,1334,台東区 食品衛生営業施設一覧,732,仲見世通り
飲食店,食べる,飲食店営業（一般・居酒屋）,ＺＥＮ,35.711823,139.790253,point,西浅草一丁目９番６号,台東区,西浅草,1483,台東区 食品衛生営業施設一覧,573,仲見世通り
飲食店,食べる,飲食店営業（一般・居酒屋）,やすらぎ,35.71183,139.79126,point,西浅草二丁目１番４号,台東区,西浅草,1570,台東区 食品衛生営業施設一覧,482,仲見世通り
飲食店,食べる,飲食店営業（一般・居酒屋）,シノノメ酒店,35.712132,139.791321,point,西浅草二丁目１番７号,台東区,西浅草,1567,台東区 食品衛生営業施設一覧,477,仲見世通り
飲食店,食べる,飲食店営業（一般・居酒屋）,もつ政,35.712101,139.791489,point,西浅草二丁目１番８号,台東区,西浅草,1582,台東区 食品衛生営業施設一覧,462,仲見世通り
飲食店,食べる,飲食店営業（一般・居酒屋）,我まんま,35.712101,139.791489,point,西浅草二丁目１番８号,台東区,西浅草,1582,台東区 食品衛生営業施設一覧,462,仲見世通り
飲食店,食べる,飲食店営業（一般・居酒屋）,うる間,35.71209,139.789917,point,西浅草二丁目３番２号,台東区,西浅草,1446,台東区 食品衛生営業施設一覧,604,仲見世通り
飲食店,食べる,飲食店営業（一般・居酒屋）,ｓｕｂｔｏｎｅ,35.712521,139.789124,point,西浅草二丁目４番５号,台東区,西浅草,1364,台東区 食品衛生営業施設一覧,678,仲見世通り
飲食店,食べる,飲食店営業（一般・居酒屋）,ヤボ（養母）,35.712406,139.789383,point,西浅草二丁目４番７号,台東区,西浅草,1390,台東区 食品衛生営業施設一覧,654,仲見世通り
飲食店,食べる,飲食店営業（一般・居酒屋）,大根や,35.712959,139.78981,point,西浅草二丁目８番８号,台東区,西浅草,1413,台東区 食品衛生営業施設一覧,624,仲見世通り
飲食店,食べる,飲食店営業（一般・居酒屋）,かれん,35.712429,139.790375,point,西浅草二丁目１０番３号,台東区,西浅草,1476,台東区 食品衛生営業施設一覧,565,仲見世通り
飲食店,食べる,飲食店営業（一般・居酒屋）,Ｂｕｚｚ,35.712444,139.790787,point,西浅草二丁目１０番１０号,台東区,西浅草,1512,台東区 食品衛生営業施設一覧,528,仲見世通り
飲食店,食べる,飲食店営業（一般・居酒屋）,居酒屋　どん　２号店,35.713314,139.792038,point,西浅草二丁目１４番１３号,台東区,西浅草,1604,台東区 食品衛生営業施設一覧,441,仲見世通り
飲食店,食べる,飲食店営業（一般・居酒屋）,大衆酒場　はぃです,35.7127,139.792023,point,西浅草二丁目１４番１８号,台東区,西浅草,1615,台東区 食品衛生営業施設一覧,423,仲見世通り
飲食店,食べる,飲食店営業（一般・居酒屋）,古美術茶亭　もちづき,35.712963,139.791306,point,西浅草二丁目１５番１３号,台東区,西浅草,1545,台東区 食品衛生営業施設一覧,492,仲見世通り
飲食店,食べる,飲食店営業（一般・居酒屋）,ドロン,35.713245,139.790497,point,西浅草二丁目１６番５号,台東区,西浅草,1468,台東区 食品衛生営業施設一覧,571,仲見世通り
飲食店,食べる,飲食店営業（一般・居酒屋）,博多　徳,35.713814,139.790588,point,西浅草二丁目２５番７号,台東区,西浅草,1466,台東区 食品衛生営業施設一覧,565,浅草寺
飲食店,食べる,飲食店営業（一般・居酒屋）,盃屋　かづち,35.714005,139.791031,point,西浅草二丁目２５番１１号,台東区,西浅草,1503,台東区 食品衛生営業施設一覧,522,浅草寺
飲食店,食べる,飲食店営業（一般・居酒屋）,和食バル　華門,35.71394,139.791367,point,西浅草二丁目２５番１３号,台東区,西浅草,1534,台東区 食品衛生営業施設一覧,494,浅草寺
飲食店,食べる,飲食店営業（一般・居酒屋）,佐渡の酒と肴　だっちゃ,35.713528,139.792099,point,西浅草二丁目２７番１号,台東区,西浅草,1606,台東区 食品衛生営業施設一覧,440,浅草寺
飲食店,食べる,飲食店営業（一般・居酒屋）,山﨑,35.713589,139.791794,point,西浅草二丁目２７番３号,台東区,西浅草,1577,台東区 食品衛生営業施設一覧,465,浅草寺
飲食店,食べる,飲食店営業（一般・居酒屋）,肉汁餃子のダンダダン　かっぱ橋店,35.713821,139.791962,point,西浅草二丁目２７番９号,台東区,西浅草,1589,台東区 食品衛生営業施設一覧,444,浅草寺
飲食店,食べる,飲食店営業（一般・居酒屋）,酒菜　田の神,35.713711,139.792221,point,西浅草二丁目２７番１１号,台東区,西浅草,1614,台東区 食品衛生営業施設一覧,424,浅草寺
飲食店,食べる,飲食店営業（一般・居酒屋）,下町酒場　ジャブ,35.714176,139.792297,point,西浅草三丁目１番１０号,台東区,西浅草,1615,台東区 食品衛生営業施設一覧,407,浅草寺
飲食店,食べる,飲食店営業（一般・居酒屋）,Ｋｉｋｙｏ,35.714256,139.791611,point,西浅草三丁目３番９号,台東区,西浅草,1552,台東区 食品衛生営業施設一覧,467,浅草寺
飲食店,食べる,飲食店営業（一般・居酒屋）,博多串焼き　ハレノイチ,35.715179,139.790421,point,西浅草三丁目１２番８号,台東区,西浅草,1438,台東区 食品衛生営業施設一覧,574,浅草寺
飲食店,食べる,飲食店営業（一般・居酒屋）,笹,35.715233,139.790817,point,西浅草三丁目１４番７号,台東区,西浅草,1474,台東区 食品衛生営業施設一覧,539,浅草寺
飲食店,食べる,飲食店営業（一般・居酒屋）,藤よし,35.715252,139.791061,point,西浅草三丁目１４番９号,台東区,西浅草,1496,台東区 食品衛生営業施設一覧,517,浅草寺
飲食店,食べる,飲食店営業（一般・居酒屋）,串屋横丁　浅草国際通り店,35.714767,139.792343,point,西浅草三丁目１６番１１号,台東区,西浅草,1614,台東区 食品衛生営業施設一覧,398,浅草寺
飲食店,食べる,飲食店営業（一般・居酒屋）,居酒屋　燦燦,35.715824,139.790909,point,西浅草三丁目２０番７号,台東区,西浅草,1482,台東区 食品衛生営業施設一覧,541,浅草寺
飲食店,食べる,飲食店営業（一般・居酒屋）,ＲＥＰＲＥＳＥＮＴ,35.715958,139.789703,point,西浅草三丁目２３番１４号,台東区,西浅草,1373,台東区 食品衛生営業施設一覧,651,浅草寺
飲食店,食べる,飲食店営業（一般・居酒屋）,串揚げ　かたやま,35.717133,139.791534,point,西浅草三丁目２７番１３号,台東区,西浅草,1547,台東区 食品衛生営業施設一覧,542,浅草寺
飲食店,食べる,飲食店営業（一般・居酒屋）,奈我舎,35.716969,139.79216,point,西浅草三丁目２７番１７号,台東区,西浅草,1602,台東区 食品衛生営業施設一覧,484,浅草寺
飲食店,食べる,飲食店営業（一般・居酒屋）,居酒屋　丸千葉,35.725986,139.800308,point,日本堤一丁目１番３号,台東区,日本堤,2600,台東区 食品衛生営業施設一覧,1293,浅草寺
飲食店,食べる,飲食店営業（一般・居酒屋）,山谷酒場,35.725517,139.797058,point,日本堤一丁目１０番６号,台東区,日本堤,2316,台東区 食品衛生営業施設一覧,1201,浅草寺
飲食店,食べる,飲食店営業（一般・居酒屋）,大林,35.727333,139.80014,point,日本堤一丁目２４番１４号,台東区,日本堤,2657,台東区 食品衛生営業施設一覧,1436,浅草寺
飲食店,食べる,飲食店営業（一般・居酒屋）,追分,35.727123,139.799286,point,日本堤一丁目２５番２号,台東区,日本堤,2578,台東区 食品衛生営業施設一覧,1398,浅草寺
飲食店,食べる,飲食店営業（一般・居酒屋）,下総屋,35.728024,139.799805,point,日本堤二丁目１番１２号,台東区,日本堤,2670,台東区 食品衛生営業施設一覧,1505,浅草寺
飲食店,食べる,飲食店営業（一般・居酒屋）,オトナリ,35.726799,139.795792,point,日本堤二丁目１６番６号,台東区,日本堤,2290,台東区 食品衛生営業施設一覧,1346,浅草寺
飲食店,食べる,飲食店営業（一般・居酒屋）,菜コロ,35.728268,139.796051,point,日本堤二丁目２２番６号,台東区,日本堤,2402,台東区 食品衛生営業施設一覧,1508,浅草寺
飲食店,食べる,飲食店営業（一般・居酒屋）,グイッと！,35.728786,139.797073,point,日本堤二丁目３１番１０号,台東区,日本堤,2510,台東区 食品衛生営業施設一覧,1564,浅草寺
飲食店,食べる,飲食店営業（一般・居酒屋）,大衆鳥酒場　鳥椿　鶯谷朝顔通り店,35.720856,139.780182,point,根岸一丁目１番１５号,台東区,根岸,778,台東区 食品衛生営業施設一覧,864,上野公園
飲食店,食べる,飲食店営業（一般・居酒屋）,もつ焼会館,35.720856,139.780182,point,根岸一丁目１番１５号,台東区,根岸,778,台東区 食品衛生営業施設一覧,864,上野公園
飲食店,食べる,飲食店営業（一般・居酒屋）,じろ銀,35.720856,139.780182,point,根岸一丁目１番１５号,台東区,根岸,778,台東区 食品衛生営業施設一覧,864,上野公園
飲食店,食べる,飲食店営業（一般・居酒屋）,呑兵衛　鶯谷店,35.720615,139.781113,point,根岸一丁目１番２４号,台東区,根岸,817,台東区 食品衛生営業施設一覧,908,上野公園
飲食店,食べる,飲食店営業（一般・居酒屋）,居酒ＢＡＲ　ＳｏｉＧｉｎｔａ　ソイギンタ,35.721996,139.779556,point,根岸一丁目２番１２号,台東区,根岸,845,台東区 食品衛生営業施設一覧,922,上野公園
飲食店,食べる,飲食店営業（一般・居酒屋）,鳥道酒場　鶯谷店,35.721165,139.780197,point,根岸一丁目２番２１号,台東区,根岸,805,台東区 食品衛生営業施設一覧,889,上野公園
飲食店,食べる,飲食店営業（一般・居酒屋）,ささのや,35.720844,139.7798,point,根岸一丁目３番２０号,台東区,根岸,754,台東区 食品衛生営業施設一覧,838,上野公園
飲食店,食べる,飲食店営業（一般・居酒屋）,ビストロ酒場　ＧＯＫＡＮ,35.720844,139.7798,point,根岸一丁目３番２０号,台東区,根岸,754,台東区 食品衛生営業施設一覧,838,上野公園
飲食店,食べる,飲食店営業（一般・居酒屋）,順子,35.720734,139.779724,point,根岸一丁目３番２１号,台東区,根岸,740,台東区 食品衛生営業施設一覧,825,上野公園
飲食店,食べる,飲食店営業（一般・居酒屋）,松助,35.720734,139.779724,point,根岸一丁目３番２１号,台東区,根岸,740,台東区 食品衛生営業施設一覧,825,上野公園
飲食店,食べる,飲食店営業（一般・居酒屋）,あまのじゃく,35.720734,139.779724,point,根岸一丁目３番２１号,台東区,根岸,740,台東区 食品衛生営業施設一覧,825,上野公園
飲食店,食べる,飲食店営業（一般・居酒屋）,ＨＡＰＰＹ　ＺＯＮＥ,35.720734,139.779724,point,根岸一丁目３番２１号,台東区,根岸,740,台東区 食品衛生営業施設一覧,825,上野公園
飲食店,食べる,飲食店営業（一般・居酒屋）,焼貝うぐいす,35.720734,139.779724,point,根岸一丁目３番２１号,台東区,根岸,740,台東区 食品衛生営業施設一覧,825,上野公園
飲食店,食べる,飲食店営業（一般・居酒屋）,かぶら屋　鶯谷店,35.720734,139.779724,point,根岸一丁目３番２１号,台東区,根岸,740,台東区 食品衛生営業施設一覧,825,上野公園
飲食店,食べる,飲食店営業（一般・居酒屋）,肉汁餃子のダンダダン　鶯谷店,35.722641,139.778961,point,根岸一丁目５番１２号,台東区,根岸,880,台東区 食品衛生営業施設一覧,951,上野公園
飲食店,食べる,飲食店営業（一般・居酒屋）,若,35.722549,139.779114,point,根岸一丁目５番１３号,台東区,根岸,878,台東区 食品衛生営業施設一覧,950,上野公園
飲食店,食べる,飲食店営業（一般・居酒屋）,ＲＯＳＳＯ　ＮＥＲＯ,35.722549,139.779114,point,根岸一丁目５番１３号,台東区,根岸,878,台東区 食品衛生営業施設一覧,950,上野公園
飲食店,食べる,飲食店営業（一般・居酒屋）,関所,35.722263,139.777985,point,根岸一丁目７番３号,台東区,根岸,805,台東区 食品衛生営業施設一覧,870,上野公園
飲食店,食べる,飲食店営業（一般・居酒屋）,養老乃瀧　鶯谷,35.72237,139.777878,point,根岸一丁目７番４号,台東区,根岸,812,台東区 食品衛生営業施設一覧,876,上野公園
飲食店,食べる,飲食店営業（一般・居酒屋）,信濃路　鶯谷店,35.72237,139.777878,point,根岸一丁目７番４号,台東区,根岸,812,台東区 食品衛生営業施設一覧,876,上野公園
飲食店,食べる,飲食店営業（一般・居酒屋）,加賀屋,35.722446,139.778275,point,根岸一丁目７番１１号,台東区,根岸,834,台東区 食品衛生営業施設一覧,901,上野公園
飲食店,食べる,飲食店営業（一般・居酒屋）,いっちょらい,35.722698,139.777344,point,根岸一丁目８番３号,台東区,根岸,830,台東区 食品衛生営業施設一覧,888,上野公園
飲食店,食べる,飲食店営業（一般・居酒屋）,根岸　てんぷらり,35.722908,139.777924,point,根岸一丁目９番８号,台東区,根岸,869,台東区 食品衛生営業施設一覧,931,上野公園
飲食店,食べる,飲食店営業（一般・居酒屋）,幸,35.723511,139.778091,point,根岸二丁目１番９号,台東区,根岸,937,台東区 食品衛生営業施設一覧,998,上野公園
飲食店,食べる,飲食店営業（一般・居酒屋）,おにぎり　はつね,35.72377,139.778336,point,根岸二丁目１４番１８号,台東区,根岸,972,台東区 食品衛生営業施設一覧,1034,上野公園
飲食店,食べる,飲食店営業（一般・居酒屋）,Ｒｏｎｄｏ輪舞曲,35.724407,139.778671,point,根岸二丁目１６番１１号,台東区,根岸,1049,台東区 食品衛生営業施設一覧,1111,上野公園
飲食店,食べる,飲食店営業（一般・居酒屋）,串カツ田中　鶯谷店,35.721127,139.780991,point,根岸三丁目１番４号,台東区,根岸,849,台東区 食品衛生営業施設一覧,937,上野公園
飲食店,食べる,飲食店営業（一般・居酒屋）,一徳家,35.721962,139.782379,point,根岸三丁目２番１２号,台東区,根岸,1003,台東区 食品衛生営業施設一覧,1092,上野公園
飲食店,食べる,飲食店営業（一般・居酒屋）,萬屋　磯次郎,35.721886,139.781387,point,根岸三丁目３番２１号,台東区,根岸,935,台東区 食品衛生営業施設一覧,1021,上野公園
飲食店,食べる,飲食店営業（一般・居酒屋）,立呑み晩杯屋　鶯谷店,35.721859,139.780426,point,根岸三丁目５番７号,台東区,根岸,878,台東区 食品衛生営業施設一覧,960,上野公園
飲食店,食べる,飲食店営業（一般・居酒屋）,有限会社　割烹いちふく,35.722023,139.780197,point,根岸三丁目６番１号,台東区,根岸,880,台東区 食品衛生営業施設一覧,960,上野公園
飲食店,食べる,飲食店営業（一般・居酒屋）,龍―吟,35.722488,139.779739,point,根岸三丁目６番５号,台東区,根岸,900,台東区 食品衛生営業施設一覧,976,上野公園
飲食店,食べる,飲食店営業（一般・居酒屋）,鍵屋,35.722107,139.780365,point,根岸三丁目６番２３ー１８号,台東区,根岸,897,台東区 食品衛生営業施設一覧,977,上野公園
飲食店,食べる,飲食店営業（一般・居酒屋）,Ｃｈａｎｇｅｓ,35.722748,139.779434,point,根岸三丁目７番２号,台東区,根岸,911,台東区 食品衛生営業施設一覧,984,上野公園
飲食店,食べる,飲食店営業（一般・居酒屋）,根岸　川木屋,35.723789,139.779877,point,根岸三丁目１１番５号,台東区,根岸,1032,台東区 食品衛生営業施設一覧,1103,上野公園
飲食店,食べる,飲食店営業（一般・居酒屋）,食堂おぼろ,35.722637,139.78215,point,根岸三丁目１４番６号,台東区,根岸,1044,台東区 食品衛生営業施設一覧,1129,上野公園
飲食店,食べる,飲食店営業（一般・居酒屋）,いちくら,35.724258,139.783279,point,根岸三丁目１８番１６号,台東区,根岸,1247,台東区 食品衛生営業施設一覧,1330,上野公園
飲食店,食べる,飲食店営業（一般・居酒屋）,蔵,35.724297,139.781952,point,根岸三丁目２２番６号,台東区,根岸,1178,台東区 食品衛生営業施設一覧,1257,上野公園
飲食店,食べる,飲食店営業（一般・居酒屋）,ル・リベレール,35.723862,139.784378,point,根岸四丁目１番２９号,台東区,根岸,1280,台東区 食品衛生営業施設一覧,1368,上野公園
飲食店,食べる,飲食店営業（一般・居酒屋）,根ぎし　侘助,35.724987,139.783768,point,根岸四丁目３番３号,台東区,根岸,1338,台東区 食品衛生営業施設一覧,1420,上野公園
飲食店,食べる,飲食店営業（一般・居酒屋）,ＮＯＶＯＣＯ,35.724632,139.783173,point,根岸四丁目５番１４号,台東区,根岸,1273,台東区 食品衛生営業施設一覧,1355,上野公園
飲食店,食べる,飲食店営業（一般・居酒屋）,中華居酒屋　元気屋　日暮里店,35.726952,139.784073,point,根岸四丁目１３番１９号,台東区,根岸,1530,台東区 食品衛生営業施設一覧,1608,上野公園
飲食店,食べる,飲食店営業（一般・居酒屋）,ビクトリー,35.728718,139.789841,point,根岸五丁目１７番４号,台東区,根岸,2011,台東区 食品衛生営業施設一覧,1677,浅草寺
飲食店,食べる,飲食店営業（一般・居酒屋）,ＳＡＫＡＢＡ　寿,35.728825,139.789871,point,根岸五丁目１８番３号,台東区,根岸,2022,台東区 食品衛生営業施設一覧,1687,浅草寺
飲食店,食べる,飲食店営業（一般・居酒屋）,大衆割烹　百仁香,35.729595,139.79071,point,根岸五丁目２０番９号,台東区,根岸,2136,台東区 食品衛生営業施設一覧,1742,浅草寺
飲食店,食べる,飲食店営業（一般・居酒屋）,漁火　三ノ輪,35.730537,139.791275,point,根岸五丁目２５番１号,台東区,根岸,2248,台東区 食品衛生営業施設一覧,1827,浅草寺
飲食店,食べる,飲食店営業（一般・居酒屋）,鈴木酒販　角打ち,35.730537,139.791275,point,根岸五丁目２５番１号,台東区,根岸,2248,台東区 食品衛生営業施設一覧,1827,浅草寺
飲食店,食べる,飲食店営業（一般・居酒屋）,鹿ノ里,35.722744,139.806015,point,橋場一丁目３番５号,台東区,橋場,2954,台東区 食品衛生営業施設一覧,1223,浅草寺
飲食店,食べる,飲食店営業（一般・居酒屋）,有限会社亀屋酒店,35.724045,139.805664,point,橋場一丁目１７番３号,台東区,橋場,2966,台東区 食品衛生営業施設一覧,1313,浅草寺
飲食店,食べる,飲食店営業（一般・居酒屋）,竹八,35.724785,139.806427,point,橋場一丁目２１番５号,台東区,橋場,3058,台東区 食品衛生営業施設一覧,1420,浅草寺
飲食店,食べる,飲食店営業（一般・居酒屋）,居酒屋食堂ふぁみーる,35.724243,139.807434,point,橋場一丁目２３番１号,台東区,橋場,3125,台東区 食品衛生営業施設一覧,1432,浅草寺
飲食店,食べる,飲食店営業（一般・居酒屋）,Ａｔｅｌｉｅｒ　Ｃｏｒｋ　＆　Ｔｉｐ,35.723991,139.808075,point,橋場一丁目３６番２号,台東区,橋場,3171,台東区 食品衛生営業施設一覧,1452,浅草寺
飲食店,食べる,飲食店営業（一般・居酒屋）,つぼ八　浅草駅ビル店,35.711086,139.798141,point,花川戸一丁目２番３号,台東区,花川戸,2193,台東区 食品衛生営業施設一覧,134,雷門
飲食店,食べる,飲食店営業（一般・居酒屋）,お酒の美術館　東武浅草駅地下コンコース店,35.71122,139.797836,point,花川戸一丁目４番１号,台東区,花川戸,2162,台東区 食品衛生営業施設一覧,113,雷門
飲食店,食べる,飲食店営業（一般・居酒屋）,大衆割烹　助六,35.712181,139.797913,point,花川戸一丁目５番３号,台東区,花川戸,2148,台東区 食品衛生営業施設一覧,123,仲見世通り
飲食店,食べる,飲食店営業（一般・居酒屋）,鮒忠　花川戸店,35.712517,139.797943,point,花川戸一丁目６番４号,台東区,花川戸,2144,台東区 食品衛生営業施設一覧,139,仲見世通り
飲食店,食べる,飲食店営業（一般・居酒屋）,光家,35.712574,139.798065,point,花川戸一丁目６番５号,台東区,花川戸,2154,台東区 食品衛生営業施設一覧,152,仲見世通り
飲食店,食べる,飲食店営業（一般・居酒屋）,浅草　ＡＳＡ虎,35.712997,139.79863,point,花川戸一丁目８番１１号,台東区,花川戸,2198,台東区 食品衛生営業施設一覧,220,仲見世通り
飲食店,食べる,飲食店営業（一般・居酒屋）,九曜星,35.712715,139.798523,point,花川戸一丁目８番１３号,台東区,花川戸,2192,台東区 食品衛生営業施設一覧,196,仲見世通り
飲食店,食べる,飲食店営業（一般・居酒屋）,ＳＴＯＰ　ＯＶＥＲ,35.714298,139.800446,point,花川戸二丁目１２番３号,台東区,花川戸,2347,台東区 食品衛生営業施設一覧,337,浅草寺
飲食店,食べる,飲食店営業（一般・居酒屋）,山之宿,35.715038,139.800476,point,花川戸二丁目１７番２号,台東区,花川戸,2346,台東区 食品衛生営業施設一覧,338,浅草寺
飲食店,食べる,飲食店営業（一般・居酒屋）,炭火酔家　さと,35.715324,139.799225,point,花川戸二丁目２０番２号,台東区,花川戸,2232,台東区 食品衛生営業施設一覧,233,浅草寺
飲食店,食べる,飲食店営業（一般・居酒屋）,恵美子の店,35.715626,139.79892,point,花川戸二丁目２１番５号,台東区,花川戸,2205,台東区 食品衛生営業施設一覧,220,浅草寺
飲食店,食べる,飲食店営業（一般・居酒屋）,髙尾,35.724857,139.80072,point,東浅草二丁目２０番１６号,台東区,東浅草,2581,台東区 食品衛生営業施設一覧,1183,浅草寺
飲食店,食べる,飲食店営業（一般・居酒屋）,和酒と肴　縁,35.707161,139.781693,point,東上野一丁目１番１号,台東区,東上野,1141,台東区 食品衛生営業施設一覧,671,アメヤ横丁
飲食店,食べる,飲食店営業（一般・居酒屋）,さくら,35.707726,139.779327,point,東上野一丁目８番８号,台東区,東上野,978,台東区 食品衛生営業施設一覧,449,アメヤ横丁
飲食店,食べる,飲食店営業（一般・居酒屋）,ビストロどまん中,35.707642,139.777344,point,東上野一丁目１３番２号,台東区,東上野,921,台東区 食品衛生営業施設一覧,276,アメヤ横丁
飲食店,食べる,飲食店営業（一般・居酒屋）,東京上野おかちまちバル,35.707775,139.777008,point,東上野一丁目１４番１４号,台東区,東上野,899,台東区 食品衛生営業施設一覧,243,アメヤ横丁
飲食店,食べる,飲食店営業（一般・居酒屋）,プティ　ボヌール,35.708382,139.776978,point,東上野一丁目１５番１号,台東区,東上野,833,台東区 食品衛生営業施設一覧,233,アメヤ横丁
飲食店,食べる,飲食店営業（一般・居酒屋）,鴨一ワイン酒場　ＳＵＮ,35.708694,139.777191,point,東上野一丁目１８番４号,台東区,東上野,805,台東区 食品衛生営業施設一覧,256,アメヤ横丁
飲食店,食べる,飲食店営業（一般・居酒屋）,はこだて番屋食堂,35.70882,139.778564,point,東上野一丁目２０番８号,台東区,東上野,838,台東区 食品衛生営業施設一覧,380,アメヤ横丁
飲食店,食べる,飲食店営業（一般・居酒屋）,萬屋酒舗,35.708675,139.780304,point,東上野一丁目２５番８号,台東区,東上野,931,台東区 食品衛生営業施設一覧,535,アメヤ横丁
飲食店,食べる,飲食店営業（一般・居酒屋）,博多　からくさや,35.709099,139.781601,point,東上野二丁目５番１６号,台東区,東上野,966,台東区 食品衛生営業施設一覧,656,アメヤ横丁
飲食店,食べる,飲食店営業（一般・居酒屋）,しょうりき,35.708927,139.778503,point,東上野二丁目１１番１号,台東区,東上野,825,台東区 食品衛生営業施設一覧,377,アメヤ横丁
飲食店,食べる,飲食店営業（一般・居酒屋）,Ｐｒｅｍｉｕｍ　Ｓａｋｅ　Ｐｕｂ　ＧＡＳＨＵＥ,35.709507,139.777847,point,東上野二丁目１３番５号,台東区,東上野,742,台東区 食品衛生営業施設一覧,339,アメヤ横丁
飲食店,食べる,飲食店営業（一般・居酒屋）,貝料理　吟,35.70895,139.777634,point,東上野二丁目１４番１号,台東区,東上野,792,台東区 食品衛生営業施設一覧,301,アメヤ横丁
飲食店,食べる,飲食店営業（一般・居酒屋）,虎の子,35.710464,139.777969,point,東上野二丁目２０番９号,台東区,東上野,651,台東区 食品衛生営業施設一覧,402,アメヤ横丁
飲食店,食べる,飲食店営業（一般・居酒屋）,おとなの居酒屋　海鮮昌屋,35.70977,139.777985,point,東上野二丁目２１番３号,台東区,東上野,721,台東区 食品衛生営業施設一覧,363,アメヤ横丁
飲食店,食べる,飲食店営業（一般・居酒屋）,海鮮丹後,35.710468,139.780487,point,東上野三丁目８番４号,台東区,東上野,786,台東区 食品衛生営業施設一覧,600,アメヤ横丁
飲食店,食べる,飲食店営業（一般・居酒屋）,酒場たなぼた２ｎｄ,35.710468,139.780487,point,東上野三丁目８番４号,台東区,東上野,786,台東区 食品衛生営業施設一覧,600,アメヤ横丁
飲食店,食べる,飲食店営業（一般・居酒屋）,炭火焼きとり　とりたま,35.710518,139.7789,point,東上野三丁目１４番３号,台東区,東上野,691,台東区 食品衛生営業施設一覧,475,アメヤ横丁
飲食店,食べる,飲食店営業（一般・居酒屋）,椀久,35.710846,139.779327,point,東上野三丁目１４番９号,台東区,東上野,685,台東区 食品衛生営業施設一覧,527,アメヤ横丁
飲食店,食べる,飲食店営業（一般・居酒屋）,ＴＯＶＡＲＩＳＣＨ,35.710644,139.779373,point,東上野三丁目１４番１１号,台東区,東上野,705,台東区 食品衛生営業施設一覧,519,アメヤ横丁
飲食店,食べる,飲食店営業（一般・居酒屋）,居酒屋　大衆酒場　ふくぶたや,35.711033,139.778427,point,東上野三丁目１５番８号,台東区,東上野,619,台東区 食品衛生営業施設一覧,474,アメヤ横丁
飲食店,食べる,飲食店営業（一般・居酒屋）,鶏酒問屋　はや川,35.710964,139.778717,point,東上野三丁目１５番１０号,台東区,東上野,641,台東区 食品衛生営業施設一覧,490,アメヤ横丁
飲食店,食べる,飲食店営業（一般・居酒屋）,一の倉　上野店,35.710865,139.777573,point,東上野三丁目１６番５号,台東区,東上野,595,台東区 食品衛生営業施設一覧,404,アメヤ横丁
飲食店,食べる,飲食店営業（一般・居酒屋）,鳥清,35.710892,139.777817,point,東上野三丁目１７番３号,台東区,東上野,603,台東区 食品衛生営業施設一覧,422,アメヤ横丁
飲食店,食べる,飲食店営業（一般・居酒屋）,串金,35.711006,139.77774,point,東上野三丁目１７番５号,台東区,東上野,589,台東区 食品衛生営業施設一覧,426,アメヤ横丁
飲食店,食べる,飲食店営業（一般・居酒屋）,肉汁餃子のダンダダン　東上野店,35.711082,139.778122,point,東上野三丁目１７番８号,台東区,東上野,599,台東区 食品衛生営業施設一覧,457,アメヤ横丁
飲食店,食べる,飲食店営業（一般・居酒屋）,三蔵,35.711056,139.778244,point,東上野三丁目１７番９号,台東区,東上野,608,台東区 食品衛生営業施設一覧,463,アメヤ横丁
飲食店,食べる,飲食店営業（一般・居酒屋）,酒菜ダイニング　くるとん,35.711411,139.778839,point,東上野三丁目２１番７号,台東区,東上野,609,台東区 食品衛生営業施設一覧,529,アメヤ横丁
飲食店,食べる,飲食店営業（一般・居酒屋）,たるや,35.710999,139.778992,point,東上野三丁目２２番３号,台東区,東上野,653,台東区 食品衛生営業施設一覧,512,アメヤ横丁
飲食店,食べる,飲食店営業（一般・居酒屋）,う舞堂,35.710766,139.780167,point,東上野三丁目２５番２号,台東区,東上野,742,台東区 食品衛生営業施設一覧,588,アメヤ横丁
飲食店,食べる,飲食店営業（一般・居酒屋）,ＣＨＩＣＫＥＮ　ａｎｄ　ＴＯＭＡＴＯ　ＤＩＮＩＮＧ,35.71101,139.780594,point,東上野三丁目２８番４号,台東区,東上野,750,台東区 食品衛生営業施設一覧,635,アメヤ横丁
飲食店,食べる,飲食店営業（一般・居酒屋）,もつ焼き　けいすけ,35.710514,139.78154,point,東上野三丁目３０番２号,台東区,東上野,851,台東区 食品衛生営業施設一覧,690,アメヤ横丁
飲食店,食べる,飲食店営業（一般・居酒屋）,純米酒専門　粋酔,35.711456,139.781082,point,東上野三丁目３５番９号,台東区,東上野,752,台東区 食品衛生営業施設一覧,698,アメヤ横丁
飲食店,食べる,飲食店営業（一般・居酒屋）,一心,35.712692,139.778839,point,東上野四丁目３番９号,台東区,東上野,508,台東区 食品衛生営業施設一覧,575,上野公園
飲食店,食べる,飲食店営業（一般・居酒屋）,養老乃瀧４１７号店（上野店）,35.712822,139.778839,point,東上野四丁目４番４号,台東区,東上野,499,台東区 食品衛生営業施設一覧,567,上野公園
飲食店,食べる,飲食店営業（一般・居酒屋）,おでんｔｏさかな　ますだ上野店,35.713379,139.780167,point,東上野四丁目１２番１号,台東区,東上野,568,台東区 食品衛生営業施設一覧,650,上野公園
飲食店,食べる,飲食店営業（一般・居酒屋）,まことや,35.711716,139.781586,point,東上野五丁目１番１０号,台東区,東上野,772,台東区 食品衛生営業施設一覧,752,アメヤ横丁
飲食店,食べる,飲食店営業（一般・居酒屋）,ＣＯＲＥ・ＺＯ宮崎,35.711716,139.781586,point,東上野五丁目１番１０号,台東区,東上野,772,台東区 食品衛生営業施設一覧,752,アメヤ横丁
飲食店,食べる,飲食店営業（一般・居酒屋）,寿湯,35.712269,139.78273,point,東上野五丁目４番１７号,台東区,東上野,830,台東区 食品衛生営業施設一覧,872,アメヤ横丁
飲食店,食べる,飲食店営業（一般・居酒屋）,びびび食堂,35.713257,139.782791,point,東上野五丁目１０番１号,台東区,東上野,793,台東区 食品衛生営業施設一覧,880,上野公園
飲食店,食べる,飲食店営業（一般・居酒屋）,武乃蔵,35.71133,139.784927,point,東上野六丁目１番１７号,台東区,東上野,1054,台東区 食品衛生営業施設一覧,1008,アメヤ横丁
飲食店,食べる,飲食店営業（一般・居酒屋）,さかなや野村,35.712132,139.783829,point,東上野六丁目３番１１号,台東区,東上野,926,台東区 食品衛生営業施設一覧,952,アメヤ横丁
飲食店,食べる,飲食店営業（一般・居酒屋）,バルバブ,35.714966,139.78833,point,松が谷三丁目３番２６号,台東区,松が谷,1251,台東区 食品衛生営業施設一覧,761,浅草寺
飲食店,食べる,飲食店営業（一般・居酒屋）,深夜レストラン,35.715187,139.785599,point,松が谷三丁目８番３号,台東区,松が谷,1003,台東区 食品衛生営業施設一覧,1008,浅草寺
飲食店,食べる,飲食店営業（一般・居酒屋）,えびす丸,35.71553,139.785477,point,松が谷三丁目８番６号,台東区,松が谷,991,台東区 食品衛生営業施設一覧,1022,浅草寺
飲食店,食べる,飲食店営業（一般・居酒屋）,村田屋酒店,35.716373,139.787064,point,松が谷三丁目１１番１４号,台東区,松が谷,1138,台東区 食品衛生営業施設一覧,894,浅草寺
飲食店,食べる,飲食店営業（一般・居酒屋）,シーフードバル　イブキ,35.716213,139.787018,point,松が谷三丁目１２番１２号,台東区,松が谷,1132,台東区 食品衛生営業施設一覧,894,浅草寺
飲食店,食べる,飲食店営業（一般・居酒屋）,入谷　野風,35.717884,139.786514,point,松が谷四丁目９番７号,台東区,松が谷,1114,台東区 食品衛生営業施設一覧,989,浅草寺
飲食店,食べる,飲食店営業（一般・居酒屋）,和泉屋,35.717823,139.788681,point,松が谷四丁目２４番６号,台東区,松が谷,1304,台東区 食品衛生営業施設一覧,806,浅草寺
飲食店,食べる,飲食店営業（一般・居酒屋）,パンダ厨房,35.718018,139.789154,point,松が谷四丁目２５番９号,台東区,松が谷,1350,台東区 食品衛生営業施設一覧,778,浅草寺
飲食店,食べる,飲食店営業（一般・居酒屋）,みっちゃん,35.718933,139.785919,point,松が谷四丁目２８番５号,台東区,松が谷,1096,台東区 食品衛生営業施設一覧,1084,浅草寺
飲食店,食べる,飲食店営業（一般・居酒屋）,創作　みなつき,35.703049,139.786575,point,三筋一丁目４番１号,台東区,三筋,1771,台東区 食品衛生営業施設一覧,1245,アメヤ横丁
飲食店,食べる,飲食店営業（一般・居酒屋）,?ｋｕｒａｍａｅ,35.703049,139.786575,point,三筋一丁目４番１号,台東区,三筋,1771,台東区 食品衛生営業施設一覧,1245,アメヤ横丁
飲食店,食べる,飲食店営業（一般・居酒屋）,日向酒,35.704811,139.786407,point,三筋二丁目４番２号,台東区,三筋,1611,台東区 食品衛生営業施設一覧,1143,雷門
飲食店,食べる,飲食店営業（一般・居酒屋）,串焼き＆ＴａｐａｓＢＡＲＵ　ＯＫＡＣＨＩ２０番,35.706573,139.785355,point,三筋二丁目２０番８号,台東区,三筋,1403,台東区 食品衛生営業施設一覧,1008,アメヤ横丁
飲食店,食べる,飲食店営業（一般・居酒屋）,ｃａｆ?＆ｗｉｎｅ　Ｂａｒ　Ｓｏｒｒｅｎｔｏ,35.706551,139.785645,point,三筋二丁目２１番８号,台東区,三筋,1423,台東区 食品衛生営業施設一覧,1034,アメヤ横丁
飲食店,食べる,飲食店営業（一般・居酒屋）,０円餃子,35.727501,139.79097,point,三ノ輪一丁目９番４号,台東区,三ノ輪,1990,台東区 食品衛生営業施設一覧,1514,浅草寺
飲食店,食べる,飲食店営業（一般・居酒屋）,かえし酒場　沁－Ｓｈｉｍｉｒｕ－,35.727501,139.79097,point,三ノ輪一丁目９番４号,台東区,三ノ輪,1990,台東区 食品衛生営業施設一覧,1514,浅草寺
飲食店,食べる,飲食店営業（一般・居酒屋）,すばる　三ノ輪駅前店,35.728508,139.791077,point,三ノ輪一丁目２１番２号,台東区,三ノ輪,2074,台東区 食品衛生営業施設一覧,1616,浅草寺
飲食店,食べる,飲食店営業（一般・居酒屋）,和風居酒屋　あかね,35.728863,139.791199,point,三ノ輪一丁目２１番８号,台東区,三ノ輪,2109,台東区 食品衛生営業施設一覧,1651,浅草寺
飲食店,食べる,飲食店営業（一般・居酒屋）,居楽屋　白木屋,35.729668,139.791718,point,三ノ輪一丁目２８番１２号,台東区,三ノ輪,2205,台東区 食品衛生営業施設一覧,1723,浅草寺
飲食店,食べる,飲食店営業（一般・居酒屋）,竹生,35.729797,139.792389,point,三ノ輪二丁目１４番５号,台東区,三ノ輪,2258,台東区 食品衛生営業施設一覧,1722,浅草寺
飲食店,食べる,飲食店営業（一般・居酒屋）,元祖　串八珍　三ノ輪店,35.730507,139.792175,point,三ノ輪二丁目１５番２号,台東区,三ノ輪,2301,台東区 食品衛生営業施設一覧,1803,浅草寺
飲食店,食べる,飲食店営業（一般・居酒屋）,串焼き　ちょびがみ,35.706844,139.784775,point,元浅草一丁目１番１号,台東区,元浅草,1345,台東区 食品衛生営業施設一覧,951,アメヤ横丁
飲食店,食べる,飲食店営業（一般・居酒屋）,ぎょうざ酒場　金楼,35.707218,139.784805,point,元浅草一丁目８番１号,台東区,元浅草,1317,台東区 食品衛生営業施設一覧,947,アメヤ横丁
飲食店,食べる,飲食店営業（一般・居酒屋）,鯉作,35.709293,139.784927,point,元浅草二丁目１番１９号,台東区,元浅草,1174,台東区 食品衛生営業施設一覧,957,アメヤ横丁
飲食店,食べる,飲食店営業（一般・居酒屋）,440,35.710155,139.783249,point,元浅草二丁目５番７号,台東区,元浅草,995,台東区 食品衛生営業施設一覧,825,アメヤ横丁
飲食店,食べる,飲食店営業（一般・居酒屋）,タコのままに、わがままに（ＭＫＣｒｅａｔｅ）,35.707119,139.786743,point,元浅草三丁目１１番３号,台東区,元浅草,1453,台東区 食品衛生営業施設一覧,988,雷門
飲食店,食べる,飲食店営業（一般・居酒屋）,佛蘭西乞食,35.708477,139.786667,point,元浅草三丁目１９番１４号,台東区,元浅草,1354,台東区 食品衛生営業施設一覧,942,雷門
飲食店,食べる,飲食店営業（一般・居酒屋）,ａｒｉ?,35.709301,139.787231,point,元浅草四丁目３番１５号,台東区,元浅草,1346,台東区 食品衛生営業施設一覧,871,雷門
飲食店,食べる,飲食店営業（一般・居酒屋）,九条　Ｔｏｋｙｏ,35.718605,139.766708,point,谷中一丁目２番１０号,台東区,谷中,779,台東区 食品衛生営業施設一覧,703,上野公園
飲食店,食べる,飲食店営業（一般・居酒屋）,慶,35.718983,139.766922,point,谷中一丁目２番１４号,台東区,谷中,781,台東区 食品衛生営業施設一覧,709,上野公園
飲食店,食べる,飲食店営業（一般・居酒屋）,坂,35.719296,139.767578,point,谷中一丁目２番１９号,台東区,谷中,748,台東区 食品衛生営業施設一覧,683,上野公園
飲食店,食べる,飲食店営業（一般・居酒屋）,ムッシュ,35.718929,139.766464,point,谷中一丁目３番４号,台東区,谷中,814,台東区 食品衛生営業施設一覧,740,上野公園
飲食店,食べる,飲食店営業（一般・居酒屋）,さかなのさけ,35.719929,139.765472,point,谷中一丁目４番１５号,台東区,谷中,947,台東区 食品衛生営業施設一覧,876,上野公園
飲食店,食べる,飲食店営業（一般・居酒屋）,清太郎,35.724289,139.765366,point,谷中三丁目１番３号,台東区,谷中,1270,台東区 食品衛生営業施設一覧,1228,上野公園
飲食店,食べる,飲食店営業（一般・居酒屋）,谷中　ときわ,35.725163,139.764191,point,谷中三丁目２番９号,台東区,谷中,1413,台東区 食品衛生営業施設一覧,1369,上野公園
飲食店,食べる,飲食店営業（一般・居酒屋）,すたんど　がっさん,35.727333,139.764816,point,谷中三丁目８番９号,台東区,谷中,1570,台東区 食品衛生営業施設一覧,1539,上野公園
飲食店,食べる,飲食店営業（一般・居酒屋）,Ｅ－ＹＡＮＡＫＡ,35.727467,139.764832,point,谷中三丁目８番１０号,台東区,谷中,1582,台東区 食品衛生営業施設一覧,1551,上野公園
飲食店,食べる,飲食店営業（一般・居酒屋）,谷中銀座　写楽,35.72765,139.765457,point,谷中三丁目９番１５号,台東区,谷中,1569,台東区 食品衛生営業施設一覧,1541,上野公園
飲食店,食べる,飲食店営業（一般・居酒屋）,順の家,35.727127,139.76651,point,谷中三丁目１０番１９号,台東区,谷中,1471,台東区 食品衛生営業施設一覧,1447,上野公園
飲食店,食べる,飲食店営業（一般・居酒屋）,銀座　ゆら刻,35.727806,139.765778,point,谷中三丁目１２番１７号,台東区,谷中,1569,台東区 食品衛生営業施設一覧,1544,上野公園
飲食店,食べる,飲食店営業（一般・居酒屋）,えちごや　立ち飲み部,35.727699,139.765244,point,谷中三丁目１３番２号,台東区,谷中,1584,台東区 食品衛生営業施設一覧,1555,上野公園
飲食店,食べる,飲食店営業（一般・居酒屋）,一休,35.730831,139.764221,point,谷中三丁目２２番７号,台東区,谷中,1931,台東区 食品衛生営業施設一覧,1907,上野公園
飲食店,食べる,飲食店営業（一般・居酒屋）,らいどん,35.730717,139.763046,point,谷中三丁目２４番７号,台東区,谷中,1973,台東区 食品衛生営業施設一覧,1945,上野公園
飲食店,食べる,飲食店営業（一般・居酒屋）,居酒屋　町人,35.723625,139.768677,point,谷中五丁目２番１号,台東区,谷中,1036,台東区 食品衛生営業施設一覧,1011,上野公園
飲食店,食べる,飲食店営業（一般・居酒屋）,酒魂　ｓｈｕ－ｋｏｎ,35.723507,139.768707,point,谷中六丁目３番８号,台東区,谷中,1023,台東区 食品衛生営業施設一覧,998,上野公園
飲食店,食べる,飲食店営業（一般・居酒屋）,居酒屋　桃,35.727242,139.768356,point,谷中七丁目１８番１３号,台東区,谷中,1408,台東区 食品衛生営業施設一覧,1395,上野公園
飲食店,食べる,飲食店営業（一般・居酒屋）,Ｃ’ｅｓｔ　ｑｕｉ？　（セ・キ？）,35.727242,139.768356,point,谷中七丁目１８番１３号,台東区,谷中,1408,台東区 食品衛生営業施設一覧,1395,上野公園
飲食店,食べる,飲食店営業（一般・居酒屋）,あさと,35.727242,139.768356,point,谷中七丁目１８番１３号,台東区,谷中,1408,台東区 食品衛生営業施設一覧,1395,上野公園
飲食店,食べる,飲食店営業（一般・居酒屋）,谷中の雀,35.727242,139.768356,point,谷中七丁目１８番１３号,台東区,谷中,1408,台東区 食品衛生営業施設一覧,1395,上野公園
飲食店,食べる,飲食店営業（一般・居酒屋）,京子,35.727242,139.768356,point,谷中七丁目１８番１３号,台東区,谷中,1408,台東区 食品衛生営業施設一覧,1395,上野公園
飲食店,食べる,飲食店営業（一般・居酒屋）,鈴木,35.727242,139.768356,point,谷中七丁目１８番１３号,台東区,谷中,1408,台東区 食品衛生営業施設一覧,1395,上野公園
飲食店,食べる,飲食店営業（一般・居酒屋）,はな,35.727242,139.768356,point,谷中七丁目１８番１３号,台東区,谷中,1408,台東区 食品衛生営業施設一覧,1395,上野公園
飲食店,食べる,飲食店営業（一般・居酒屋）,麻音酒場,35.727242,139.768356,point,谷中七丁目１８番１３号,台東区,谷中,1408,台東区 食品衛生営業施設一覧,1395,上野公園
飲食店,食べる,飲食店営業（一般・居酒屋）,ｎｅｎｅｃｏｌｏ,35.727242,139.768356,point,谷中七丁目１８番１３号,台東区,谷中,1408,台東区 食品衛生営業施設一覧,1395,上野公園
飲食店,食べる,飲食店営業（一般・居酒屋）,ＳＡＢＯＵ,35.727242,139.768356,point,谷中七丁目１８番１３号,台東区,谷中,1408,台東区 食品衛生営業施設一覧,1395,上野公園
飲食店,食べる,飲食店営業（一般・居酒屋）,雪月花,35.727242,139.768356,point,谷中七丁目１８番１３号,台東区,谷中,1408,台東区 食品衛生営業施設一覧,1395,上野公園
飲食店,食べる,飲食店営業（一般・居酒屋）,季節料理　鈴木,35.727242,139.768356,point,谷中七丁目１８番１３号,台東区,谷中,1408,台東区 食品衛生営業施設一覧,1395,上野公園
飲食店,食べる,飲食店営業（一般・居酒屋）,月の井,35.696491,139.786758,point,柳橋一丁目５番８号,台東区,柳橋,2396,台東区 食品衛生営業施設一覧,1723,アメヤ横丁
飲食店,食べる,飲食店営業（一般・居酒屋）,ときわ,35.69585,139.787979,point,柳橋一丁目８番８号,台東区,柳橋,2511,台東区 食品衛生営業施設一覧,1839,雷門
飲食店,食べる,飲食店営業（一般・居酒屋）,ＳＡＫＥ　ＳＴＲＥＥＴ,35.696804,139.787125,point,柳橋一丁目１１番５号,台東区,柳橋,2381,台東区 食品衛生営業施設一覧,1719,アメヤ横丁
飲食店,食べる,飲食店営業（一般・居酒屋）,鳥番長　浅草橋店,35.696964,139.786255,point,柳橋一丁目１３番４号,台東区,柳橋,2328,台東区 食品衛生営業施設一覧,1654,アメヤ横丁
飲食店,食べる,飲食店営業（一般・居酒屋）,個室居酒屋　星野酒場,35.696964,139.786255,point,柳橋一丁目１３番４号,台東区,柳橋,2328,台東区 食品衛生営業施設一覧,1654,アメヤ横丁
飲食店,食べる,飲食店営業（一般・居酒屋）,ダイニングバー　バンケットＲ,35.696934,139.786667,point,柳橋一丁目１３番１０号,台東区,柳橋,2348,台東区 食品衛生営業施設一覧,1681,アメヤ横丁
飲食店,食べる,飲食店営業（一般・居酒屋）,グランド　クーニー,35.697033,139.787231,point,柳橋一丁目１４番３号,台東区,柳橋,2363,台東区 食品衛生営業施設一覧,1706,アメヤ横丁
飲食店,食べる,飲食店営業（一般・居酒屋）,串衛門,35.697922,139.78685,point,柳橋一丁目２３番３号,台東区,柳橋,2260,台東区 食品衛生営業施設一覧,1611,アメヤ横丁
飲食店,食べる,飲食店営業（一般・居酒屋）,居酒屋Ｒｉｎ　浅草橋本店,35.69804,139.786926,point,柳橋一丁目２３番４号,台東区,柳橋,2252,台東区 食品衛生営業施設一覧,1606,アメヤ横丁
飲食店,食べる,飲食店営業（一般・居酒屋）,ヤキトリ＆バー　チキンプレイス,35.697746,139.787613,point,柳橋一丁目２４番７号,台東区,柳橋,2312,台東区 食品衛生営業施設一覧,1667,雷門
飲食店,食べる,飲食店営業（一般・居酒屋）,ワイン食堂ＫＡＫＯＭＩ,35.697746,139.787613,point,柳橋一丁目２４番７号,台東区,柳橋,2312,台東区 食品衛生営業施設一覧,1667,雷門
飲食店,食べる,飲食店営業（一般・居酒屋）,鶏料理居酒屋ＴＯＲＩＢＩＡＮ,35.698147,139.787491,point,柳橋一丁目３２番４号,台東区,柳橋,2268,台東区 食品衛生営業施設一覧,1634,雷門
飲食店,食べる,飲食店営業（一般・居酒屋）,一心酒場,35.698109,139.78775,point,柳橋一丁目３２番６号,台東区,柳橋,2283,台東区 食品衛生営業施設一覧,1626,雷門
飲食店,食べる,飲食店営業（一般・居酒屋）,創作料理　禅弥,35.698719,139.787369,point,柳橋二丁目６番４号,台東区,柳橋,2208,台東区 食品衛生営業施設一覧,1583,アメヤ横丁
飲食店,食べる,飲食店営業（一般・居酒屋）,Ｓｐｉｃｅ　Ｌｉｆｅ　Ａｓａｋｕｓａ,35.699291,139.787735,point,柳橋二丁目１４番２号,台東区,柳橋,2172,台東区 食品衛生営業施設一覧,1514,雷門
飲食店,食べる,飲食店営業（一般・居酒屋）,いりやん,35.722706,139.786987,point,竜泉一丁目９番２号,台東区,竜泉,1377,台東区 食品衛生営業施設一覧,1251,浅草寺
飲食店,食べる,飲食店営業（一般・居酒屋）,焼酎ダイニング　いっぺこっぺ,35.722706,139.786987,point,竜泉一丁目９番２号,台東区,竜泉,1377,台東区 食品衛生営業施設一覧,1251,浅草寺
飲食店,食べる,飲食店営業（一般・居酒屋）,酒侑笑　Ｊｕ・Ｙｕ・Ｓｏ,35.724586,139.787735,point,竜泉一丁目２９番４号,台東区,竜泉,1558,台東区 食品衛生営業施設一覧,1366,浅草寺
飲食店,食べる,飲食店営業（一般・居酒屋）,菜の花,35.724777,139.790344,point,竜泉二丁目２番１号,台東区,竜泉,1757,台東区 食品衛生営業施設一覧,1259,浅草寺
飲食店,食べる,飲食店営業（一般・居酒屋）,炭火焼　昴,35.726654,139.790436,point,竜泉二丁目１４番９号,台東区,竜泉,1892,台東区 食品衛生営業施設一覧,1444,浅草寺
飲食店,食べる,飲食店営業（一般・居酒屋）,Ｗｏｒｌｄ　Ｂｅｅｒ　せかビー,35.728069,139.790222,point,竜泉二丁目２０番８号,台東区,竜泉,1984,台東区 食品衛生営業施設一覧,1597,浅草寺
飲食店,食べる,飲食店営業（一般・居酒屋）,居酒屋　みやこ,35.724148,139.79216,point,竜泉三丁目１１番１２号,台東区,竜泉,1856,台東区 食品衛生営業施設一覧,1127,浅草寺
飲食店,食べる,飲食店営業（一般・居酒屋）,ＧＡＮＥＳＡ　はなれ,35.724148,139.79216,point,竜泉三丁目１１番１２号,台東区,竜泉,1856,台東区 食品衛生営業施設一覧,1127,浅草寺
飲食店,食べる,飲食店営業（一般・居酒屋）,呑処　いつき,35.726456,139.791046,point,竜泉三丁目４４番４号,台東区,竜泉,1920,台東区 食品衛生営業施設一覧,1403,浅草寺
飲食店,食べる,飲食店営業（一般・軽食喫茶）,エリエート,35.702084,139.775101,point,秋葉原３番１１号,台東区,秋葉原,1504,台東区 食品衛生営業施設一覧,694,アメヤ横丁
飲食店,食べる,飲食店営業（一般・軽食喫茶）,ＩＴＡＬＩＡのじぇらぁとや,35.711395,139.797089,point,浅草一丁目１番７号,台東区,浅草,2092,台東区 食品衛生営業施設一覧,71,仲見世通り
飲食店,食べる,飲食店営業（一般・軽食喫茶）,食処・茶処　かと里,35.711681,139.797363,point,浅草一丁目１番１１号,台東区,浅草,2110,台東区 食品衛生営業施設一覧,73,仲見世通り
飲食店,食べる,飲食店営業（一般・軽食喫茶）,株式会社　東洋,35.711655,139.797546,point,浅草一丁目１番１２号,台東区,浅草,2126,台東区 食品衛生営業施設一覧,90,仲見世通り
飲食店,食べる,飲食店営業（一般・軽食喫茶）,カフェ・ド　ママ３,35.711655,139.797546,point,浅草一丁目１番１２号,台東区,浅草,2126,台東区 食品衛生営業施設一覧,90,仲見世通り
飲食店,食べる,飲食店営業（一般・軽食喫茶）,ＳＨＩＦＵＫＵ,35.711655,139.797546,point,浅草一丁目１番１２号,台東区,浅草,2126,台東区 食品衛生営業施設一覧,90,仲見世通り
飲食店,食べる,飲食店営業（一般・軽食喫茶）,ドライブイン電電,35.711655,139.797546,point,浅草一丁目１番１２号,台東区,浅草,2126,台東区 食品衛生営業施設一覧,90,仲見世通り
飲食店,食べる,飲食店営業（一般・軽食喫茶）,株式会社　紀文堂総本店,35.710972,139.796707,point,浅草一丁目２番２号,台東区,浅草,2070,台東区 食品衛生営業施設一覧,19,雷門
飲食店,食べる,飲食店営業（一般・軽食喫茶）,火消魂　音組　（ＨｉＫＥＳＨｉ　ＳＰｉＲｉＴ　ＯＴＯＧＵＭＩ）,35.711464,139.796799,point,浅草一丁目２番９号,台東区,浅草,2065,台東区 食品衛生営業施設一覧,52,仲見世通り
飲食店,食べる,飲食店営業（一般・軽食喫茶）,纏（まとい）,35.711086,139.795898,point,浅草一丁目３番３号,台東区,浅草,1996,台東区 食品衛生営業施設一覧,79,雷門
飲食店,食べる,飲食店営業（一般・軽食喫茶）,浅草シルクプリン,35.711281,139.795441,point,浅草一丁目４番１１号,台東区,浅草,1951,台東区 食品衛生営業施設一覧,125,仲見世通り
飲食店,食べる,飲食店営業（一般・軽食喫茶）,ＧＲＡＮＯ　ＶＡＲＩＯ　浅草雷門店,35.71133,139.793793,point,浅草一丁目６番２号,台東区,浅草,1805,台東区 食品衛生営業施設一覧,261,仲見世通り
飲食店,食べる,飲食店営業（一般・軽食喫茶）,マウンテン,35.711426,139.793152,point,浅草一丁目８番２号,台東区,浅草,1747,台東区 食品衛生営業施設一覧,316,仲見世通り
飲食店,食べる,飲食店営業（一般・軽食喫茶）,メイド喫茶　紡,35.711628,139.793091,point,浅草一丁目８番４号,台東区,浅草,1736,台東区 食品衛生営業施設一覧,318,仲見世通り
飲食店,食べる,飲食店営業（一般・軽食喫茶）,かりい乃,35.711666,139.79335,point,浅草一丁目８番６号,台東区,浅草,1757,台東区 食品衛生営業施設一覧,295,仲見世通り
飲食店,食べる,飲食店営業（一般・軽食喫茶）,浅草　いづ美,35.711666,139.79335,point,浅草一丁目８番６号,台東区,浅草,1757,台東区 食品衛生営業施設一覧,295,仲見世通り
飲食店,食べる,飲食店営業（一般・軽食喫茶）,鬼そば　藤谷,35.711521,139.792358,point,浅草一丁目１０番２号,台東区,浅草,1675,台東区 食品衛生営業施設一覧,385,仲見世通り
飲食店,食べる,飲食店営業（一般・軽食喫茶）,つつむ。,35.712231,139.792862,point,浅草一丁目１２番６号,台東区,浅草,1700,台東区 食品衛生営業施設一覧,339,仲見世通り
飲食店,食べる,飲食店営業（一般・軽食喫茶）,Ｈａｎｄ　Ｒｏｌｌ　Ｔｏｋｙｏ,35.712231,139.792862,point,浅草一丁目１２番６号,台東区,浅草,1700,台東区 食品衛生営業施設一覧,339,仲見世通り
飲食店,食べる,飲食店営業（一般・軽食喫茶）,Ｙｕ　Ｍｅ　ｏｎｅ　ｃｏｆｆｅｅ,35.712032,139.793777,point,浅草一丁目１４番７号,台東区,浅草,1785,台東区 食品衛生営業施設一覧,255,仲見世通り
飲食店,食べる,飲食店営業（一般・軽食喫茶）,餅屋半兵衛,35.711716,139.793823,point,浅草一丁目１５番３号,台東区,浅草,1797,台東区 食品衛生営業施設一覧,252,仲見世通り
飲食店,食べる,飲食店営業（一般・軽食喫茶）,ｔａｎｕｋｉ　ｃａｆｅ　＆　ｂａｒ,35.711926,139.794281,point,浅草一丁目１６番７号,台東区,浅草,1832,台東区 食品衛生営業施設一覧,209,仲見世通り
飲食店,食べる,飲食店営業（一般・軽食喫茶）,栗歩といもこ　浅草雷門店,35.711857,139.794601,point,浅草一丁目１６番９号,台東区,浅草,1862,台東区 食品衛生営業施設一覧,181,仲見世通り
飲食店,食べる,飲食店営業（一般・軽食喫茶）,ＤＯＬＣＥ　ＦＥＳＴＡ　ＡＳＡＫＵＳＡ,35.71162,139.794647,point,浅草一丁目１６番１１号,台東区,浅草,1872,台東区 食品衛生営業施設一覧,179,仲見世通り
飲食店,食べる,飲食店営業（一般・軽食喫茶）,Ａｌｃｈｅｍｉｓｔ　Ａｓａｋｕｓａ,35.711468,139.794876,point,浅草一丁目１７番４号,台東区,浅草,1896,台東区 食品衛生営業施設一覧,163,仲見世通り
飲食店,食べる,飲食店営業（一般・軽食喫茶）,くくりひめ珈琲　浅草店,35.711525,139.795563,point,浅草一丁目１８番８号,台東区,浅草,1955,台東区 食品衛生営業施設一覧,102,仲見世通り
飲食店,食べる,飲食店営業（一般・軽食喫茶）,ＫＡＭＩＮＡＲＩ　－ｃａｆｅ＆ｂａｒ－,35.71154,139.795975,point,浅草一丁目１８番１１号,台東区,浅草,1991,台東区 食品衛生営業施設一覧,69,仲見世通り
飲食店,食べる,飲食店営業（一般・軽食喫茶）,浅草花月堂　雷門店,35.71154,139.795975,point,浅草一丁目１８番１１号,台東区,浅草,1991,台東区 食品衛生営業施設一覧,69,仲見世通り
飲食店,食べる,飲食店営業（一般・軽食喫茶）,いちごの国　ゾーナ,35.711491,139.796432,point,浅草一丁目１８番１２号,台東区,浅草,2032,台東区 食品衛生営業施設一覧,48,仲見世通り
飲食店,食べる,飲食店営業（一般・軽食喫茶）,浅草そらつき　本店,35.711582,139.796539,point,浅草一丁目１９番４号,台東区,浅草,2039,台東区 食品衛生営業施設一覧,36,仲見世通り
飲食店,食べる,飲食店営業（一般・軽食喫茶）,ＲＵＭＢＬＥ　ＣＲＵＭＢＬＥ　浅草店,35.711658,139.797028,point,浅草一丁目１９番９号,台東区,浅草,2081,台東区 食品衛生営業施設一覧,47,仲見世通り
飲食店,食べる,飲食店営業（一般・軽食喫茶）,寺子屋本舗直営店　仲見世モリタ,35.711498,139.796432,point,浅草一丁目２０番１号,台東区,浅草,2032,台東区 食品衛生営業施設一覧,47,仲見世通り
飲食店,食べる,飲食店営業（一般・軽食喫茶）,舟和　仲見世３号店,35.711498,139.796432,point,浅草一丁目２０番１号,台東区,浅草,2032,台東区 食品衛生営業施設一覧,47,仲見世通り
飲食店,食べる,飲食店営業（一般・軽食喫茶）,喜久屋,35.711498,139.796432,point,浅草一丁目２０番１号,台東区,浅草,2032,台東区 食品衛生営業施設一覧,47,仲見世通り
飲食店,食べる,飲食店営業（一般・軽食喫茶）,カフェ・ド・ラーク,35.71154,139.79628,point,浅草一丁目２０番２号,台東区,浅草,2018,台東区 食品衛生営業施設一覧,49,仲見世通り
飲食店,食べる,飲食店営業（一般・軽食喫茶）,くろげ浅草雷門店,35.71154,139.79628,point,浅草一丁目２０番２号,台東区,浅草,2018,台東区 食品衛生営業施設一覧,49,仲見世通り
飲食店,食べる,飲食店営業（一般・軽食喫茶）,Ｎｏｔ　Ｓｕｓｐｉｃｉｏｕｓ,35.71154,139.79628,point,浅草一丁目２０番２号,台東区,浅草,2018,台東区 食品衛生営業施設一覧,49,仲見世通り
飲食店,食べる,飲食店営業（一般・軽食喫茶）,金龍,35.711563,139.796112,point,浅草一丁目２０番３号,台東区,浅草,2002,台東区 食品衛生営業施設一覧,58,仲見世通り
飲食店,食べる,飲食店営業（一般・軽食喫茶）,代官山　Ｃａｎｄｙ　Ａｐｐｌｅ　浅草新仲見世店,35.711868,139.795853,point,浅草一丁目２０番１０号,台東区,浅草,1972,台東区 食品衛生営業施設一覧,68,仲見世通り
飲食店,食べる,飲食店営業（一般・軽食喫茶）,浅草　満願堂,35.711781,139.794861,point,浅草一丁目２１番５号,台東区,浅草,1887,台東区 食品衛生営業施設一覧,158,仲見世通り
飲食店,食べる,飲食店営業（一般・軽食喫茶）,おいもやさん興伸　オレンジ通り店,35.711781,139.794861,point,浅草一丁目２１番５号,台東区,浅草,1887,台東区 食品衛生営業施設一覧,158,仲見世通り
飲食店,食べる,飲食店営業（一般・軽食喫茶）,Ｖｅｇａｎ　Ｅａｔ　Ｔｏｋｙｏ,35.712032,139.794037,point,浅草一丁目２２番５号,台東区,浅草,1808,台東区 食品衛生営業施設一覧,232,仲見世通り
飲食店,食べる,飲食店営業（一般・軽食喫茶）,喫茶　メロー,35.712132,139.794312,point,浅草一丁目２２番８号,台東区,浅草,1830,台東区 食品衛生営業施設一覧,208,仲見世通り
飲食店,食べる,飲食店営業（一般・軽食喫茶）,浅草シルクプリン　新仲見世店,35.71209,139.794464,point,浅草一丁目２２番９号,台東区,浅草,1844,台東区 食品衛生営業施設一覧,194,仲見世通り
飲食店,食べる,飲食店営業（一般・軽食喫茶）,株式会社舟和本店　本店ふなわホール,35.712044,139.794632,point,浅草一丁目２２番１０号,台東区,浅草,1860,台東区 食品衛生営業施設一覧,178,仲見世通り
飲食店,食べる,飲食店営業（一般・軽食喫茶）,星乃珈琲店　浅草店,35.712368,139.79332,point,浅草一丁目２３番６号,台東区,浅草,1737,台東区 食品衛生営業施設一覧,301,仲見世通り
飲食店,食べる,飲食店営業（一般・軽食喫茶）,ハトヤ,35.712315,139.793655,point,浅草一丁目２３番８号,台東区,浅草,1768,台東区 食品衛生営業施設一覧,270,仲見世通り
飲食店,食べる,飲食店営業（一般・軽食喫茶）,コッペ田島　浅草ＲＯＸ店,35.712261,139.792999,point,浅草一丁目２４番１号,台東区,浅草,1711,台東区 食品衛生営業施設一覧,328,仲見世通り
飲食店,食べる,飲食店営業（一般・軽食喫茶）,珈琲店　アロマ,35.712383,139.792419,point,浅草一丁目２４番５号,台東区,浅草,1657,台東区 食品衛生営業施設一覧,381,仲見世通り
飲食店,食べる,飲食店営業（一般・軽食喫茶）,ドトールコーヒーショップ　浅草ＲＯＸ店,35.71294,139.793137,point,浅草一丁目２５番１５号,台東区,浅草,1708,台東区 食品衛生営業施設一覧,333,仲見世通り
飲食店,食べる,飲食店営業（一般・軽食喫茶）,サンマルクカフェ　浅草ＲＯＸ店,35.71294,139.793137,point,浅草一丁目２５番１５号,台東区,浅草,1708,台東区 食品衛生営業施設一覧,333,仲見世通り
飲食店,食べる,飲食店営業（一般・軽食喫茶）,マリオンクレープ　浅草ＲＯＸ店,35.71294,139.793137,point,浅草一丁目２５番１５号,台東区,浅草,1708,台東区 食品衛生営業施設一覧,333,仲見世通り
飲食店,食べる,飲食店営業（一般・軽食喫茶）,ゴンチャ　浅草ＲＯＸ店,35.71294,139.793137,point,浅草一丁目２５番１５号,台東区,浅草,1708,台東区 食品衛生営業施設一覧,333,仲見世通り
飲食店,食べる,飲食店営業（一般・軽食喫茶）,Ｓｔｒａｗｂｅｒｒｙ　Ｆｅｔｉｓｈ　浅草ＲＯＸ・３Ｇ店,35.712658,139.793259,point,浅草一丁目２６番５号,台東区,浅草,1725,台東区 食品衛生営業施設一覧,313,仲見世通り
飲食店,食べる,飲食店営業（一般・軽食喫茶）,Ｂｅｎ’ｓ　Ｃｏｏｋｉｅｓ　浅草ＲＯＸ３Ｇ店,35.712658,139.793259,point,浅草一丁目２６番５号,台東区,浅草,1725,台東区 食品衛生営業施設一覧,313,仲見世通り
飲食店,食べる,飲食店営業（一般・軽食喫茶）,ＨＡＬＵ　ＨＡＬＵ’ｓ　２４　ＣＡＦＥ,35.711979,139.795456,point,浅草一丁目２９番１号,台東区,浅草,1934,台東区 食品衛生営業施設一覧,104,仲見世通り
飲食店,食べる,飲食店営業（一般・軽食喫茶）,Ｃａｆｅ　１７／Ｆ,35.711998,139.795288,point,浅草一丁目２９番２号,台東区,浅草,1919,台東区 食品衛生営業施設一覧,119,仲見世通り
飲食店,食べる,飲食店営業（一般・軽食喫茶）,Ｌｅ’ＲＩＣＥＢＥＲＲＹ×ＹＯＧＨＵＲＴ,35.711998,139.795288,point,浅草一丁目２９番２号,台東区,浅草,1919,台東区 食品衛生営業施設一覧,119,仲見世通り
飲食店,食べる,飲食店営業（一般・軽食喫茶）,甘味処　さびと　Ａｓａｋｕｓａ,35.711998,139.795288,point,浅草一丁目２９番２号,台東区,浅草,1919,台東区 食品衛生営業施設一覧,119,仲見世通り
飲食店,食べる,飲食店営業（一般・軽食喫茶）,１０円パン,35.711998,139.795288,point,浅草一丁目２９番２号,台東区,浅草,1919,台東区 食品衛生営業施設一覧,119,仲見世通り
飲食店,食べる,飲食店営業（一般・軽食喫茶）,小麦の禁断症状　浅草店,35.711998,139.795288,point,浅草一丁目２９番２号,台東区,浅草,1919,台東区 食品衛生営業施設一覧,119,仲見世通り
飲食店,食べる,飲食店営業（一般・軽食喫茶）,Ｃｒｅａｍ　Ｌａｂ,35.711998,139.795288,point,浅草一丁目２９番２号,台東区,浅草,1919,台東区 食品衛生営業施設一覧,119,仲見世通り
飲食店,食べる,飲食店営業（一般・軽食喫茶）,ＧＥＩＳＨＡ　ＣＯＦＦＥＥ,35.711998,139.795288,point,浅草一丁目２９番２号,台東区,浅草,1919,台東区 食品衛生営業施設一覧,119,仲見世通り
飲食店,食べる,飲食店営業（一般・軽食喫茶）,たい焼きさわ田　浅草店,35.711998,139.795288,point,浅草一丁目２９番２号,台東区,浅草,1919,台東区 食品衛生営業施設一覧,119,仲見世通り
飲食店,食べる,飲食店営業（一般・軽食喫茶）,［ククク］浅草店,35.711998,139.795288,point,浅草一丁目２９番２号,台東区,浅草,1919,台東区 食品衛生営業施設一覧,119,仲見世通り
飲食店,食べる,飲食店営業（一般・軽食喫茶）,浅草　団子　伊勢晴,35.711998,139.795288,point,浅草一丁目２９番２号,台東区,浅草,1919,台東区 食品衛生営業施設一覧,119,仲見世通り
飲食店,食べる,飲食店営業（一般・軽食喫茶）,抹茶スタンド　豆と茶　浅草店,35.711998,139.795288,point,浅草一丁目２９番２号,台東区,浅草,1919,台東区 食品衛生営業施設一覧,119,仲見世通り
飲食店,食べる,飲食店営業（一般・軽食喫茶）,浅草の豆柴カフェ,35.712017,139.79512,point,浅草一丁目２９番３号,台東区,浅草,1904,台東区 食品衛生営業施設一覧,134,仲見世通り
飲食店,食べる,飲食店営業（一般・軽食喫茶）,浅草カフェ,35.712032,139.794968,point,浅草一丁目２９番４号,台東区,浅草,1890,台東区 食品衛生営業施設一覧,148,仲見世通り
飲食店,食べる,飲食店営業（一般・軽食喫茶）,豆徳,35.712032,139.794968,point,浅草一丁目２９番４号,台東区,浅草,1890,台東区 食品衛生営業施設一覧,148,仲見世通り
飲食店,食べる,飲食店営業（一般・軽食喫茶）,カヌレとアイス,35.712032,139.794968,point,浅草一丁目２９番４号,台東区,浅草,1890,台東区 食品衛生営業施設一覧,148,仲見世通り
飲食店,食べる,飲食店営業（一般・軽食喫茶）,萬波島嶼紅茶専門店　浅草店,35.712109,139.794922,point,浅草一丁目２９番５号,台東区,浅草,1884,台東区 食品衛生営業施設一覧,153,仲見世通り
飲食店,食べる,飲食店営業（一般・軽食喫茶）,茶室ニゴウ,35.712143,139.795563,point,浅草一丁目２９番１１号,台東区,浅草,1940,台東区 食品衛生営業施設一覧,97,仲見世通り
飲食店,食べる,飲食店営業（一般・軽食喫茶）,ＭＡＣＣＨＡ　ＨＯＵＳＥ　抹茶館　浅草店,35.711956,139.79567,point,浅草一丁目３０番６号,台東区,浅草,1954,台東区 食品衛生営業施設一覧,84,仲見世通り
飲食店,食べる,飲食店営業（一般・軽食喫茶）,ほーりぃ,35.712143,139.795639,point,浅草一丁目３０番８号,台東区,浅草,1947,台東区 食品衛生営業施設一覧,91,仲見世通り
飲食店,食べる,飲食店営業（一般・軽食喫茶）,ｓｙｒｕｐ,35.712151,139.796066,point,浅草一丁目３０番１１号,台東区,浅草,1984,台東区 食品衛生営業施設一覧,56,仲見世通り
飲食店,食べる,飲食店営業（一般・軽食喫茶）,銀花堂,35.712151,139.796066,point,浅草一丁目３０番１１号,台東区,浅草,1984,台東区 食品衛生営業施設一覧,56,仲見世通り
飲食店,食べる,飲食店営業（一般・軽食喫茶）,杵福,35.712116,139.796524,point,浅草一丁目３０番１２号,台東区,浅草,2026,台東区 食品衛生営業施設一覧,25,仲見世通り
飲食店,食べる,飲食店営業（一般・軽食喫茶）,壱番屋,35.712154,139.796478,point,浅草一丁目３１番１号,台東区,浅草,2021,台東区 食品衛生営業施設一覧,30,仲見世通り
飲食店,食べる,飲食店営業（一般・軽食喫茶）,金箔屋卯兵衛,35.712425,139.79567,point,浅草一丁目３１番８号,台東区,浅草,1944,台東区 食品衛生営業施設一覧,102,仲見世通り
飲食店,食べる,飲食店営業（一般・軽食喫茶）,梅園,35.712414,139.796265,point,浅草一丁目３１番１２号,台東区,浅草,1997,台東区 食品衛生営業施設一覧,65,仲見世通り
飲食店,食べる,飲食店営業（一般・軽食喫茶）,さぬき御菓子　泰浩屋,35.711781,139.796936,point,浅草一丁目３２番１号,台東区,浅草,2070,台東区 食品衛生営業施設一覧,33,仲見世通り
飲食店,食べる,飲食店営業（一般・軽食喫茶）,彩夏　はなれ,35.711803,139.796783,point,浅草一丁目３２番２号,台東区,浅草,2056,台東区 食品衛生営業施設一覧,20,仲見世通り
飲食店,食べる,飲食店営業（一般・軽食喫茶）,彩夏,35.711819,139.796631,point,浅草一丁目３２番３号,台東区,浅草,2042,台東区 食品衛生営業施設一覧,9,仲見世通り
飲食店,食べる,飲食店営業（一般・軽食喫茶）,まねき猫,35.712299,139.796631,point,浅草一丁目３２番７号,台東区,浅草,2032,台東区 食品衛生営業施設一覧,44,仲見世通り
飲食店,食べる,飲食店営業（一般・軽食喫茶）,雷レモンサワー,35.712357,139.79689,point,浅草一丁目３２番９号,台東区,浅草,2053,台東区 食品衛生営業施設一覧,57,仲見世通り
飲食店,食べる,飲食店営業（一般・軽食喫茶）,みつや,35.712017,139.797058,point,浅草一丁目３２番１３号,台東区,浅草,2075,台東区 食品衛生営業施設一覧,43,仲見世通り
飲食店,食べる,飲食店営業（一般・軽食喫茶）,むっちゃん万十　浅草店,35.712017,139.797058,point,浅草一丁目３２番１３号,台東区,浅草,2075,台東区 食品衛生営業施設一覧,43,仲見世通り
飲食店,食べる,飲食店営業（一般・軽食喫茶）,日本マクドナルド㈱浅草店,35.711758,139.797226,point,浅草一丁目３３番３号,台東区,浅草,2096,台東区 食品衛生営業施設一覧,59,仲見世通り
飲食店,食べる,飲食店営業（一般・軽食喫茶）,祇園京くらら,35.711758,139.797226,point,浅草一丁目３３番３号,台東区,浅草,2096,台東区 食品衛生営業施設一覧,59,仲見世通り
飲食店,食べる,飲食店営業（一般・軽食喫茶）,祇園京くらら　浅草店,35.711758,139.797226,point,浅草一丁目３３番３号,台東区,浅草,2096,台東区 食品衛生営業施設一覧,59,仲見世通り
飲食店,食べる,飲食店営業（一般・軽食喫茶）,ニューライト,35.711842,139.797119,point,浅草一丁目３３番４号,台東区,浅草,2084,台東区 食品衛生営業施設一覧,47,仲見世通り
飲食店,食べる,飲食店営業（一般・軽食喫茶）,和風喫茶　鉢の木,35.712315,139.797424,point,浅草一丁目３４番７号,台東区,浅草,2102,台東区 食品衛生営業施設一覧,88,仲見世通り
飲食店,食べる,飲食店営業（一般・軽食喫茶）,ＣＯＦＦＥＥＳＨＯＰ　シルク,35.712223,139.797684,point,浅草一丁目３４番９号,台東区,浅草,2127,台東区 食品衛生営業施設一覧,104,仲見世通り
飲食店,食べる,飲食店営業（一般・軽食喫茶）,和風御茶処　茜,35.712223,139.797684,point,浅草一丁目３４番９号,台東区,浅草,2127,台東区 食品衛生営業施設一覧,104,仲見世通り
飲食店,食べる,飲食店営業（一般・軽食喫茶）,代官山　Ｃａｎｄｙ　ａｐｐｌｅ　浅草店,35.712223,139.797684,point,浅草一丁目３４番９号,台東区,浅草,2127,台東区 食品衛生営業施設一覧,104,仲見世通り
飲食店,食べる,飲食店営業（一般・軽食喫茶）,浅草　琥珀堂　１階,35.712666,139.797638,point,浅草一丁目３５番８号,台東区,浅草,2114,台東区 食品衛生営業施設一覧,127,仲見世通り
飲食店,食べる,飲食店営業（一般・軽食喫茶）,浅草　琥珀堂　２階,35.712666,139.797638,point,浅草一丁目３５番８号,台東区,浅草,2114,台東区 食品衛生営業施設一覧,127,仲見世通り
飲食店,食べる,飲食店営業（一般・軽食喫茶）,ミルクホール　ラ・プラージュ,35.712433,139.797699,point,浅草一丁目３５番１０号,台東区,浅草,2124,台東区 食品衛生営業施設一覧,116,仲見世通り
飲食店,食べる,飲食店営業（一般・軽食喫茶）,ＢＵＴＴＥＲ　ＪＵＷＥＲ,35.712505,139.796646,point,浅草一丁目３６番４号,台東区,浅草,2029,台東区 食品衛生営業施設一覧,67,仲見世通り
飲食店,食べる,飲食店営業（一般・軽食喫茶）,アモール,35.712498,139.797119,point,浅草一丁目３６番１１号,台東区,浅草,2071,台東区 食品衛生営業施設一覧,81,仲見世通り
飲食店,食べる,飲食店営業（一般・軽食喫茶）,アイスの沼,35.712776,139.795532,point,浅草一丁目３８番１０号,台東区,浅草,1925,台東区 食品衛生営業施設一覧,137,仲見世通り
飲食店,食べる,飲食店営業（一般・軽食喫茶）,ローヤル珈琲店,35.712742,139.794388,point,浅草一丁目３９番７号,台東区,浅草,1823,台東区 食品衛生営業施設一覧,221,仲見世通り
飲食店,食べる,飲食店営業（一般・軽食喫茶）,浅草苺座　伝法院通り店,35.712807,139.794662,point,浅草一丁目３９番１０号,台東区,浅草,1847,台東区 食品衛生営業施設一覧,202,仲見世通り
飲食店,食べる,飲食店営業（一般・軽食喫茶）,１００８　浅草店,35.712799,139.794815,point,浅草一丁目３９番１１号,台東区,浅草,1860,台東区 食品衛生営業施設一覧,190,仲見世通り
飲食店,食べる,飲食店営業（一般・軽食喫茶）,雷,35.712799,139.794815,point,浅草一丁目３９番１１号,台東区,浅草,1860,台東区 食品衛生営業施設一覧,190,仲見世通り
飲食店,食べる,飲食店営業（一般・軽食喫茶）,のたじカフェ,35.712715,139.794037,point,浅草一丁目４０番２号,台東区,浅草,1793,台東区 食品衛生営業施設一覧,249,仲見世通り
飲食店,食べる,飲食店営業（一般・軽食喫茶）,Ｂｅｉｊｕ　ｏｕ　Ｂｅｉｊｏ,35.712875,139.794083,point,浅草一丁目４０番５号,台東区,浅草,1794,台東区 食品衛生営業施設一覧,252,仲見世通り
飲食店,食べる,飲食店営業（一般・軽食喫茶）,花の木コーヒー,35.712875,139.794083,point,浅草一丁目４０番５号,台東区,浅草,1794,台東区 食品衛生営業施設一覧,252,仲見世通り
飲食店,食べる,飲食店営業（一般・軽食喫茶）,軽食と喫茶　ベル,35.713078,139.793716,point,浅草一丁目４１番５号,台東区,浅草,1757,台東区 食品衛生営業施設一覧,291,仲見世通り
飲食店,食べる,飲食店営業（一般・軽食喫茶）,Ｌｉｔｔｌｅ　Ｃａｆｅ　六平くん,35.713078,139.793716,point,浅草一丁目４１番５号,台東区,浅草,1757,台東区 食品衛生営業施設一覧,291,仲見世通り
飲食店,食べる,飲食店営業（一般・軽食喫茶）,浅草ＤＯＮ,35.713223,139.793777,point,浅草一丁目４１番７号,台東区,浅草,1760,台東区 食品衛生営業施設一覧,294,仲見世通り
飲食店,食べる,飲食店営業（一般・軽食喫茶）,アリランホットドック,35.713154,139.793915,point,浅草一丁目４１番８号,台東区,浅草,1774,台東区 食品衛生営業施設一覧,280,仲見世通り
飲食店,食べる,飲食店営業（一般・軽食喫茶）,天国,35.713078,139.794052,point,浅草一丁目４１番９号,台東区,浅草,1787,台東区 食品衛生営業施設一覧,265,仲見世通り
飲食店,食べる,飲食店営業（一般・軽食喫茶）,浅草クレープ,35.713078,139.794052,point,浅草一丁目４１番９号,台東区,浅草,1787,台東区 食品衛生営業施設一覧,265,仲見世通り
飲食店,食べる,飲食店営業（一般・軽食喫茶）,門仲どらやき　どら山　浅草店,35.713161,139.793289,point,浅草一丁目４２番４号,台東区,浅草,1718,台東区 食品衛生営業施設一覧,330,仲見世通り
飲食店,食べる,飲食店営業（一般・軽食喫茶）,東洋館内売店,35.71349,139.793182,point,浅草一丁目４３番１２号,台東区,浅草,1703,台東区 食品衛生営業施設一覧,350,浅草寺
飲食店,食べる,飲食店営業（一般・軽食喫茶）,浅草苺座,35.712788,139.797302,point,浅草二丁目１番３号,台東区,浅草,2082,台東区 食品衛生営業施設一覧,117,仲見世通り
飲食店,食べる,飲食店営業（一般・軽食喫茶）,コーヒーショップ　カリブ,35.712822,139.797073,point,浅草二丁目２番１号,台東区,浅草,2061,台東区 食品衛生営業施設一覧,111,仲見世通り
飲食店,食べる,飲食店営業（一般・軽食喫茶）,雷一茶　伝法院通り店,35.712841,139.796906,point,浅草二丁目２番２号,台東区,浅草,2046,台東区 食品衛生営業施設一覧,108,仲見世通り
飲食店,食べる,飲食店営業（一般・軽食喫茶）,大正ロマン館,35.712933,139.796692,point,浅草二丁目２番４号,台東区,浅草,2025,台東区 食品衛生営業施設一覧,115,仲見世通り
飲食店,食べる,飲食店営業（一般・軽食喫茶）,キャンデー,35.713062,139.796707,point,浅草二丁目２番５号,台東区,浅草,2025,台東区 食品衛生営業施設一覧,130,仲見世通り
飲食店,食べる,飲食店営業（一般・軽食喫茶）,よ兵衛,35.713326,139.796738,point,浅草二丁目２番７号,台東区,浅草,2024,台東区 食品衛生営業施設一覧,155,浅草寺
飲食店,食べる,飲食店営業（一般・軽食喫茶）,木村家本店　支店,35.71352,139.796844,point,浅草二丁目２番９号,台東区,浅草,2031,台東区 食品衛生営業施設一覧,134,浅草寺
飲食店,食べる,飲食店営業（一般・軽食喫茶）,茶和々　浅草店,35.713509,139.796997,point,浅草二丁目２番１０号,台東区,浅草,2044,台東区 食品衛生営業施設一覧,136,浅草寺
飲食店,食べる,飲食店営業（一般・軽食喫茶）,青柳総本家　浅草店,35.713154,139.797195,point,浅草二丁目２番１４号,台東区,浅草,2067,台東区 食品衛生営業施設一覧,149,仲見世通り
飲食店,食べる,飲食店営業（一般・軽食喫茶）,浅草ちょうちんもなか,35.712856,139.796585,point,浅草二丁目３番１号,台東区,浅草,2017,台東区 食品衛生営業施設一覧,106,仲見世通り
飲食店,食べる,飲食店営業（一般・軽食喫茶）,あげまんじゅう九重,35.712856,139.796585,point,浅草二丁目３番１号,台東区,浅草,2017,台東区 食品衛生営業施設一覧,106,仲見世通り
飲食店,食べる,飲食店営業（一般・軽食喫茶）,鳩家,35.71286,139.796219,point,浅草二丁目３番３号,台東区,浅草,1984,台東区 食品衛生営業施設一覧,112,仲見世通り
飲食店,食べる,飲食店営業（一般・軽食喫茶）,かねすえ浅草伝法院通り店,35.71286,139.796219,point,浅草二丁目３番３号,台東区,浅草,1984,台東区 食品衛生営業施設一覧,112,仲見世通り
飲食店,食べる,飲食店営業（一般・軽食喫茶）,成星東京,35.71286,139.796219,point,浅草二丁目３番３号,台東区,浅草,1984,台東区 食品衛生営業施設一覧,112,仲見世通り
飲食店,食べる,飲食店営業（一般・軽食喫茶）,豊福,35.712856,139.796036,point,浅草二丁目３番４号,台東区,浅草,1968,台東区 食品衛生営業施設一覧,118,仲見世通り
飲食店,食べる,飲食店営業（一般・軽食喫茶）,芋ぴっぴ。浅草店,35.714176,139.794571,point,浅草二丁目３番２４号,台東区,浅草,1819,台東区 食品衛生営業施設一覧,206,浅草寺
飲食店,食べる,飲食店営業（一般・軽食喫茶）,もちにゃん焼き　浅草本店,35.714226,139.794724,point,浅草二丁目３番２５号,台東区,浅草,1832,台東区 食品衛生営業施設一覧,191,浅草寺
飲食店,食べる,飲食店営業（一般・軽食喫茶）,ジラッファ浅草店,35.71426,139.794891,point,浅草二丁目３番２６号,台東区,浅草,1847,台東区 食品衛生営業施設一覧,175,浅草寺
飲食店,食べる,飲食店営業（一般・軽食喫茶）,ＬＰＣ　ＪＡＰＡＮ　ＳＴＵＤＩＯ　浅草店,35.714409,139.797684,point,浅草二丁目３番６１号,台東区,浅草,2097,台東区 食品衛生営業施設一覧,91,浅草寺
飲食店,食べる,飲食店営業（一般・軽食喫茶）,純喫茶　待合室,35.713249,139.793945,point,浅草二丁目４番３号,台東区,浅草,1775,台東区 食品衛生営業施設一覧,283,仲見世通り
飲食店,食べる,飲食店営業（一般・軽食喫茶）,時空館,35.713249,139.793945,point,浅草二丁目４番３号,台東区,浅草,1775,台東区 食品衛生営業施設一覧,283,仲見世通り
飲食店,食べる,飲食店営業（一般・軽食喫茶）,イシイの甘栗　浅草六区店,35.713501,139.793518,point,浅草二丁目４番６号,台東区,浅草,1733,台東区 食品衛生営業施設一覧,322,浅草寺
飲食店,食べる,飲食店営業（一般・軽食喫茶）,錦一葉　浅草店,35.713612,139.793427,point,浅草二丁目５番５号,台東区,浅草,1723,台東区 食品衛生営業施設一覧,324,浅草寺
飲食店,食べる,飲食店営業（一般・軽食喫茶）,ゑびす屋珈琲,35.713947,139.7939,point,浅草二丁目６番２号,台東区,浅草,1761,台東区 食品衛生営業施設一覧,271,浅草寺
飲食店,食べる,飲食店営業（一般・軽食喫茶）,小春,35.713928,139.793396,point,浅草二丁目６番７号,台東区,浅草,1716,台東区 食品衛生営業施設一覧,315,浅草寺
飲食店,食べる,飲食店営業（一般・軽食喫茶）,アンナのクレープ　しゃぼん,35.71447,139.793854,point,浅草二丁目６番１４号,台東区,浅草,1752,台東区 食品衛生営業施設一覧,263,浅草寺
飲食店,食べる,飲食店営業（一般・軽食喫茶）,Ｊａｚｚｙ,35.71447,139.793854,point,浅草二丁目６番１４号,台東区,浅草,1752,台東区 食品衛生営業施設一覧,263,浅草寺
飲食店,食べる,飲食店営業（一般・軽食喫茶）,Ｆｕｇｌｅｎ　Ａｓａｋｕｓａ,35.71447,139.793976,point,浅草二丁目６番１５号,台東区,浅草,1763,台東区 食品衛生営業施設一覧,252,浅草寺
飲食店,食べる,飲食店営業（一般・軽食喫茶）,ＳＡＵＮＡ　ＲＥＳＥＴ　Ｐｉｎｔ,35.71447,139.793976,point,浅草二丁目６番１５号,台東区,浅草,1763,台東区 食品衛生営業施設一覧,252,浅草寺
飲食店,食べる,飲食店営業（一般・軽食喫茶）,お濃茶スイーツ専門店　雷一茶　お抹茶体験店,35.71442,139.795151,point,浅草二丁目７番３号,台東区,浅草,1869,台東区 食品衛生営業施設一覧,148,浅草寺
飲食店,食べる,飲食店営業（一般・軽食喫茶）,お濃茶スイーツ工房,35.71442,139.795151,point,浅草二丁目７番３号,台東区,浅草,1869,台東区 食品衛生営業施設一覧,148,浅草寺
飲食店,食べる,飲食店営業（一般・軽食喫茶）,浅草茶屋　たばねのし,35.71426,139.794525,point,浅草二丁目７番７号,台東区,浅草,1814,台東区 食品衛生営業施設一覧,207,浅草寺
飲食店,食べる,飲食店営業（一般・軽食喫茶）,浅草花月堂,35.714573,139.794113,point,浅草二丁目７番１３号,台東区,浅草,1774,台東区 食品衛生営業施設一覧,239,浅草寺
飲食店,食べる,飲食店営業（一般・軽食喫茶）,浅草お祭りぐるめ,35.714573,139.794113,point,浅草二丁目７番１３号,台東区,浅草,1774,台東区 食品衛生営業施設一覧,239,浅草寺
飲食店,食べる,飲食店営業（一般・軽食喫茶）,喫茶　サニー,35.714573,139.794113,point,浅草二丁目７番１３号,台東区,浅草,1774,台東区 食品衛生営業施設一覧,239,浅草寺
飲食店,食べる,飲食店営業（一般・軽食喫茶）,観光案内処　ふくろう屋,35.714573,139.794113,point,浅草二丁目７番１３号,台東区,浅草,1774,台東区 食品衛生営業施設一覧,239,浅草寺
飲食店,食べる,飲食店営業（一般・軽食喫茶）,Ｂａｌｅｉｎｅ　浅草店,35.714573,139.794113,point,浅草二丁目７番１３号,台東区,浅草,1774,台東区 食品衛生営業施設一覧,239,浅草寺
飲食店,食べる,飲食店営業（一般・軽食喫茶）,浅草Ｃａｎでぃ,35.714573,139.794113,point,浅草二丁目７番１３号,台東区,浅草,1774,台東区 食品衛生営業施設一覧,239,浅草寺
飲食店,食べる,飲食店営業（一般・軽食喫茶）,ＨＯＫＫＡＩＤＯ　ＭＩＬＫ　ＢＡＲ,35.714573,139.794113,point,浅草二丁目７番１３号,台東区,浅草,1774,台東区 食品衛生営業施設一覧,239,浅草寺
飲食店,食べる,飲食店営業（一般・軽食喫茶）,甘紋の香,35.714573,139.794113,point,浅草二丁目７番１３号,台東区,浅草,1774,台東区 食品衛生営業施設一覧,239,浅草寺
飲食店,食べる,飲食店営業（一般・軽食喫茶）,粋継,35.715256,139.794052,point,浅草二丁目７番１９号,台東区,浅草,1766,台東区 食品衛生営業施設一覧,251,浅草寺
飲食店,食べる,飲食店営業（一般・軽食喫茶）,小麦の奴隷　浅草店,35.715256,139.794052,point,浅草二丁目７番１９号,台東区,浅草,1766,台東区 食品衛生営業施設一覧,251,浅草寺
飲食店,食べる,飲食店営業（一般・軽食喫茶）,ＭＡＴＣＨＡＭＯＮ浅草花やしき通り店,35.715256,139.794052,point,浅草二丁目７番１９号,台東区,浅草,1766,台東区 食品衛生営業施設一覧,251,浅草寺
飲食店,食べる,飲食店営業（一般・軽食喫茶）,珈琲店　けやき,35.715202,139.794373,point,浅草二丁目７番２１号,台東区,浅草,1795,台東区 食品衛生営業施設一覧,221,浅草寺
飲食店,食べる,飲食店営業（一般・軽食喫茶）,寿清庵,35.715202,139.794373,point,浅草二丁目７番２１号,台東区,浅草,1795,台東区 食品衛生営業施設一覧,221,浅草寺
飲食店,食べる,飲食店営業（一般・軽食喫茶）,Ｋ＇ｓキッチン浅草花やしき店,35.715176,139.794525,point,浅草二丁目７番２２号,台東区,浅草,1809,台東区 食品衛生営業施設一覧,207,浅草寺
飲食店,食べる,飲食店営業（一般・軽食喫茶）,下町ばなな,35.715176,139.794525,point,浅草二丁目７番２２号,台東区,浅草,1809,台東区 食品衛生営業施設一覧,207,浅草寺
飲食店,食べる,飲食店営業（一般・軽食喫茶）,ａｇｅ．３　ＡＳＡＫＵＳＡ,35.715176,139.794525,point,浅草二丁目７番２２号,台東区,浅草,1809,台東区 食品衛生営業施設一覧,207,浅草寺
飲食店,食べる,飲食店営業（一般・軽食喫茶）,株式会社　アイエーシー・マルセ,35.714729,139.793457,point,浅草二丁目８番６号,台東区,浅草,1714,台東区 食品衛生営業施設一覧,297,浅草寺
飲食店,食べる,飲食店営業（一般・軽食喫茶）,ＳＨＯＧＵＮ　ＢＵＲＧＥＲ　浅草,35.71476,139.793289,point,浅草二丁目９番１３号,台東区,浅草,1699,台東区 食品衛生営業施設一覧,313,浅草寺
飲食店,食べる,飲食店営業（一般・軽食喫茶）,かぼちゃの花,35.714272,139.793243,point,浅草二丁目１０番１２号,台東区,浅草,1699,台東区 食品衛生営業施設一覧,321,浅草寺
飲食店,食べる,飲食店営業（一般・軽食喫茶）,?臼庵,35.713745,139.792786,point,浅草二丁目１１番１号,台東区,浅草,1664,台東区 食品衛生営業施設一覧,374,浅草寺
飲食店,食べる,飲食店営業（一般・軽食喫茶）,焼肉１２５,35.714039,139.792892,point,浅草二丁目１１番１３号,台東区,浅草,1670,台東区 食品衛生営業施設一覧,356,浅草寺
飲食店,食べる,飲食店営業（一般・軽食喫茶）,喫茶　ブラザー,35.715286,139.792816,point,浅草二丁目１３番２号,台東区,浅草,1654,台東区 食品衛生営業施設一覧,361,浅草寺
飲食店,食べる,飲食店営業（一般・軽食喫茶）,浅草おにぎり　はるちゃん,35.715488,139.79277,point,浅草二丁目１３番４号,台東区,浅草,1649,台東区 食品衛生営業施設一覧,369,浅草寺
飲食店,食べる,飲食店営業（一般・軽食喫茶）,喫茶Ｐ,35.715336,139.793472,point,浅草二丁目１４番１号,台東区,浅草,1713,台東区 食品衛生営業施設一覧,304,浅草寺
飲食店,食べる,飲食店営業（一般・軽食喫茶）,レイラ,35.715607,139.79364,point,浅草二丁目１４番１２号,台東区,浅草,1728,台東区 食品衛生営業施設一覧,298,浅草寺
飲食店,食べる,飲食店営業（一般・軽食喫茶）,フルーツパーラー　ゴトー,35.715717,139.793762,point,浅草二丁目１５番４号,台東区,浅草,1739,台東区 食品衛生営業施設一覧,292,浅草寺
飲食店,食べる,飲食店営業（一般・軽食喫茶）,ふくろうカフェＯ’Ｚ,35.716061,139.793961,point,浅草二丁目１６番５号,台東区,浅草,1758,台東区 食品衛生営業施設一覧,293,浅草寺
飲食店,食べる,飲食店営業（一般・軽食喫茶）,ＪＡＺＯＯ,35.716953,139.792862,point,浅草二丁目１９番５号,台東区,浅草,1665,台東区 食品衛生営業施設一覧,430,浅草寺
飲食店,食べる,飲食店営業（一般・軽食喫茶）,なごむカフェ,35.716587,139.793625,point,浅草二丁目２２番５号,台東区,浅草,1730,台東区 食品衛生営業施設一覧,350,浅草寺
飲食店,食べる,飲食店営業（一般・軽食喫茶）,ｖｅｇａｎ　ｃｈｕｒｒｏｓ,35.716888,139.793839,point,浅草二丁目２２番８号,台東区,浅草,1752,台東区 食品衛生営業施設一覧,357,浅草寺
飲食店,食べる,飲食店営業（一般・軽食喫茶）,エイム,35.716648,139.793976,point,浅草二丁目２２番１１号,台東区,浅草,1762,台東区 食品衛生営業施設一覧,330,浅草寺
飲食店,食べる,飲食店営業（一般・軽食喫茶）,エロイーズカフェ　東京浅草店,35.716534,139.795258,point,浅草二丁目２７番１０号,台東区,浅草,1877,台東区 食品衛生営業施設一覧,243,浅草寺
飲食店,食べる,飲食店営業（一般・軽食喫茶）,フードコート　ＫｉＫｉ,35.715191,139.794983,point,浅草二丁目２８番１号,台東区,浅草,1850,台東区 食品衛生営業施設一覧,168,浅草寺
飲食店,食べる,飲食店営業（一般・軽食喫茶）,ドムドムハンバーガー　浅草花やしき店,35.715191,139.794983,point,浅草二丁目２８番１号,台東区,浅草,1850,台東区 食品衛生営業施設一覧,168,浅草寺
飲食店,食べる,飲食店営業（一般・軽食喫茶）,たい焼き　さわ田　浅草花やしき店,35.715275,139.794327,point,浅草二丁目２８番５号,台東区,浅草,1790,台東区 食品衛生営業施設一覧,227,浅草寺
飲食店,食べる,飲食店営業（一般・軽食喫茶）,フェブラリーコーヒーロースタリー,35.716042,139.795395,point,浅草二丁目２８番１８号,台東区,浅草,1887,台東区 食品衛生営業施設一覧,191,浅草寺
飲食店,食べる,飲食店営業（一般・軽食喫茶）,Ｓｕｋｅｍａｓａ　Ｃｏｆｆｅｅ,35.715084,139.795425,point,浅草二丁目２９番２号,台東区,浅草,1890,台東区 食品衛生営業施設一覧,126,浅草寺
飲食店,食べる,飲食店営業（一般・軽食喫茶）,定食　芳の,35.715118,139.795242,point,浅草二丁目２９番３号,台東区,浅草,1873,台東区 食品衛生営業施設一覧,143,浅草寺
飲食店,食べる,飲食店営業（一般・軽食喫茶）,足湯カフェ　すくなひこな,35.715649,139.795502,point,浅草二丁目２９番８号,台東区,浅草,1896,台東区 食品衛生営業施設一覧,153,浅草寺
飲食店,食べる,飲食店営業（一般・軽食喫茶）,あさくさ　栄,35.715878,139.795975,point,浅草二丁目２９番１６号,台東区,浅草,1939,台東区 食品衛生営業施設一覧,147,浅草寺
飲食店,食べる,飲食店営業（一般・軽食喫茶）,寄り道,35.715229,139.795807,point,浅草二丁目２９番２１号,台東区,浅草,1924,台東区 食品衛生営業施設一覧,102,浅草寺
飲食店,食べる,飲食店営業（一般・軽食喫茶）,コロラド浅草店,35.715611,139.798447,point,浅草二丁目３２番１０号,台東区,浅草,2162,台東区 食品衛生営業施設一覧,182,浅草寺
飲食店,食べる,飲食店営業（一般・軽食喫茶）,ｆｅｂ‘ｓ　ｃｏｆｆｅｅ,35.715984,139.798492,point,浅草三丁目１番１号,台東区,浅草,2166,台東区 食品衛生営業施設一覧,211,浅草寺
飲食店,食べる,飲食店営業（一般・軽食喫茶）,ＡＳＡＫＵＳＡ　ＬＯＣＡＬ　ＢＵＲＧＥＲ,35.716076,139.798309,point,浅草三丁目１番３号,台東区,浅草,2150,台東区 食品衛生営業施設一覧,206,浅草寺
飲食店,食べる,飲食店営業（一般・軽食喫茶）,壽々喜園,35.71632,139.796982,point,浅草三丁目４番３号,台東区,浅草,2031,台東区 食品衛生営業施設一覧,179,浅草寺
飲食店,食べる,飲食店営業（一般・軽食喫茶）,雷５６５６会館,35.716549,139.796082,point,浅草三丁目６番１号,台東区,浅草,1951,台東区 食品衛生営業施設一覧,212,浅草寺
飲食店,食べる,飲食店営業（一般・軽食喫茶）,ロッジ　赤石,35.717003,139.795044,point,浅草三丁目８番４号,台東区,浅草,1861,台東区 食品衛生営業施設一覧,297,浅草寺
飲食店,食べる,飲食店営業（一般・軽食喫茶）,３ＳＯ　Ｃａｆｅ,35.717461,139.793701,point,浅草三丁目１５番２号,台東区,浅草,1746,台東区 食品衛生営業施設一覧,411,浅草寺
飲食店,食べる,飲食店営業（一般・軽食喫茶）,オカオカハウス,35.717461,139.793701,point,浅草三丁目１５番２号,台東区,浅草,1746,台東区 食品衛生営業施設一覧,411,浅草寺
飲食店,食べる,飲食店営業（一般・軽食喫茶）,ＴＨＥ　ＢＵＲＧＥＲ　ＣＲＡＦＴ,35.717354,139.794388,point,浅草三丁目１７番３号,台東区,浅草,1806,台東区 食品衛生営業施設一覧,362,浅草寺
飲食店,食べる,飲食店営業（一般・軽食喫茶）,浅草　帆のる　ぷれみあ　はなれ,35.717354,139.794388,point,浅草三丁目１７番３号,台東区,浅草,1806,台東区 食品衛生営業施設一覧,362,浅草寺
飲食店,食べる,飲食店営業（一般・軽食喫茶）,マメココロ／ＡＳＡＸＡ,35.717308,139.795105,point,浅草三丁目１８番９号,台東区,浅草,1870,台東区 食品衛生営業施設一覧,324,浅草寺
飲食店,食べる,飲食店営業（一般・軽食喫茶）,茶屋　陽だまり,35.717247,139.796005,point,浅草三丁目２０番８号,台東区,浅草,1950,台東区 食品衛生営業施設一覧,289,浅草寺
飲食店,食べる,飲食店営業（一般・軽食喫茶）,茶道具　かきぬま,35.717045,139.796326,point,浅草三丁目２１番９号,台東区,浅草,1977,台東区 食品衛生営業施設一覧,261,浅草寺
飲食店,食べる,飲食店営業（一般・軽食喫茶）,㈲梅むら,35.716778,139.796814,point,浅草三丁目２２番１２号,台東区,浅草,2019,台東区 食品衛生営業施設一覧,229,浅草寺
飲食店,食べる,飲食店営業（一般・軽食喫茶）,栗歩　浅草店,35.716778,139.797577,point,浅草三丁目２４番８号,台東区,浅草,2088,台東区 食品衛生営業施設一覧,241,浅草寺
飲食店,食べる,飲食店営業（一般・軽食喫茶）,壽々喜園,35.71756,139.797546,point,浅草三丁目３１番５号,台東区,浅草,2092,台東区 食品衛生営業施設一覧,324,浅草寺
飲食店,食べる,飲食店営業（一般・軽食喫茶）,菓子工房　ルスルス,35.717495,139.797791,point,浅草三丁目３１番７号,台東区,浅草,2113,台東区 食品衛生営業施設一覧,323,浅草寺
飲食店,食べる,飲食店営業（一般・軽食喫茶）,Ｃａｆ?　晴蔵　－Ｈａｌｅｋｕｒａ－,35.717339,139.796188,point,浅草三丁目３４番２号,台東区,浅草,1968,台東区 食品衛生営業施設一覧,296,浅草寺
飲食店,食べる,飲食店営業（一般・軽食喫茶）,コーヒーラウンジ　ジョイ,35.71806,139.795029,point,浅草三丁目３７番６号,台東区,浅草,1873,台東区 食品衛生営業施設一覧,403,浅草寺
飲食店,食べる,飲食店営業（一般・軽食喫茶）,ＶＥＲＴ　はなれ,35.717659,139.794708,point,浅草三丁目３８番１号,台東区,浅草,1839,台東区 食品衛生営業施設一覧,375,浅草寺
飲食店,食べる,飲食店営業（一般・軽食喫茶）,八七子,35.717659,139.794708,point,浅草三丁目３８番１号,台東区,浅草,1839,台東区 食品衛生営業施設一覧,375,浅草寺
飲食店,食べる,飲食店営業（一般・軽食喫茶）,珈琲舎　ダンケ,35.71838,139.793854,point,浅草三丁目４０番８号,台東区,浅草,1774,台東区 食品衛生営業施設一覧,484,浅草寺
飲食店,食べる,飲食店営業（一般・軽食喫茶）,ＲＡＦＴ,35.718098,139.793213,point,浅草三丁目４１番３号,台東区,浅草,1712,台東区 食品衛生営業施設一覧,493,浅草寺
飲食店,食べる,飲食店営業（一般・軽食喫茶）,Ｃｏｌｌｉｎａ,35.717815,139.798706,point,浅草四丁目２番１２号,台東区,浅草,2199,台東区 食品衛生営業施設一覧,387,浅草寺
飲食店,食べる,飲食店営業（一般・軽食喫茶）,浅草よろず茶屋　４４４,35.718002,139.798035,point,浅草四丁目４番４号,台東区,浅草,2141,台東区 食品衛生営業施設一覧,383,浅草寺
飲食店,食べる,飲食店営業（一般・軽食喫茶）,ｃａｆｅ　ｍｉｃｈｉｋｕｓａ,35.718311,139.79776,point,浅草四丁目６番５号,台東区,浅草,2121,台東区 食品衛生営業施設一覧,410,浅草寺
飲食店,食べる,飲食店営業（一般・軽食喫茶）,ａｎｎｏｒｕｍ,35.718033,139.797607,point,浅草四丁目７番１１号,台東区,浅草,2104,台東区 食品衛生営業施設一覧,376,浅草寺
飲食店,食べる,飲食店営業（一般・軽食喫茶）,ａ　ｌｉｔｔｌｅ　ｐｌａｃｅ　ｃｏｆｆｅｅ,35.717731,139.79744,point,浅草四丁目８番１号,台東区,浅草,2085,台東区 食品衛生営業施設一覧,341,浅草寺
飲食店,食べる,飲食店営業（一般・軽食喫茶）,会員制,35.718536,139.795731,point,浅草四丁目１５番４号,台東区,浅草,1944,台東区 食品衛生営業施設一覧,434,浅草寺
飲食店,食べる,飲食店営業（一般・軽食喫茶）,ＣＨＡ　ＴＨＡＩ,35.718754,139.794952,point,浅草四丁目１９番４号,台東区,浅草,1879,台東区 食品衛生営業施設一覧,477,浅草寺
飲食店,食べる,飲食店営業（一般・軽食喫茶）,Ｄ’ｓ,35.718246,139.794937,point,浅草四丁目２０番１号,台東区,浅草,1868,台東区 食品衛生営業施設一覧,425,浅草寺
飲食店,食べる,飲食店営業（一般・軽食喫茶）,デンキヤホール,35.718372,139.7948,point,浅草四丁目２０番３号,台東区,浅草,1858,台東区 食品衛生営業施設一覧,443,浅草寺
飲食店,食べる,飲食店営業（一般・軽食喫茶）,喫茶　ぐり,35.718922,139.792999,point,浅草四丁目２５番６号,台東区,浅草,1710,台東区 食品衛生営業施設一覧,577,浅草寺
飲食店,食べる,飲食店営業（一般・軽食喫茶）,ｃａｆｅ　ｈａｔｏｍａｍｅ,35.718922,139.792999,point,浅草四丁目２５番６号,台東区,浅草,1710,台東区 食品衛生営業施設一覧,577,浅草寺
飲食店,食べる,飲食店営業（一般・軽食喫茶）,Ｃｏｎｎｅｃｔｉｏｎ,35.719666,139.79512,point,浅草四丁目３４番８号,台東区,浅草,1916,台東区 食品衛生営業施設一覧,569,浅草寺
飲食店,食べる,飲食店営業（一般・軽食喫茶）,自家焙煎珈琲店　しゃん,35.719387,139.795258,point,浅草四丁目３６番２号,台東区,浅草,1921,台東区 食品衛生営業施設一覧,536,浅草寺
飲食店,食べる,飲食店営業（一般・軽食喫茶）,浅草豆花大王,35.718842,139.796646,point,浅草四丁目４３番４号,台東区,浅草,2032,台東区 食品衛生営業施設一覧,458,浅草寺
飲食店,食べる,飲食店営業（一般・軽食喫茶）,こーひーや　ころろ,35.718628,139.797333,point,浅草四丁目４６番９号,台東区,浅草,2089,台東区 食品衛生営業施設一覧,438,浅草寺
飲食店,食べる,飲食店営業（一般・軽食喫茶）,Ｃａｆ?　Ｒｅｉｓｅ,35.718788,139.798981,point,浅草四丁目４８番１５号,台東区,浅草,2238,台東区 食品衛生営業施設一覧,495,浅草寺
飲食店,食べる,飲食店営業（一般・軽食喫茶）,アトリエ　ダイジロー,35.718967,139.799149,point,浅草五丁目１番２号,台東区,浅草,2257,台東区 食品衛生営業施設一覧,520,浅草寺
飲食店,食べる,飲食店営業（一般・軽食喫茶）,ｃｏｆｆｅｅ襷,35.71896,139.799408,point,浅草五丁目１番１４号,台東区,浅草,2280,台東区 食品衛生営業施設一覧,529,浅草寺
飲食店,食べる,飲食店営業（一般・軽食喫茶）,ＮＯＡＫＥ,35.719677,139.798431,point,浅草五丁目３番７号,台東区,浅草,2208,台東区 食品衛生営業施設一覧,572,浅草寺
飲食店,食べる,飲食店営業（一般・軽食喫茶）,Ｌｅｓ　ＪＵＭＥＡＵＸ　Ｇ?ＭＥＡＵＸ,35.719418,139.798157,point,浅草五丁目４番７号,台東区,浅草,2178,台東区 食品衛生営業施設一覧,538,浅草寺
飲食店,食べる,飲食店営業（一般・軽食喫茶）,ＣＨＯＣＯＬＡＴＥ　ＪＥＳＵＳ,35.719971,139.794769,point,浅草五丁目１０番３号,台東区,浅草,1893,台東区 食品衛生営業施設一覧,611,浅草寺
飲食店,食べる,飲食店営業（一般・軽食喫茶）,９‘ｓ（キューズ）カフェ,35.720299,139.79509,point,浅草五丁目１６番１４号,台東区,浅草,1931,台東区 食品衛生営業施設一覧,638,浅草寺
飲食店,食べる,飲食店営業（一般・軽食喫茶）,オンリー,35.72028,139.795212,point,浅草五丁目１７番２号,台東区,浅草,1941,台東区 食品衛生営業施設一覧,634,浅草寺
飲食店,食べる,飲食店営業（一般・軽食喫茶）,Ｔａｎｔｅ,35.719727,139.798325,point,浅草五丁目２３番７号,台東区,浅草,2199,台東区 食品衛生営業施設一覧,575,浅草寺
飲食店,食べる,飲食店営業（一般・軽食喫茶）,東家フレッシュ,35.721588,139.795532,point,浅草五丁目３３番３号,台東区,浅草,2012,台東区 食品衛生営業施設一覧,772,浅草寺
飲食店,食べる,飲食店営業（一般・軽食喫茶）,浅草おかき　山村家,35.72142,139.796341,point,浅草五丁目３５番７号,台東区,浅草,2075,台東区 食品衛生営業施設一覧,746,浅草寺
飲食店,食べる,飲食店営業（一般・軽食喫茶）,喫茶　バーディー,35.722141,139.796463,point,浅草五丁目５８番４号,台東区,浅草,2112,台東区 食品衛生営業施設一覧,826,浅草寺
飲食店,食べる,飲食店営業（一般・軽食喫茶）,ココア,35.722256,139.796661,point,浅草五丁目５９番３号,台東区,浅草,2133,台東区 食品衛生営業施設一覧,838,浅草寺
飲食店,食べる,飲食店営業（一般・軽食喫茶）,喫茶　エプロン,35.722336,139.796799,point,浅草五丁目５９番４号,台東区,浅草,2148,台東区 食品衛生営業施設一覧,847,浅草寺
飲食店,食べる,飲食店営業（一般・軽食喫茶）,喫茶　アゲイン,35.722404,139.796921,point,浅草五丁目５９番５号,台東区,浅草,2161,台東区 食品衛生営業施設一覧,855,浅草寺
飲食店,食べる,飲食店営業（一般・軽食喫茶）,ＢＡＲＬＥＹ,35.721569,139.797897,point,浅草五丁目６７番２号,台東区,浅草,2214,台東区 食品衛生営業施設一覧,769,浅草寺
飲食店,食べる,飲食店営業（一般・軽食喫茶）,Ｆｒｕｉｔ　Ｍａｒｋｅｔ,35.715324,139.801315,point,浅草六丁目１番３号,台東区,浅草,2421,台東区 食品衛生営業施設一覧,418,浅草寺
飲食店,食べる,飲食店営業（一般・軽食喫茶）,シェアキッチン　ＨＡＴＣＨ　ハナレ,35.71558,139.801666,point,浅草六丁目１番１７号,台東区,浅草,2453,台東区 食品衛生営業施設一覧,454,浅草寺
飲食店,食べる,飲食店営業（一般・軽食喫茶）,Ｏｐｅｎ　ｓｅｓａｍｅ　ｈｉｒａｋｅｇｏｍａ,35.71558,139.801666,point,浅草六丁目１番１７号,台東区,浅草,2453,台東区 食品衛生営業施設一覧,454,浅草寺
飲食店,食べる,飲食店営業（一般・軽食喫茶）,シェアキッチン　ＨＡＴＣＨ　ハナレ　ｍｏ－ｆｕ,35.71558,139.801666,point,浅草六丁目１番１７号,台東区,浅草,2453,台東区 食品衛生営業施設一覧,454,浅草寺
飲食店,食べる,飲食店営業（一般・軽食喫茶）,燻製暖義,35.71558,139.801666,point,浅草六丁目１番１７号,台東区,浅草,2453,台東区 食品衛生営業施設一覧,454,浅草寺
飲食店,食べる,飲食店営業（一般・軽食喫茶）,有限会社酒井屋酒井義郎商店,35.716145,139.800842,point,浅草六丁目３番５号,台東区,浅草,2379,台東区 食品衛生営業施設一覧,402,浅草寺
飲食店,食べる,飲食店営業（一般・軽食喫茶）,有限会社ケーキショップテラサワ,35.716393,139.800766,point,浅草六丁目１８番１６号,台東区,浅草,2373,台東区 食品衛生営業施設一覧,408,浅草寺
飲食店,食べる,飲食店営業（一般・軽食喫茶）,ｎｉｃｏｃａｆｅ３２８,35.717819,139.801727,point,浅草六丁目２２番１１号,台東区,浅草,2470,台東区 食品衛生営業施設一覧,566,浅草寺
飲食店,食べる,飲食店営業（一般・軽食喫茶）,カミナリ　カフェ,35.717834,139.801056,point,浅草六丁目２４番５号,台東区,浅草,2410,台東区 食品衛生営業施設一覧,521,浅草寺
飲食店,食べる,飲食店営業（一般・軽食喫茶）,ｃｏｔｏＢＡ－ＣＡＦＥ,35.718956,139.799957,point,浅草六丁目４０番１３号,台東区,浅草,2328,台東区 食品衛生営業施設一覧,553,浅草寺
飲食店,食べる,飲食店営業（一般・軽食喫茶）,６丁目の角のカフェ,35.720627,139.800385,point,浅草六丁目４７番９号,台東区,浅草,2403,台東区 食品衛生営業施設一覧,734,浅草寺
飲食店,食べる,飲食店営業（一般・軽食喫茶）,ｖｉｎｅｒｉａ　ｃａｆ?　ＰＩＮＣＯ　ＰＡＬＬＩＮＯ,35.715294,139.802078,point,浅草七丁目１番６号,台東区,浅草,2490,台東区 食品衛生営業施設一覧,485,浅草寺
飲食店,食べる,飲食店営業（一般・軽食喫茶）,ごはん×カフェ　ｍａｄｅｉ,35.71661,139.802689,point,浅草七丁目３番１２号,台東区,浅草,2547,台東区 食品衛生営業施設一覧,576,浅草寺
飲食店,食べる,飲食店営業（一般・軽食喫茶）,Ｋｉｓｓ　Ｍｅ　Ｃｏｆｆｅｅ,35.7169,139.802078,point,浅草七丁目５番２号,台東区,浅草,2494,台東区 食品衛生営業施設一覧,539,浅草寺
飲食店,食べる,飲食店営業（一般・軽食喫茶）,ＴＯＥ　ＬＩＢＲＡＲＹ,35.717545,139.802002,point,浅草七丁目６番４号,台東区,浅草,2492,台東区 食品衛生営業施設一覧,569,浅草寺
飲食店,食べる,飲食店営業（一般・軽食喫茶）,喫茶　あかね,35.717686,139.802002,point,浅草七丁目６番５号,台東区,浅草,2494,台東区 食品衛生営業施設一覧,578,浅草寺
飲食店,食べる,飲食店営業（一般・軽食喫茶）,喫茶　有楽,35.69651,139.784439,point,浅草橋一丁目２番１０号,台東区,浅草橋,2305,台東区 食品衛生営業施設一覧,1594,アメヤ横丁
飲食店,食べる,飲食店営業（一般・軽食喫茶）,ｓｔｏｐｏｖｅｒ　ｔｏｋｙｏ２,35.697079,139.785538,point,浅草橋一丁目９番７号,台東区,浅草橋,2288,台東区 食品衛生営業施設一覧,1603,アメヤ横丁
飲食店,食べる,飲食店営業（一般・軽食喫茶）,ドトールコーヒーショップ　浅草橋南店,35.696873,139.785782,point,浅草橋一丁目９番１３号,台東区,浅草橋,2318,台東区 食品衛生営業施設一覧,1634,アメヤ横丁
飲食店,食べる,飲食店営業（一般・軽食喫茶）,ＴＲＵＭ,35.697227,139.784058,point,浅草橋一丁目１１番４号,台東区,浅草橋,2218,台東区 食品衛生営業施設一覧,1509,アメヤ横丁
飲食店,食べる,飲食店営業（一般・軽食喫茶）,Ｃａｆｅ＆ＢＡＲ　Ｍｏｎё,35.697227,139.784058,point,浅草橋一丁目１１番４号,台東区,浅草橋,2218,台東区 食品衛生営業施設一覧,1509,アメヤ横丁
飲食店,食べる,飲食店営業（一般・軽食喫茶）,カフェ　梅の木,35.697502,139.783936,point,浅草橋一丁目１５番７号,台東区,浅草橋,2185,台東区 食品衛生営業施設一覧,1478,アメヤ横丁
飲食店,食べる,飲食店営業（一般・軽食喫茶）,ｎａｎｏ　ｃｏｆｆｅｅｒｏａｓｔｅｒ,35.6973,139.78595,point,浅草橋一丁目１７番４号,台東区,浅草橋,2282,台東区 食品衛生営業施設一覧,1607,アメヤ横丁
飲食店,食べる,飲食店営業（一般・軽食喫茶）,ｓｏｍｉｏ,35.6973,139.78595,point,浅草橋一丁目１７番５号,台東区,浅草橋,2282,台東区 食品衛生営業施設一覧,1607,アメヤ横丁
飲食店,食べる,飲食店営業（一般・軽食喫茶）,エスパソ,35.697613,139.78624,point,浅草橋一丁目１８番１０号,台東区,浅草橋,2264,台東区 食品衛生営業施設一覧,1598,アメヤ横丁
飲食店,食べる,飲食店営業（一般・軽食喫茶）,たこ庵　縁,35.697556,139.784302,point,浅草橋一丁目２２番２号,台東区,浅草橋,2193,台東区 食品衛生営業施設一覧,1492,アメヤ横丁
飲食店,食べる,飲食店営業（一般・軽食喫茶）,カフェ・ベローチェ　浅草橋駅西口店,35.697903,139.784592,point,浅草橋一丁目２２番１６号,台東区,浅草橋,2169,台東区 食品衛生営業施設一覧,1478,アメヤ横丁
飲食店,食べる,飲食店営業（一般・軽食喫茶）,喫茶店　スメル,35.697639,139.783173,point,浅草橋一丁目２４番２号,台東区,浅草橋,2145,台東区 食品衛生営業施設一覧,1426,アメヤ横丁
飲食店,食べる,飲食店営業（一般・軽食喫茶）,Ｇｏｏ　Ｃｏｆｆｅｅ　Ｒｏａｓｔｅｒｓ,35.698483,139.783264,point,浅草橋一丁目２５番８号,台東区,浅草橋,2061,台東区 食品衛生営業施設一覧,1354,アメヤ横丁
飲食店,食べる,飲食店営業（一般・軽食喫茶）,あげパンカフェ　浅草橋,35.698002,139.783951,point,浅草橋一丁目２６番１号,台東区,浅草橋,2135,台東区 食品衛生営業施設一覧,1434,アメヤ横丁
飲食店,食べる,飲食店営業（一般・軽食喫茶）,ＥＺＯ　ＤＥＬＩ,35.698372,139.783615,point,浅草橋一丁目２６番６号,台東区,浅草橋,2085,台東区 食品衛生営業施設一覧,1382,アメヤ横丁
飲食店,食べる,飲食店営業（一般・軽食喫茶）,丸七製茶東京支店,35.698219,139.784058,point,浅草橋一丁目２６番１１号,台東区,浅草橋,2117,台東区 食品衛生営業施設一覧,1420,アメヤ横丁
飲食店,食べる,飲食店営業（一般・軽食喫茶）,カフェ　タロー,35.698013,139.784729,point,浅草橋一丁目２７番３号,台東区,浅草橋,2163,台東区 食品衛生営業施設一覧,1476,アメヤ横丁
飲食店,食べる,飲食店営業（一般・軽食喫茶）,ａｔｅｌｉｅｒ　ｄｅ　ｃａｆ?　ｔａｂｌｅ,35.698086,139.785126,point,浅草橋一丁目２７番９号,台東区,浅草橋,2171,台東区 食品衛生営業施設一覧,1493,アメヤ横丁
飲食店,食べる,飲食店営業（一般・軽食喫茶）,鉄板焼　ステーキ　ぼんて,35.697842,139.785858,point,浅草橋一丁目２９番１号,台東区,浅草橋,2225,台東区 食品衛生営業施設一覧,1557,アメヤ横丁
飲食店,食べる,飲食店営業（一般・軽食喫茶）,サンマルクカフェ　浅草橋東口店,35.697918,139.786438,point,浅草橋一丁目３０番１２号,台東区,浅草橋,2242,台東区 食品衛生営業施設一覧,1586,アメヤ横丁
飲食店,食べる,飲食店営業（一般・軽食喫茶）,ＢＥＲＴＨ　ＳＷＥＥＴＳ　ＬＡＢＯ,35.699017,139.785278,point,浅草橋二丁目４番６号,台東区,浅草橋,2085,台東区 食品衛生営業施設一覧,1425,アメヤ横丁
飲食店,食べる,飲食店営業（一般・軽食喫茶）,天才算数塾,35.6991,139.785141,point,浅草橋二丁目５番８号,台東区,浅草橋,2071,台東区 食品衛生営業施設一覧,1410,アメヤ横丁
飲食店,食べる,飲食店営業（一般・軽食喫茶）,葦,35.699303,139.784576,point,浅草橋二丁目１０番１号,台東区,浅草橋,2028,台東区 食品衛生営業施設一覧,1358,アメヤ横丁
飲食店,食べる,飲食店営業（一般・軽食喫茶）,ＢＬＡＳＴ　ｆｒｏｍ　ｔｈｅ　ＰＡＳＴ,35.69912,139.785507,point,浅草橋二丁目１２番１号,台東区,浅草橋,2085,台東区 食品衛生営業施設一覧,1431,アメヤ横丁
飲食店,食べる,飲食店営業（一般・軽食喫茶）,喫茶＆スナック　ファイン,35.700306,139.784851,point,浅草橋二丁目２３番８号,台東区,浅草橋,1941,台東区 食品衛生営業施設一覧,1296,アメヤ横丁
飲食店,食べる,飲食店営業（一般・軽食喫茶）,Ｐｅｐｐｉｎｏ　Ｃｏｆｆｅｅ　Ｒｏａｓｔｅｒ,35.700626,139.784927,point,浅草橋二丁目２４番８号,台東区,浅草橋,1913,台東区 食品衛生営業施設一覧,1277,アメヤ横丁
飲食店,食べる,飲食店営業（一般・軽食喫茶）,ヒロー,35.700359,139.785095,point,浅草橋二丁目２５番６号,台東区,浅草橋,1946,台東区 食品衛生営業施設一覧,1309,アメヤ横丁
飲食店,食べる,飲食店営業（一般・軽食喫茶）,簡,35.69957,139.787109,point,浅草橋二丁目２９番６号,台東区,浅草橋,2115,台東区 食品衛生営業施設一覧,1503,アメヤ横丁
飲食店,食べる,飲食店営業（一般・軽食喫茶）,実音－ミオン－,35.69957,139.787109,point,浅草橋二丁目２９番６号,台東区,浅草橋,2115,台東区 食品衛生営業施設一覧,1503,アメヤ横丁
飲食店,食べる,飲食店営業（一般・軽食喫茶）,家豆花,35.699341,139.787354,point,浅草橋二丁目２９番１４号,台東区,浅草橋,2148,台東区 食品衛生営業施設一覧,1528,雷門
飲食店,食べる,飲食店営業（一般・軽食喫茶）,Ｆｒａｎｓｅ　ｃｒｕｌｌｅｒ－ｄｏｎｕｔ　ｅｔ　ＣＯＦＦＥＥ　Ｏｐ?ｒａ,35.699211,139.787277,point,浅草橋二丁目２９番１５号,台東区,浅草橋,2157,台東区 食品衛生営業施設一覧,1541,アメヤ横丁
飲食店,食べる,飲食店営業（一般・軽食喫茶）,喫茶円,35.700069,139.78743,point,浅草橋三丁目１番３号,台東区,浅草橋,2085,台東区 食品衛生営業施設一覧,1458,雷門
飲食店,食べる,飲食店営業（一般・軽食喫茶）,ＳＥＲＡ,35.700497,139.78656,point,浅草橋三丁目３番９号,台東区,浅草橋,2002,台東区 食品衛生営業施設一覧,1399,アメヤ横丁
飲食店,食べる,飲食店営業（一般・軽食喫茶）,Ｃａｆｅ＆Ｂａｒ　うそのたばこ店,35.700413,139.786087,point,浅草橋三丁目４番２号,台東区,浅草橋,1987,台東区 食品衛生営業施設一覧,1372,アメヤ横丁
飲食店,食べる,飲食店営業（一般・軽食喫茶）,ｈａｕｓｂｒｏｔ,35.700611,139.785461,point,浅草橋三丁目５番２号,台東区,浅草橋,1938,台東区 食品衛生営業施設一覧,1315,アメヤ横丁
飲食店,食べる,飲食店営業（一般・軽食喫茶）,コーヒーの店　栄,35.700672,139.785294,point,浅草橋三丁目６番１号,台東区,浅草橋,1925,台東区 食品衛生営業施設一覧,1299,アメヤ横丁
飲食店,食べる,飲食店営業（一般・軽食喫茶）,Ｌｉｔｔｌｅ　Ｊａｐａｎ,35.701443,139.784424,point,浅草橋三丁目１０番８号,台東区,浅草橋,1811,台東区 食品衛生営業施設一覧,1183,アメヤ横丁
飲食店,食べる,飲食店営業（一般・軽食喫茶）,'+ＢＡＳＥ,35.701099,139.785126,point,浅草橋三丁目１２番６号,台東区,浅草橋,1876,台東区 食品衛生営業施設一覧,1257,アメヤ横丁
飲食店,食べる,飲食店営業（一般・軽食喫茶）,パティスリーＭａｒｕ＇ｓ,35.700764,139.786499,point,浅草橋三丁目１５番１１号,台東区,浅草橋,1974,台東区 食品衛生営業施設一覧,1377,アメヤ横丁
飲食店,食べる,飲食店営業（一般・軽食喫茶）,ギャラリーキッサ,35.701443,139.788406,point,浅草橋三丁目２５番７号,台東区,浅草橋,2014,台東区 食品衛生営業施設一覧,1282,雷門
飲食店,食べる,飲食店営業（一般・軽食喫茶）,アイリス,35.701458,139.787415,point,浅草橋三丁目２７番１４号,台東区,浅草橋,1958,台東区 食品衛生営業施設一覧,1335,雷門
飲食店,食べる,飲食店営業（一般・軽食喫茶）,カフェ　エスタサォン,35.701538,139.784393,point,浅草橋三丁目３４番３号,台東区,浅草橋,1801,台東区 食品衛生営業施設一覧,1175,アメヤ横丁
飲食店,食べる,飲食店営業（一般・軽食喫茶）,パズル浅草橋,35.699154,139.781479,point,浅草橋五丁目２番３号,台東区,浅草橋,1934,台東区 食品衛生営業施設一覧,1201,アメヤ横丁
飲食店,食べる,飲食店営業（一般・軽食喫茶）,デリステーション　カフェ＆バー浅草橋店,35.699493,139.781311,point,浅草橋五丁目２番７号,台東区,浅草橋,1894,台東区 食品衛生営業施設一覧,1161,アメヤ横丁
飲食店,食べる,飲食店営業（一般・軽食喫茶）,瀬古商店,35.700581,139.781052,point,浅草橋五丁目１０番９号,台東区,浅草橋,1772,台東区 食品衛生営業施設一覧,1048,アメヤ横丁
飲食店,食べる,飲食店営業（一般・軽食喫茶）,ＳＭＯＫＩＮＧ＆ＣＯＦＦＥＥ　ＢＡＲ　ＳＭＯＣＯ　浅草橋店,35.701427,139.780914,point,浅草橋五丁目２０番８号,台東区,浅草橋,1679,台東区 食品衛生営業施設一覧,964,アメヤ横丁
飲食店,食べる,飲食店営業（一般・軽食喫茶）,Ｊｉｎｇ　Ｈｏｕｓｅ　秋葉原,35.701855,139.781647,point,浅草橋五丁目２２番８号,台東区,浅草橋,1659,台東区 食品衛生営業施設一覧,970,アメヤ横丁
飲食店,食べる,飲食店営業（一般・軽食喫茶）,旧岩崎邸庭園売店,35.709312,139.768509,point,池之端一丁目３番４５号,台東区,池之端,884,台東区 食品衛生営業施設一覧,544,アメヤ横丁
飲食店,食べる,飲食店営業（一般・軽食喫茶）,カフェ　ラウンジ　（ＣＡＦＥ　ＬＯＵＮＧＥ）,35.710407,139.768585,point,池之端一丁目４番１号,台東区,池之端,787,台東区 食品衛生営業施設一覧,575,アメヤ横丁
飲食店,食べる,飲食店営業（一般・軽食喫茶）,ビルポート,35.711884,139.768509,point,池之端一丁目４番２６号,台東区,池之端,681,台東区 食品衛生営業施設一覧,588,上野公園
飲食店,食べる,飲食店営業（一般・軽食喫茶）,古書　ほうろう,35.712986,139.768234,point,池之端二丁目１番４５号,台東区,池之端,636,台東区 食品衛生営業施設一覧,537,上野公園
飲食店,食べる,飲食店営業（一般・軽食喫茶）,喫茶　サンクレスト,35.714745,139.767563,point,池之端二丁目２番９号,台東区,池之端,633,台東区 食品衛生営業施設一覧,532,上野公園
飲食店,食べる,飲食店営業（一般・軽食喫茶）,ＳＬＯＷ　ＧＥＬＡＴＯ　ｉｎ　ｂｕｌｋ,35.716015,139.766266,point,池之端二丁目７番６号,台東区,池之端,745,台東区 食品衛生営業施設一覧,648,上野公園
飲食店,食べる,飲食店営業（一般・軽食喫茶）,Ｃａｆｅ　ＥＮＡＫ,35.716297,139.766571,point,池之端二丁目７番１４号,台東区,池之端,720,台東区 食品衛生営業施設一覧,625,上野公園
飲食店,食べる,飲食店営業（一般・軽食喫茶）,ジャック,35.715946,139.766998,point,池之端二丁目８番５号,台東区,池之端,678,台東区 食品衛生営業施設一覧,581,上野公園
飲食店,食べる,飲食店営業（一般・軽食喫茶）,ＲＯＯＭ　１０１,35.716393,139.768738,point,池之端三丁目３番９号,台東区,池之端,528,台東区 食品衛生営業施設一覧,436,上野公園
飲食店,食べる,飲食店営業（一般・軽食喫茶）,Ｃｉｓｅ,35.717007,139.769791,point,池之端三丁目４番１９号,台東区,池之端,453,台東区 食品衛生営業施設一覧,373,上野公園
飲食店,食べる,飲食店営業（一般・軽食喫茶）,Ｄｅｔｏｕｒ７００６,35.717285,139.769791,point,池之端四丁目２番３号,台東区,池之端,465,台東区 食品衛生営業施設一覧,389,上野公園
飲食店,食べる,飲食店営業（一般・軽食喫茶）,ブランシュール,35.718262,139.768799,point,池之端四丁目１０番１２号,台東区,池之端,594,台東区 食品衛生営業施設一覧,525,上野公園
飲食店,食べる,飲食店営業（一般・軽食喫茶）,千年画廊　伊之助,35.718273,139.769699,point,池之端四丁目１６番２９号,台東区,池之端,526,台東区 食品衛生営業施設一覧,464,上野公園
飲食店,食べる,飲食店営業（一般・軽食喫茶）,ことこ茶店,35.718273,139.769699,point,池之端四丁目１６番２９号,台東区,池之端,526,台東区 食品衛生営業施設一覧,464,上野公園
飲食店,食べる,飲食店営業（一般・軽食喫茶）,ｐｅｋｏｅ（ペコー）,35.719288,139.768356,point,池之端四丁目２２番９号,台東区,池之端,690,台東区 食品衛生営業施設一覧,629,上野公園
飲食店,食べる,飲食店営業（一般・軽食喫茶）,雨虹　ａｍｅｎｉｊｉ,35.721306,139.802841,point,今戸二丁目１２番６号,台東区,今戸,2636,台東区 食品衛生営業施設一覧,916,浅草寺
飲食店,食べる,飲食店営業（一般・軽食喫茶）,イロドリｃａｆ?,35.720905,139.801926,point,今戸二丁目１４番３号,台東区,今戸,2545,台東区 食品衛生営業施設一覧,831,浅草寺
飲食店,食べる,飲食店営業（一般・軽食喫茶）,エル,35.721733,139.804794,point,今戸二丁目２２番１１号,台東区,今戸,2819,台東区 食品衛生営業施設一覧,1066,浅草寺
飲食店,食べる,飲食店営業（一般・軽食喫茶）,カフェ　コロラド　入谷店,35.71949,139.785477,point,入谷一丁目４番３号,台東区,入谷,1081,台東区 食品衛生営業施設一覧,1148,浅草寺
飲食店,食べる,飲食店営業（一般・軽食喫茶）,Ａｌｌｗａｙｓ　Ｃａｆｅｃｉｔｏ　Ｒｏａｓｔｅｒｓ,35.71949,139.785477,point,入谷一丁目４番３号,台東区,入谷,1081,台東区 食品衛生営業施設一覧,1148,浅草寺
飲食店,食べる,飲食店営業（一般・軽食喫茶）,Ｂ　Ｗａｔｅｒ,35.719601,139.78511,point,入谷一丁目５番１号,台東区,入谷,1056,台東区 食品衛生営業施設一覧,1157,上野公園
飲食店,食べる,飲食店営業（一般・軽食喫茶）,Ｂｕｒｇｅｒ’ｓ入谷,35.720219,139.784393,point,入谷一丁目６番６号,台東区,入谷,1030,台東区 食品衛生営業施設一覧,1129,上野公園
飲食店,食べる,飲食店営業（一般・軽食喫茶）,ＩＲＩＹＡ　ＣＯＦＦＥＥ　ＳＴＡＮＤ,35.721237,139.786118,point,入谷一丁目２５番１号,台東区,入谷,1222,台東区 食品衛生営業施設一覧,1203,浅草寺
飲食店,食べる,飲食店営業（一般・軽食喫茶）,ＧＯＮＺＵＩ,35.71851,139.788452,point,入谷二丁目３番１号,台東区,入谷,1300,台東区 食品衛生営業施設一覧,860,浅草寺
飲食店,食べる,飲食店営業（一般・軽食喫茶）,パティスリー　ミエ　シマムラ,35.721272,139.787766,point,入谷二丁目２６番２号,台東区,入谷,1354,台東区 食品衛生営業施設一覧,1090,浅草寺
飲食店,食べる,飲食店営業（一般・軽食喫茶）,路,35.721313,139.789169,point,入谷二丁目２９番１号,台東区,入谷,1469,台東区 食品衛生営業施設一覧,1003,浅草寺
飲食店,食べる,飲食店営業（一般・軽食喫茶）,上野上さま,35.705418,139.770981,point,上野一丁目２番５号,台東区,上野,1176,台東区 食品衛生営業施設一覧,445,アメヤ横丁
飲食店,食べる,飲食店営業（一般・軽食喫茶）,ｕ－ｃａｆｅ,35.705551,139.770996,point,上野一丁目２番６号,台東区,上野,1161,台東区 食品衛生営業施設一覧,433,アメヤ横丁
飲食店,食べる,飲食店営業（一般・軽食喫茶）,ヒロカワ,35.705566,139.770126,point,上野一丁目６番２号,台東区,上野,1184,台東区 食品衛生営業施設一覧,491,アメヤ横丁
飲食店,食べる,飲食店営業（一般・軽食喫茶）,不純喫茶ドープ　上野御徒町店,35.705868,139.770538,point,上野一丁目８番３号,台東区,上野,1140,台東区 食品衛生営業施設一覧,441,アメヤ横丁
飲食店,食べる,飲食店営業（一般・軽食喫茶）,うさぎや　１Ｆ,35.706158,139.771896,point,上野一丁目１０番１０号,台東区,上野,1076,台東区 食品衛生営業施設一覧,328,アメヤ横丁
飲食店,食べる,飲食店営業（一般・軽食喫茶）,ニューバンブー,35.706306,139.77005,point,上野一丁目１３番３号,台東区,上野,1109,台東区 食品衛生営業施設一覧,451,アメヤ横丁
飲食店,食べる,飲食店営業（一般・軽食喫茶）,Ｚｅｈｎ　Ｃｏｆｆｅｅ,35.706585,139.770172,point,上野一丁目１４番２号,台東区,上野,1076,台東区 食品衛生営業施設一覧,427,アメヤ横丁
飲食店,食べる,飲食店営業（一般・軽食喫茶）,Ｇｕｉ　Ｇｕｉ,35.706806,139.770096,point,上野一丁目１４番４号,台東区,上野,1056,台東区 食品衛生営業施設一覧,423,アメヤ横丁
飲食店,食べる,飲食店営業（一般・軽食喫茶）,純喫茶　シャルマン,35.707237,139.771164,point,上野一丁目１６番１５号,台東区,上野,977,台東区 食品衛生営業施設一覧,315,アメヤ横丁
飲食店,食べる,飲食店営業（一般・軽食喫茶）,うさぎやＣＡＦ?,35.706978,139.771606,point,上野一丁目１７番５号,台東区,上野,994,台東区 食品衛生営業施設一覧,292,アメヤ横丁
飲食店,食べる,飲食店営業（一般・軽食喫茶）,珈琲処　ボナール,35.706665,139.771942,point,上野一丁目１８番１１号,台東区,上野,1020,台東区 食品衛生営業施設一覧,287,アメヤ横丁
飲食店,食べる,飲食店営業（一般・軽食喫茶）,ＴＣＧ　カフェ・エリュシオン,35.708229,139.772491,point,上野二丁目１番３号,台東区,上野,839,台東区 食品衛生営業施設一覧,173,アメヤ横丁
飲食店,食べる,飲食店営業（一般・軽食喫茶）,エイトマン,35.708607,139.772446,point,上野二丁目６番４号,台東区,上野,799,台東区 食品衛生営業施設一覧,180,アメヤ横丁
飲食店,食べる,飲食店営業（一般・軽食喫茶）,コメダ珈琲店　上野広小路店,35.708599,139.77301,point,上野二丁目６番１２号,台東区,上野,790,台東区 食品衛生営業施設一覧,130,アメヤ横丁
飲食店,食べる,飲食店営業（一般・軽食喫茶）,ＦｉＭｉＴ,35.708599,139.77301,point,上野二丁目６番１２号,台東区,上野,790,台東区 食品衛生営業施設一覧,130,アメヤ横丁
飲食店,食べる,飲食店営業（一般・軽食喫茶）,酒悦　本店舗,35.70929,139.773163,point,上野二丁目７番１１号,台東区,上野,712,台東区 食品衛生営業施設一覧,157,アメヤ横丁
飲食店,食べる,飲食店営業（一般・軽食喫茶）,Ｇａｒｄｅｎ,35.709156,139.769989,point,上野二丁目１１番１２号,台東区,上野,824,台東区 食品衛生営業施設一覧,409,アメヤ横丁
飲食店,食べる,飲食店営業（一般・軽食喫茶）,＆Ｈｅｒｅ　Ｃａｆｅ,35.70937,139.770905,point,上野二丁目１１番１８号,台東区,上野,765,台東区 食品衛生営業施設一覧,337,アメヤ横丁
飲食店,食べる,飲食店営業（一般・軽食喫茶）,星乃珈琲　上野店,35.70956,139.773148,point,上野二丁目１２番１号,台東区,上野,683,台東区 食品衛生営業施設一覧,180,アメヤ横丁
飲食店,食べる,飲食店営業（一般・軽食喫茶）,Ｗｅｂ３　Ｐｕｂ,35.70956,139.771805,point,上野二丁目１２番１６号,台東区,上野,714,台東区 食品衛生営業施設一覧,273,アメヤ横丁
飲食店,食べる,飲食店営業（一般・軽食喫茶）,ケイスペース（ＫＳＰＡＣＥ）,35.709946,139.77327,point,上野二丁目１３番１３号,台東区,上野,638,台東区 食品衛生営業施設一覧,210,アメヤ横丁
飲食店,食べる,飲食店営業（一般・軽食喫茶）,とうかい,35.71088,139.773193,point,上野二丁目１４番２９号,台東区,上野,538,台東区 食品衛生営業施設一覧,307,アメヤ横丁
飲食店,食べる,飲食店営業（一般・軽食喫茶）,喫茶室ルノアール　京成上野駅前店,35.710613,139.773239,point,上野二丁目１４番３１号,台東区,上野,566,台東区 食品衛生営業施設一覧,278,アメヤ横丁
飲食店,食べる,飲食店営業（一般・軽食喫茶）,松崎珈琲,35.702969,139.773285,point,上野三丁目２番１号,台東区,上野,1409,台東区 食品衛生営業施設一覧,601,アメヤ横丁
飲食店,食べる,飲食店営業（一般・軽食喫茶）,カフェ・ラパン,35.705624,139.772705,point,上野三丁目１５番７号,台東区,上野,1121,台東区 食品衛生営業施設一覧,335,アメヤ横丁
飲食店,食べる,飲食店営業（一般・軽食喫茶）,ＧＯＮ　ＢＵＲＧＥＲ＆ＣＡＦＥ　上野御徒町店,35.705997,139.7724,point,上野三丁目１７番５号,台東区,上野,1085,台東区 食品衛生営業施設一覧,313,アメヤ横丁
飲食店,食べる,飲食店営業（一般・軽食喫茶）,カフェ・ベローチェ上野三丁目店,35.70623,139.772537,point,上野三丁目１７番７号,台東区,上野,1057,台東区 食品衛生営業施設一覧,285,アメヤ横丁
飲食店,食べる,飲食店営業（一般・軽食喫茶）,ＢＵＧＴＩＭＥ,35.706024,139.773712,point,上野三丁目１９番７号,台東区,上野,1067,台東区 食品衛生営業施設一覧,261,アメヤ横丁
飲食店,食べる,飲食店営業（一般・軽食喫茶）,珈琲館トーセイホテルココネ上野御徒町店,35.706532,139.773132,point,上野三丁目２３番９号,台東区,上野,1016,台東区 食品衛生営業施設一覧,228,アメヤ横丁
飲食店,食べる,飲食店営業（一般・軽食喫茶）,あんみつ　みはし　パルコヤ上野店,35.70697,139.772964,point,上野三丁目２４番６号,台東区,上野,970,台東区 食品衛生営業施設一覧,197,アメヤ横丁
飲食店,食べる,飲食店営業（一般・軽食喫茶）,ＴＯＨＯシネマズ上野,35.70697,139.772964,point,上野三丁目２４番６号,台東区,上野,970,台東区 食品衛生営業施設一覧,197,アメヤ横丁
飲食店,食べる,飲食店営業（一般・軽食喫茶）,ディーン　アンド　デルーカ　カフェ,35.70697,139.772964,point,上野三丁目２４番６号,台東区,上野,970,台東区 食品衛生営業施設一覧,197,アメヤ横丁
飲食店,食べる,飲食店営業（一般・軽食喫茶）,廚　くろぎ,35.70697,139.772964,point,上野三丁目２４番６号,台東区,上野,970,台東区 食品衛生営業施設一覧,197,アメヤ横丁
飲食店,食べる,飲食店営業（一般・軽食喫茶）,ハーブス　上野店,35.70697,139.772964,point,上野三丁目２４番６号,台東区,上野,970,台東区 食品衛生営業施設一覧,197,アメヤ横丁
飲食店,食べる,飲食店営業（一般・軽食喫茶）,喫茶室ルノアール　御徒町南口駅前店,35.707001,139.774277,point,上野三丁目２７番１号,台東区,上野,956,台東区 食品衛生営業施設一覧,145,アメヤ横丁
飲食店,食べる,飲食店営業（一般・軽食喫茶）,サンマルクカフェ　御徒町南口店,35.707104,139.774048,point,上野三丁目２７番３号,台東区,上野,946,台東区 食品衛生営業施設一覧,137,アメヤ横丁
飲食店,食べる,飲食店営業（一般・軽食喫茶）,松坂屋　上野店（アルサスローレン）,35.707314,139.773682,point,上野三丁目２８番４号,台東区,上野,924,台東区 食品衛生営業施設一覧,127,アメヤ横丁
飲食店,食べる,飲食店営業（一般・軽食喫茶）,松坂屋　上野店　（喫茶トリコロール）,35.707516,139.773193,point,上野三丁目２９番５号,台東区,上野,907,台東区 食品衛生営業施設一覧,140,アメヤ横丁
飲食店,食べる,飲食店営業（一般・軽食喫茶）,松坂屋　上野店（茶寮　銀座　清月堂）,35.707516,139.773193,point,上野三丁目２９番５号,台東区,上野,907,台東区 食品衛生営業施設一覧,140,アメヤ横丁
飲食店,食べる,飲食店営業（一般・軽食喫茶）,Ｇｏｎｇ　ｃｈａ　上野松坂屋店,35.707516,139.773193,point,上野三丁目２９番５号,台東区,上野,907,台東区 食品衛生営業施設一覧,140,アメヤ横丁
飲食店,食べる,飲食店営業（一般・軽食喫茶）,松坂屋　上野店（みはし）,35.707516,139.773193,point,上野三丁目２９番５号,台東区,上野,907,台東区 食品衛生営業施設一覧,140,アメヤ横丁
飲食店,食べる,飲食店営業（一般・軽食喫茶）,アメ横　ダンケ,35.708412,139.774597,point,上野四丁目１番８号,台東区,上野,799,台東区 食品衛生営業施設一覧,22,アメヤ横丁
飲食店,食べる,飲食店営業（一般・軽食喫茶）,清水商店１０,35.708195,139.774628,point,上野四丁目１番１０号,台東区,上野,823,台東区 食品衛生営業施設一覧,24,アメヤ横丁
飲食店,食べる,飲食店営業（一般・軽食喫茶）,もみの湯,35.708698,139.773727,point,上野四丁目５番２号,台東区,上野,771,台東区 食品衛生営業施設一覧,75,アメヤ横丁
飲食店,食べる,飲食店営業（一般・軽食喫茶）,サンマルクカフェ上野広小路店,35.709126,139.773834,point,上野四丁目５番８号,台東区,上野,722,台東区 食品衛生営業施設一覧,105,アメヤ横丁
飲食店,食べる,飲食店営業（一般・軽食喫茶）,カフェ　ニキ,35.708473,139.774628,point,上野四丁目６番１号,台東区,上野,793,台東区 食品衛生営業施設一覧,28,アメヤ横丁
飲食店,食べる,飲食店営業（一般・軽食喫茶）,黒工号,35.709003,139.774261,point,上野四丁目６番８号,台東区,上野,734,台東区 食品衛生営業施設一覧,79,アメヤ横丁
飲食店,食べる,飲食店営業（一般・軽食喫茶）,コーヒー　ビタール,35.708534,139.774704,point,上野四丁目６番１３号,台東区,上野,786,台東区 食品衛生営業施設一覧,38,アメヤ横丁
飲食店,食べる,飲食店営業（一般・軽食喫茶）,ベリームーン,35.709705,139.774414,point,上野四丁目７番８号,台東区,上野,656,台東区 食品衛生営業施設一覧,156,アメヤ横丁
飲食店,食べる,飲食店営業（一般・軽食喫茶）,吉祥焼き小籠包,35.709705,139.774414,point,上野四丁目７番８号,台東区,上野,656,台東区 食品衛生営業施設一覧,156,アメヤ横丁
飲食店,食べる,飲食店営業（一般・軽食喫茶）,カピタピ,35.709705,139.774414,point,上野四丁目７番８号,台東区,上野,656,台東区 食品衛生営業施設一覧,156,アメヤ横丁
飲食店,食べる,飲食店営業（一般・軽食喫茶）,Ｌｏｓｔ　ｉｎ　ｔｈｅ　ｐａｇｅｓ,35.709358,139.773621,point,上野四丁目８番４号,台東区,上野,699,台東区 食品衛生営業施設一覧,137,アメヤ横丁
飲食店,食べる,飲食店営業（一般・軽食喫茶）,Ａ＋ＤｉｅｔＧｙｍ,35.709614,139.773682,point,上野四丁目８番６号,台東区,上野,670,台東区 食品衛生営業施設一覧,160,アメヤ横丁
飲食店,食べる,飲食店営業（一般・軽食喫茶）,有限会社　みはし,35.7103,139.773926,point,上野四丁目９番７号,台東区,上野,592,台東区 食品衛生営業施設一覧,226,アメヤ横丁
飲食店,食べる,飲食店営業（一般・軽食喫茶）,株式会社茶の君野園,35.710152,139.77449,point,上野四丁目９番１３号,台東区,上野,606,台東区 食品衛生営業施設一覧,206,アメヤ横丁
飲食店,食べる,飲食店営業（一般・軽食喫茶）,かるた家,35.710152,139.77449,point,上野四丁目９番１３号,台東区,上野,606,台東区 食品衛生営業施設一覧,206,アメヤ横丁
飲食店,食べる,飲食店営業（一般・軽食喫茶）,株式会社　茶の君野園,35.710152,139.77449,point,上野四丁目９番１３号,台東区,上野,606,台東区 食品衛生営業施設一覧,206,アメヤ横丁
飲食店,食べる,飲食店営業（一般・軽食喫茶）,マリオンクレープ上野アメ横店,35.710861,139.774246,point,上野四丁目１０番６号,台東区,上野,527,台東区 食品衛生営業施設一覧,285,アメヤ横丁
飲食店,食べる,飲食店営業（一般・軽食喫茶）,喫茶室　ルノアール,35.710987,139.774307,point,上野四丁目１０番７号,台東区,上野,513,台東区 食品衛生営業施設一覧,299,アメヤ横丁
飲食店,食べる,飲食店営業（一般・軽食喫茶）,室町ボンクール　御徒町店,35.703964,139.775635,point,上野五丁目６番１０号,台東区,上野,1298,台東区 食品衛生営業施設一覧,495,アメヤ横丁
飲食店,食べる,飲食店営業（一般・軽食喫茶）,やなか珈琲店,35.703445,139.773941,point,上野五丁目９番７号,台東区,上野,1353,台東区 食品衛生営業施設一覧,541,アメヤ横丁
飲食店,食べる,飲食店営業（一般・軽食喫茶）,カフェアサン,35.703712,139.773987,point,上野五丁目９番９号,台東区,上野,1323,台東区 食品衛生営業施設一覧,512,アメヤ横丁
飲食店,食べる,飲食店営業（一般・軽食喫茶）,ドトールコーヒーショップ御徒町南口店,35.70657,139.774399,point,上野五丁目２０番６号,台東区,上野,1004,台東区 食品衛生営業施設一覧,192,アメヤ横丁
飲食店,食べる,飲食店営業（一般・軽食喫茶）,ガルミッシュ,35.70668,139.775314,point,上野五丁目２５番２号,台東区,上野,995,台東区 食品衛生営業施設一覧,198,アメヤ横丁
飲食店,食べる,飲食店営業（一般・軽食喫茶）,大沢牛乳㈱御徒町店,35.707531,139.774551,point,上野五丁目２７番８号,台東区,上野,897,台東区 食品衛生営業施設一覧,87,アメヤ横丁
飲食店,食べる,飲食店営業（一般・軽食喫茶）,ベックスコーヒーショップ御徒町店,35.707531,139.774551,point,上野五丁目２７番８号,台東区,上野,897,台東区 食品衛生営業施設一覧,87,アメヤ横丁
飲食店,食べる,飲食店営業（一般・軽食喫茶）,喫茶室ルノアール　御徒町春日通り店,35.707798,139.775909,point,上野六丁目１番１号,台東区,上野,877,台東区 食品衛生営業施設一覧,147,アメヤ横丁
飲食店,食べる,飲食店営業（一般・軽食喫茶）,株式会社伊勢音,35.70879,139.774796,point,上野六丁目４番１０号,台東区,上野,758,台東区 食品衛生営業施設一覧,65,アメヤ横丁
飲食店,食べる,飲食店営業（一般・軽食喫茶）,丘,35.708759,139.77536,point,上野六丁目５番３号,台東区,上野,765,台東区 食品衛生営業施設一覧,101,アメヤ横丁
飲食店,食べる,飲食店営業（一般・軽食喫茶）,珈琲　王城,35.710152,139.775787,point,上野六丁目８番１４号,台東区,上野,617,台東区 食品衛生営業施設一覧,241,アメヤ横丁
飲食店,食べる,飲食店営業（一般・軽食喫茶）,シーシャカフェ　ＤＵＢＡＩ,35.709724,139.775284,point,上野六丁目９番１号,台東区,上野,657,台東区 食品衛生営業施設一覧,177,アメヤ横丁
飲食店,食べる,飲食店営業（一般・軽食喫茶）,Ｃｏｆｆｅｅ　ｂｙ　Ｊａｌａｎａ,35.708977,139.77507,point,上野六丁目１０番１号,台東区,上野,738,台東区 食品衛生営業施設一覧,97,アメヤ横丁
飲食店,食べる,飲食店営業（一般・軽食喫茶）,株式会社三香園商店,35.709049,139.774796,point,上野六丁目１０番３号,台東区,上野,729,台東区 食品衛生営業施設一覧,91,アメヤ横丁
飲食店,食べる,飲食店営業（一般・軽食喫茶）,龍翔堂　アメ横店,35.709049,139.774796,point,上野六丁目１０番３号,台東区,上野,729,台東区 食品衛生営業施設一覧,91,アメヤ横丁
飲食店,食べる,飲食店営業（一般・軽食喫茶）,ＣＨＡＣＨＡ茶茶,35.709587,139.774704,point,上野六丁目１０番７号,台東区,上野,669,台東区 食品衛生営業施設一覧,146,アメヤ横丁
飲食店,食べる,飲食店営業（一般・軽食喫茶）,黒工号　２号店,35.709587,139.774704,point,上野六丁目１０番７号,台東区,上野,669,台東区 食品衛生営業施設一覧,146,アメヤ横丁
飲食店,食べる,飲食店営業（一般・軽食喫茶）,天天鮮果２号店,35.709587,139.774704,point,上野六丁目１０番７号,台東区,上野,669,台東区 食品衛生営業施設一覧,146,アメヤ横丁
飲食店,食べる,飲食店営業（一般・軽食喫茶）,龍翔堂　上野店,35.710575,139.774536,point,上野六丁目１１番３号,台東区,上野,559,台東区 食品衛生営業施設一覧,253,アメヤ横丁
飲食店,食べる,飲食店営業（一般・軽食喫茶）,ドトールコーヒーショップ上野御徒町中央通り店,35.710793,139.77504,point,上野六丁目１３番６号,台東区,上野,537,台東区 食品衛生営業施設一覧,283,アメヤ横丁
飲食店,食べる,飲食店営業（一般・軽食喫茶）,四代目大野屋氷室,35.711075,139.775482,point,上野六丁目１４番１号,台東区,上野,511,台東区 食品衛生営業施設一覧,324,アメヤ横丁
飲食店,食べる,飲食店営業（一般・軽食喫茶）,ギャラン,35.711193,139.775177,point,上野六丁目１４番４号,台東区,上野,494,台東区 食品衛生営業施設一覧,329,アメヤ横丁
飲食店,食べる,飲食店営業（一般・軽食喫茶）,椿屋珈琲　上野茶廊,35.711407,139.77536,point,上野六丁目１４番６号,台東区,上野,473,台東区 食品衛生営業施設一覧,356,アメヤ横丁
飲食店,食べる,飲食店営業（一般・軽食喫茶）,出汁と米　天むす宮,35.711155,139.775574,point,上野六丁目１４番９号,台東区,上野,504,台東区 食品衛生営業施設一覧,335,アメヤ横丁
飲食店,食べる,飲食店営業（一般・軽食喫茶）,和カフェ　　ｙｕｓｏｓｈｉ　　ｃｈａｎｏ－ｍａ,35.710232,139.775787,point,上野六丁目１５番１号,台東区,上野,608,台東区 食品衛生営業施設一覧,249,アメヤ横丁
飲食店,食べる,飲食店営業（一般・軽食喫茶）,スターバックスコーヒー　上野マルイ店,35.710232,139.775787,point,上野六丁目１５番１号,台東区,上野,608,台東区 食品衛生営業施設一覧,249,アメヤ横丁
飲食店,食べる,飲食店営業（一般・軽食喫茶）,Ｃａｆ?＆Ｍｅａｌ　ＭＵＪＩ　上野マルイ,35.710232,139.775787,point,上野六丁目１５番１号,台東区,上野,608,台東区 食品衛生営業施設一覧,249,アメヤ横丁
飲食店,食べる,飲食店営業（一般・軽食喫茶）,上野マルイ店　和栗や　栗のＩＲＯＩＲＯ,35.710232,139.775787,point,上野六丁目１５番１号,台東区,上野,608,台東区 食品衛生営業施設一覧,249,アメヤ横丁
飲食店,食べる,飲食店営業（一般・軽食喫茶）,㈱丸井上野　花神楽　パンダ焼き,35.710232,139.775787,point,上野六丁目１５番１号,台東区,上野,608,台東区 食品衛生営業施設一覧,249,アメヤ横丁
飲食店,食べる,飲食店営業（一般・軽食喫茶）,株式会社丸井　上野マルイ　食カレンダリウム,35.710232,139.775787,point,上野六丁目１５番１号,台東区,上野,608,台東区 食品衛生営業施設一覧,249,アメヤ横丁
飲食店,食べる,飲食店営業（一般・軽食喫茶）,ＧＯＯＤ　ＮＥＷＳ　ＴＯＫＹＯ　上野マルイ店,35.710232,139.775787,point,上野六丁目１５番１号,台東区,上野,608,台東区 食品衛生営業施設一覧,249,アメヤ横丁
飲食店,食べる,飲食店営業（一般・軽食喫茶）,ゴクゴク,35.710232,139.775787,point,上野六丁目１５番１号,台東区,上野,608,台東区 食品衛生営業施設一覧,249,アメヤ横丁
飲食店,食べる,飲食店営業（一般・軽食喫茶）,上野マルイ１階　イベントスペース,35.710232,139.775787,point,上野六丁目１５番１号,台東区,上野,608,台東区 食品衛生営業施設一覧,249,アメヤ横丁
飲食店,食べる,飲食店営業（一般・軽食喫茶）,ベビクロ　上野マルイ店,35.710232,139.775787,point,上野六丁目１５番１号,台東区,上野,608,台東区 食品衛生営業施設一覧,249,アメヤ横丁
飲食店,食べる,飲食店営業（一般・軽食喫茶）,抹茶ラボ上野丸井店,35.710232,139.775787,point,上野六丁目１５番１号,台東区,上野,608,台東区 食品衛生営業施設一覧,249,アメヤ横丁
飲食店,食べる,飲食店営業（一般・軽食喫茶）,サーティワンアイスクリーム上野マルイ店,35.710232,139.775787,point,上野六丁目１５番１号,台東区,上野,608,台東区 食品衛生営業施設一覧,249,アメヤ横丁
飲食店,食べる,飲食店営業（一般・軽食喫茶）,有限会社　リーム井筒,35.711182,139.775665,point,上野六丁目１５番９号,台東区,上野,502,台東区 食品衛生営業施設一覧,340,アメヤ横丁
飲食店,食べる,飲食店営業（一般・軽食喫茶）,喫茶　マドンナー,35.710247,139.775955,point,上野六丁目１６番４号,台東区,上野,610,台東区 食品衛生営業施設一覧,258,アメヤ横丁
飲食店,食べる,飲食店営業（一般・軽食喫茶）,チルイン上野１号店,35.710651,139.776016,point,上野六丁目１６番７号,台東区,上野,567,台東区 食品衛生営業施設一覧,299,アメヤ横丁
飲食店,食べる,飲食店営業（一般・軽食喫茶）,スターバックスコーヒー　アトレ上野店,35.713696,139.776917,point,上野七丁目１番１号,台東区,上野,304,台東区 食品衛生営業施設一覧,369,上野公園
飲食店,食べる,飲食店営業（一般・軽食喫茶）,ＷＩＲＥＤ　ＣＡＦＥ　アトレ上野店,35.713696,139.776917,point,上野七丁目１番１号,台東区,上野,304,台東区 食品衛生営業施設一覧,369,上野公園
飲食店,食べる,飲食店営業（一般・軽食喫茶）,みはし　アトレ上野店,35.713696,139.776917,point,上野七丁目１番１号,台東区,上野,304,台東区 食品衛生営業施設一覧,369,上野公園
飲食店,食べる,飲食店営業（一般・軽食喫茶）,アフタヌーンティー・ティールーム,35.713696,139.776917,point,上野七丁目１番１号,台東区,上野,304,台東区 食品衛生営業施設一覧,369,上野公園
飲食店,食べる,飲食店営業（一般・軽食喫茶）,ＰＲＯＬＯＧＵＥ　四季島,35.713696,139.776917,point,上野七丁目１番１号,台東区,上野,304,台東区 食品衛生営業施設一覧,369,上野公園
飲食店,食べる,飲食店営業（一般・軽食喫茶）,ゴンチャ　エキュート上野店,35.713696,139.776917,point,上野七丁目１番１号,台東区,上野,304,台東区 食品衛生営業施設一覧,369,上野公園
飲食店,食べる,飲食店営業（一般・軽食喫茶）,騒豆花　エキュート上野店,35.713696,139.776917,point,上野七丁目１番１号,台東区,上野,304,台東区 食品衛生営業施設一覧,369,上野公園
飲食店,食べる,飲食店営業（一般・軽食喫茶）,やなぎ茶屋　上野,35.713696,139.776917,point,上野七丁目１番１号,台東区,上野,304,台東区 食品衛生営業施設一覧,369,上野公園
飲食店,食べる,飲食店営業（一般・軽食喫茶）,騒豆花　上野店,35.713696,139.776917,point,上野七丁目１番１号,台東区,上野,304,台東区 食品衛生営業施設一覧,369,上野公園
飲食店,食べる,飲食店営業（一般・軽食喫茶）,麻布茶房,35.713696,139.776917,point,上野七丁目１番１号,台東区,上野,304,台東区 食品衛生営業施設一覧,369,上野公園
飲食店,食べる,飲食店営業（一般・軽食喫茶）,スターバックス　コーヒー　エキュート上野　公園口店,35.713696,139.776917,point,上野七丁目１番１号,台東区,上野,304,台東区 食品衛生営業施設一覧,369,上野公園
飲食店,食べる,飲食店営業（一般・軽食喫茶）,スターバックスコーヒー　ＪＲ上野駅　入谷改札前店,35.713696,139.776917,point,上野七丁目１番１号,台東区,上野,304,台東区 食品衛生営業施設一覧,369,上野公園
飲食店,食べる,飲食店営業（一般・軽食喫茶）,ソーシャルグッドロースターズ,35.713696,139.776917,point,上野七丁目１番１号,台東区,上野,304,台東区 食品衛生営業施設一覧,369,上野公園
飲食店,食べる,飲食店営業（一般・軽食喫茶）,ＣＯＦＦＥＥ　＆ＢＡＲ　ｇｇ　ＫＵＲＡＭＡＥ　エキュート上野店,35.713696,139.776917,point,上野七丁目１番１号,台東区,上野,304,台東区 食品衛生営業施設一覧,369,上野公園
飲食店,食べる,飲食店営業（一般・軽食喫茶）,ＴＨＥ　ＳＴＡＮＤＡＲＤ　ＢＡＫＥＲＳ　エキュート上野店,35.713696,139.776917,point,上野七丁目１番１号,台東区,上野,304,台東区 食品衛生営業施設一覧,369,上野公園
飲食店,食べる,飲食店営業（一般・軽食喫茶）,猫まるカフェ,35.712437,139.777298,point,上野七丁目２番２号,台東区,上野,433,台東区 食品衛生営業施設一覧,481,上野公園
飲食店,食べる,飲食店営業（一般・軽食喫茶）,コーヒー店　桂一号店,35.716213,139.780594,point,上野七丁目１２番８号,台東区,上野,554,台東区 食品衛生営業施設一覧,656,上野公園
飲食店,食べる,飲食店営業（一般・軽食喫茶）,上野の森美術館,35.712722,139.774806,point,上野公園１番２号,台東区,上野公園,321,台東区 食品衛生営業施設一覧,322,上野公園
飲食店,食べる,飲食店営業（一般・軽食喫茶）,Ｍｓ．ＹＡＫＩＩＭＯ,35.712082,139.774704,point,上野公園１番５４号,台東区,上野公園,392,台東区 食品衛生営業施設一覧,385,上野公園
飲食店,食べる,飲食店営業（一般・軽食喫茶）,ｃａｆｅ　ＫＡＲＭｉＡ,35.711555,139.774216,point,上野公園１番５９号,台東区,上野公園,451,台東区 食品衛生営業施設一覧,362,アメヤ横丁
飲食店,食べる,飲食店営業（一般・軽食喫茶）,デリフランス　京成上野店,35.711426,139.774155,point,上野公園１番６０号,台東区,上野公園,465,台東区 食品衛生営業施設一覧,348,アメヤ横丁
飲食店,食べる,飲食店営業（一般・軽食喫茶）,カフェすいれん,35.714954,139.775375,point,上野公園７番７号,台東区,上野公園,107,台東区 食品衛生営業施設一覧,184,上野公園
飲食店,食べる,飲食店営業（一般・軽食喫茶）,科学博物館　くじらカフェ,35.716393,139.776062,point,上野公園７番２０号,台東区,上野公園,166,台東区 食品衛生営業施設一覧,265,上野公園
飲食店,食べる,飲食店営業（一般・軽食喫茶）,パークス上野店,35.714809,139.776505,point,上野公園７番４７号,台東区,上野公園,201,台東区 食品衛生営業施設一覧,287,上野公園
飲食店,食べる,飲食店営業（一般・軽食喫茶）,上野グリーンサロン,35.714809,139.776505,point,上野公園７番４７号,台東区,上野公園,201,台東区 食品衛生営業施設一覧,287,上野公園
飲食店,食べる,飲食店営業（一般・軽食喫茶）,ＥＶＥＲＹＯＮＥ’ｓ　ＣＡＦＥ,35.715282,139.774628,point,上野公園８番４号,台東区,上野公園,37,台東区 食品衛生営業施設一覧,111,上野公園
飲食店,食べる,飲食店営業（一般・軽食喫茶）,スターバックスコーヒー　上野恩賜公園店,35.716244,139.7733,point,上野公園８番２２号,台東区,上野公園,130,台東区 食品衛生営業施設一覧,96,上野公園
飲食店,食べる,飲食店営業（一般・軽食喫茶）,西園軽飲食店,35.715878,139.772903,point,上野公園９番８３号,台東区,上野公園,147,台東区 食品衛生営業施設一覧,71,上野公園
飲食店,食べる,飲食店営業（一般・軽食喫茶）,４号売店（カフェカメレオン）,35.715878,139.772903,point,上野公園９番８３号,台東区,上野公園,147,台東区 食品衛生営業施設一覧,71,上野公園
飲食店,食べる,飲食店営業（一般・軽食喫茶）,３号アシカ売店,35.715878,139.772903,point,上野公園９番８３号,台東区,上野公園,147,台東区 食品衛生営業施設一覧,71,上野公園
飲食店,食べる,飲食店営業（一般・軽食喫茶）,東照宮　第一売店,35.715591,139.772675,point,上野公園９番８６号,台東区,上野公園,165,台東区 食品衛生営業施設一覧,70,上野公園
飲食店,食べる,飲食店営業（一般・軽食喫茶）,新鴬亭,35.715591,139.772675,point,上野公園９番８６号,台東区,上野公園,165,台東区 食品衛生営業施設一覧,70,上野公園
飲食店,食べる,飲食店営業（一般・軽食喫茶）,ホテル　オークラ　ミュージアム　カフェ,35.719269,139.772217,point,上野公園１２番８号,台東区,上野公園,457,台東区 食品衛生営業施設一覧,445,上野公園
飲食店,食べる,飲食店営業（一般・軽食喫茶）,こども図書館　カフェテリア,35.719219,139.773834,point,上野公園１２番４９号,台東区,上野公園,407,台東区 食品衛生営業施設一覧,429,上野公園
飲食店,食べる,飲食店営業（一般・軽食喫茶）,上島珈琲店黒田記念館店,35.718815,139.773422,point,上野公園１２番５３号,台東区,上野公園,371,台東区 食品衛生営業施設一覧,382,上野公園
飲食店,食べる,飲食店営業（一般・軽食喫茶）,ホテルオークラレストラン　ゆりの木売店,35.717556,139.775543,point,上野公園１３番９号,台東区,上野公園,237,台東区 食品衛生営業施設一覧,310,上野公園
飲食店,食べる,飲食店営業（一般・軽食喫茶）,ＴＯＨＡＫＵ茶館,35.717556,139.775543,point,上野公園１３番９号,台東区,上野公園,237,台東区 食品衛生営業施設一覧,310,上野公園
飲食店,食べる,飲食店営業（一般・軽食喫茶）,平成館１階ラウンジ内　鶴屋吉信売店,35.717556,139.775543,point,上野公園１３番９号,台東区,上野公園,237,台東区 食品衛生営業施設一覧,310,上野公園
飲食店,食べる,飲食店営業（一般・軽食喫茶）,Ｓａｖｏｒ　ｔｈｅ　Ｍａｔｃｈａ,35.717865,139.778732,point,上野公園１６番２５号,台東区,上野公園,458,台東区 食品衛生営業施設一覧,555,上野公園
飲食店,食べる,飲食店営業（一般・軽食喫茶）,ａｎｄ／ｏｒ,35.72084,139.77243,point,上野桜木一丁目４番６号,台東区,上野桜木,612,台東区 食品衛生営業施設一覧,613,上野公園
飲食店,食べる,飲食店営業（一般・軽食喫茶）,Ｃａｆ?　?ａＬ?　（カフェ　サラ）,35.720226,139.771164,point,上野桜木一丁目５番９号,台東区,上野桜木,596,台東区 食品衛生営業施設一覧,575,上野公園
飲食店,食べる,飲食店営業（一般・軽食喫茶）,ことりカフェ　上野本店,35.720016,139.769714,point,上野桜木一丁目８番６号,台東区,上野桜木,654,台東区 食品衛生営業施設一覧,614,上野公園
飲食店,食べる,飲食店営業（一般・軽食喫茶）,閒茶,35.720127,139.770538,point,上野桜木一丁目９番５号,台東区,上野桜木,618,台東区 食品衛生営業施設一覧,588,上野公園
飲食店,食べる,飲食店営業（一般・軽食喫茶）,ｋｏｋｏｍａｍａ,35.722424,139.774078,point,上野桜木一丁目１４番２１号,台東区,上野桜木,760,台東区 食品衛生営業施設一覧,786,上野公園
飲食店,食べる,飲食店営業（一般・軽食喫茶）,カフェ　ポレ　ポレ,35.720074,139.779114,point,上野桜木一丁目１６番６８号,台東区,上野桜木,649,台東区 食品衛生営業施設一覧,734,上野公園
飲食店,食べる,飲食店営業（一般・軽食喫茶）,清浄無垢,35.72121,139.771088,point,上野桜木二丁目１０番５号,台東区,上野桜木,696,台東区 食品衛生営業施設一覧,681,上野公園
飲食店,食べる,飲食店営業（一般・軽食喫茶）,うなぎいもストア　上野桜木店,35.72121,139.771088,point,上野桜木二丁目１０番５号,台東区,上野桜木,696,台東区 食品衛生営業施設一覧,681,上野公園
飲食店,食べる,飲食店営業（一般・軽食喫茶）,愛玉子,35.721603,139.770691,point,上野桜木二丁目１１番８号,台東区,上野桜木,751,台東区 食品衛生営業施設一覧,734,上野公園
飲食店,食べる,飲食店営業（一般・軽食喫茶）,みんなのざしき,35.72234,139.770828,point,上野桜木二丁目１５番６号,台東区,上野桜木,819,台東区 食品衛生営業施設一覧,808,上野公園
飲食店,食べる,飲食店営業（一般・軽食喫茶）,おしおりーぶ（ｏｓｈｉｏｌｉｖｅ）,35.72234,139.770828,point,上野桜木二丁目１５番６号,台東区,上野桜木,819,台東区 食品衛生営業施設一覧,808,上野公園
飲食店,食べる,飲食店営業（一般・軽食喫茶）,Ｔｈｉｎｋ,35.72234,139.770828,point,上野桜木二丁目１５番６号,台東区,上野桜木,819,台東区 食品衛生営業施設一覧,808,上野公園
飲食店,食べる,飲食店営業（一般・軽食喫茶）,雀,35.72234,139.770828,point,上野桜木二丁目１５番６号,台東区,上野桜木,819,台東区 食品衛生営業施設一覧,808,上野公園
飲食店,食べる,飲食店営業（一般・軽食喫茶）,ｃａｆｅ　ＰＯＴＡ　ａｓａｋｕｓａ,35.709942,139.793259,point,雷門一丁目３番４号,台東区,雷門,1807,台東区 食品衛生営業施設一覧,325,雷門
飲食店,食べる,飲食店営業（一般・軽食喫茶）,ナッツ,35.710106,139.792419,point,雷門一丁目５番９号,台東区,雷門,1729,台東区 食品衛生営業施設一覧,394,雷門
飲食店,食べる,飲食店営業（一般・軽食喫茶）,ｍａｍｅ　ｃａｆｅ　ＡＳＡＫＵＳＡ,35.710106,139.792419,point,雷門一丁目５番９号,台東区,雷門,1729,台東区 食品衛生営業施設一覧,394,雷門
飲食店,食べる,飲食店営業（一般・軽食喫茶）,ぱちぱち,35.710316,139.792572,point,雷門一丁目５番１１号,台東区,雷門,1734,台東区 食品衛生営業施設一覧,377,雷門
飲食店,食べる,飲食店営業（一般・軽食喫茶）,サクラ咲,35.710384,139.792603,point,雷門一丁目９番２号,台東区,雷門,1734,台東区 食品衛生営業施設一覧,373,雷門
飲食店,食べる,飲食店営業（一般・軽食喫茶）,ＭＡＴＣＨＡ　ＴＩＭＥＳ　浅草店,35.710384,139.792603,point,雷門一丁目９番２号,台東区,雷門,1734,台東区 食品衛生営業施設一覧,373,雷門
飲食店,食べる,飲食店営業（一般・軽食喫茶）,Ｋ’ｓ　ｃａｆｅ,35.710297,139.793198,point,雷門一丁目１０番１号,台東区,雷門,1788,台東区 食品衛生営業施設一覧,321,雷門
飲食店,食べる,飲食店営業（一般・軽食喫茶）,一松　はなれ,35.710938,139.793427,point,雷門一丁目１５番１４号,台東区,雷門,1786,台東区 食品衛生営業施設一覧,296,雷門
飲食店,食べる,飲食店営業（一般・軽食喫茶）,カフェ・ムルソー,35.709221,139.797073,point,雷門二丁目１番５号,台東区,雷門,2158,台東区 食品衛生営業施設一覧,179,雷門
飲食店,食べる,飲食店営業（一般・軽食喫茶）,ｔｓｕｋｉｎｏ,35.709335,139.797165,point,雷門二丁目１番６号,台東区,雷門,2162,台東区 食品衛生営業施設一覧,168,雷門
飲食店,食べる,飲食店営業（一般・軽食喫茶）,ＫＩＥＬＯ　ＣＯＦＦＥＥ　ＡＳＡＫＵＳＡ,35.709927,139.795502,point,雷門二丁目１０番５号,台東区,雷門,1998,台東区 食品衛生営業施設一覧,145,雷門
飲食店,食べる,飲食店営業（一般・軽食喫茶）,Ｌｉｏｎ　ｂｕｉｌｄｉｎｇ,35.709526,139.795975,point,雷門二丁目１１番１０号,台東区,雷門,2053,台東区 食品衛生営業施設一覧,156,雷門
飲食店,食べる,飲食店営業（一般・軽食喫茶）,まるごと北海道物産本舗,35.710011,139.796036,point,雷門二丁目１２番１０号,台東区,雷門,2041,台東区 食品衛生営業施設一覧,106,雷門
飲食店,食べる,飲食店営業（一般・軽食喫茶）,マーチ,35.710384,139.795319,point,雷門二丁目１４番８号,台東区,雷門,1967,台東区 食品衛生営業施設一覧,133,雷門
飲食店,食べる,飲食店営業（一般・軽食喫茶）,ＯＲＴＩＧＡ,35.710564,139.794922,point,雷門二丁目１６番３号,台東区,雷門,1927,台東区 食品衛生営業施設一覧,163,雷門
飲食店,食べる,飲食店営業（一般・軽食喫茶）,カフェ　ホワイエ,35.710602,139.796097,point,雷門二丁目１７番１３号,台東区,雷門,2028,台東区 食品衛生営業施設一覧,59,雷門
飲食店,食べる,飲食店営業（一般・軽食喫茶）,スペースクリエイト自遊空間　浅草雷門店,35.710464,139.796387,point,雷門二丁目１８番７号,台東区,雷門,2057,台東区 食品衛生営業施設一覧,47,雷門
飲食店,食べる,飲食店営業（一般・軽食喫茶）,浅草文化観光センター　浅草展望カフェ　カフェリオン,35.710716,139.796432,point,雷門二丁目１８番９号,台東区,雷門,2053,台東区 食品衛生営業施設一覧,26,雷門
飲食店,食べる,飲食店営業（一般・軽食喫茶）,Ｇｒｅｅｎ　Ｂａｓｅ　浅草,35.710629,139.796951,point,雷門二丁目１８番１３号,台東区,雷門,2101,台東区 食品衛生営業施設一覧,30,雷門
飲食店,食べる,飲食店営業（一般・軽食喫茶）,一芳台灣水果茶　浅草雷門店,35.710377,139.796844,point,雷門二丁目１８番１５号,台東区,雷門,2099,台東区 食品衛生営業施設一覧,49,雷門
飲食店,食べる,飲食店営業（一般・軽食喫茶）,和茶子,35.710377,139.796844,point,雷門二丁目１８番１５号,台東区,雷門,2099,台東区 食品衛生営業施設一覧,49,雷門
飲食店,食べる,飲食店営業（一般・軽食喫茶）,ドトールコーヒーショップ雷門２丁目店,35.710255,139.796799,point,雷門二丁目１８番１６号,台東区,雷門,2099,台東区 食品衛生営業施設一覧,61,雷門
飲食店,食べる,飲食店営業（一般・軽食喫茶）,サーティワンアイスクリーム浅草駅前店,35.710255,139.796799,point,雷門二丁目１８番１６号,台東区,雷門,2099,台東区 食品衛生営業施設一覧,61,雷門
飲食店,食べる,飲食店営業（一般・軽食喫茶）,ＨＡＴＣＯＦＦＥＥ　ＬＡＴＴＥＡＲＴ　ＳＴＡＮＤ,35.710281,139.796875,point,雷門二丁目１９番６号,台東区,雷門,2105,台東区 食品衛生営業施設一覧,60,雷門
飲食店,食べる,飲食店営業（一般・軽食喫茶）,２２１２浅草店,35.710281,139.796875,point,雷門二丁目１９番６号,台東区,雷門,2105,台東区 食品衛生営業施設一覧,60,雷門
飲食店,食べる,飲食店営業（一般・軽食喫茶）,ＣＯＴＡ　＆　ＢＲＥＡＤ,35.710281,139.796875,point,雷門二丁目１９番６号,台東区,雷門,2105,台東区 食品衛生営業施設一覧,60,雷門
飲食店,食べる,飲食店営業（一般・軽食喫茶）,西山,35.710674,139.797134,point,雷門二丁目１９番１０号,台東区,雷門,2116,台東区 食品衛生営業施設一覧,42,雷門
飲食店,食べる,飲食店営業（一般・軽食喫茶）,カフェきゃらふ,35.710464,139.797363,point,雷門二丁目１９番１３号,台東区,雷門,2142,台東区 食品衛生営業施設一覧,71,雷門
飲食店,食べる,飲食店営業（一般・軽食喫茶）,カフェ・ベローチェ　浅草雷門店,35.710098,139.797119,point,雷門二丁目１９番１６号,台東区,雷門,2132,台東区 食品衛生営業施設一覧,87,雷門
飲食店,食べる,飲食店営業（一般・軽食喫茶）,ＲＩＳＴＲＥＴＴＯ　Ｃａｆｅ　ｅｔ　Ｂｏｎｂｏｎｓ,35.715824,139.782425,point,北上野一丁目１番１号,台東区,北上野,716,台東区 食品衛生営業施設一覧,816,上野公園
飲食店,食べる,飲食店営業（一般・軽食喫茶）,ＬＵＰＩ　ＣＯＦＦＥＥ,35.715824,139.782425,point,北上野一丁目１番１号,台東区,北上野,716,台東区 食品衛生営業施設一覧,816,上野公園
飲食店,食べる,飲食店営業（一般・軽食喫茶）,珈琲店　桂２号店,35.716103,139.781387,point,北上野一丁目５番２号,台東区,北上野,624,台東区 食品衛生営業施設一覧,726,上野公園
飲食店,食べる,飲食店営業（一般・軽食喫茶）,ラ・グール,35.717934,139.782806,point,北上野一丁目１１番９号,台東区,北上野,794,台東区 食品衛生営業施設一覧,895,上野公園
飲食店,食べる,飲食店営業（一般・軽食喫茶）,ｃａｆｅ’　ローリエ,35.718143,139.783203,point,北上野一丁目１３番１号,台東区,北上野,835,台東区 食品衛生営業施設一覧,937,上野公園
飲食店,食べる,飲食店営業（一般・軽食喫茶）,ＢＥＡＴ　ＣＡＦＥ,35.718533,139.783356,point,北上野一丁目１５番１号,台東区,北上野,863,台東区 食品衛生営業施設一覧,965,上野公園
飲食店,食べる,飲食店営業（一般・軽食喫茶）,ｄｏｔｓ．　ｔｏｋｙｏ　ｃａｆｅ,35.715343,139.785309,point,北上野二丁目１番１７号,台東区,北上野,976,台東区 食品衛生営業施設一覧,1035,浅草寺
飲食店,食べる,飲食店営業（一般・軽食喫茶）,だっく,35.715492,139.784027,point,北上野二丁目３番２号,台東区,北上野,860,台東区 食品衛生営業施設一覧,960,上野公園
飲食店,食べる,飲食店営業（一般・軽食喫茶）,ＨＥＮＧＥＮ,35.717575,139.785156,point,北上野二丁目２０番２号,台東区,北上野,987,台東区 食品衛生営業施設一覧,1089,上野公園
飲食店,食べる,飲食店営業（一般・軽食喫茶）,ＡＷＡＫＥＮＩＮＧ　ＣＡＦＥ,35.718319,139.78418,point,北上野二丁目２３番９号,台東区,北上野,925,台東区 食品衛生営業施設一覧,1027,上野公園
飲食店,食べる,飲食店営業（一般・軽食喫茶）,Ｒｉｎ,35.718624,139.78566,point,北上野二丁目２６番１１号,台東区,北上野,1062,台東区 食品衛生営業施設一覧,1091,浅草寺
飲食店,食べる,飲食店営業（一般・軽食喫茶）,ＵＭＩ　ＣＡＫＥ,35.719547,139.784073,point,北上野二丁目３０番５号,台東区,北上野,969,台東区 食品衛生営業施設一覧,1069,上野公園
飲食店,食べる,飲食店営業（一般・軽食喫茶）,オールラウンド　ソレント,35.724453,139.802841,point,清川一丁目１５番１５号,台東区,清川,2741,台東区 食品衛生営業施設一覧,1214,浅草寺
飲食店,食べる,飲食店営業（一般・軽食喫茶）,喫茶　モンテベロ,35.726139,139.804855,point,清川一丁目２８番７号,台東区,清川,2980,台東区 食品衛生営業施設一覧,1465,浅草寺
飲食店,食べる,飲食店営業（一般・軽食喫茶）,喫茶　ラブ,35.7262,139.804092,point,清川一丁目３０番８号,台東区,清川,2920,台東区 食品衛生営業施設一覧,1438,浅草寺
飲食店,食べる,飲食店営業（一般・軽食喫茶）,スロープ,35.726158,139.802551,point,清川一丁目３２番５号,台東区,清川,2791,台東区 食品衛生営業施設一覧,1375,浅草寺
飲食店,食べる,飲食店営業（一般・軽食喫茶）,リボン,35.726768,139.804352,point,清川二丁目９番８号,台東区,清川,2967,台東区 食品衛生営業施設一覧,1505,浅草寺
飲食店,食べる,飲食店営業（一般・軽食喫茶）,ＴＲＡＳＰＡＲＥＮＴＥ　Ｌａ　Ｃａｒｔｏｌｉｎａ,35.701424,139.790298,point,蔵前一丁目３番２６号,台東区,蔵前,2126,台東区 食品衛生営業施設一覧,1192,雷門
飲食店,食べる,飲食店営業（一般・軽食喫茶）,ＲＥＦＲＥＳＨ　ＳＴＡＮＤ,35.699852,139.789322,point,蔵前一丁目４番１号,台東区,蔵前,2204,台東区 食品衛生営業施設一覧,1388,雷門
飲食店,食べる,飲食店営業（一般・軽食喫茶）,Ｌｏｎｉｃｈ，　蔵前,35.701221,139.789413,point,蔵前一丁目７番４号,台東区,蔵前,2090,台東区 食品衛生営業施設一覧,1252,雷門
飲食店,食べる,飲食店営業（一般・軽食喫茶）,ＫＵＲＡＭＡＥ　ＣＡＮＮＥＬＥ　ＣＡＦＥ,35.702099,139.790268,point,蔵前二丁目１番２３号,台東区,蔵前,2069,台東区 食品衛生営業施設一覧,1128,雷門
飲食店,食べる,飲食店営業（一般・軽食喫茶）,ＫＵＲＡＭＡＥ　ＣＡＮＮＥＬＥ,35.702099,139.790268,point,蔵前二丁目１番２３号,台東区,蔵前,2069,台東区 食品衛生営業施設一覧,1128,雷門
飲食店,食べる,飲食店営業（一般・軽食喫茶）,ＭｃＬｅａｎ－ＧＯＯＤＯＬ’　ＰＡＲＬＯＲ－,35.702991,139.791306,point,蔵前二丁目１番３２号,台東区,蔵前,2066,台東区 食品衛生営業施設一覧,996,雷門
飲食店,食べる,飲食店営業（一般・軽食喫茶）,ＣＡＦＥ　ＯＲ　ＢＡＲ　ＫＩＫＯＲＩ　蔵前,35.701832,139.789536,point,蔵前二丁目２番３号,台東区,蔵前,2046,台東区 食品衛生営業施設一覧,1189,雷門
飲食店,食べる,飲食店営業（一般・軽食喫茶）,スクエア　カフェ　蔵前店,35.702129,139.789856,point,蔵前二丁目２番６号,台東区,蔵前,2041,台東区 食品衛生営業施設一覧,1145,雷門
飲食店,食べる,飲食店営業（一般・軽食喫茶）,デイリーズ　マフィン,35.702099,139.790054,point,蔵前二丁目３番１号,台東区,蔵前,2056,台東区 食品衛生営業施設一覧,1138,雷門
飲食店,食べる,飲食店営業（一般・軽食喫茶）,ＥＴｉＡＭ　ＫＵＲＡＭＡＥ,35.702446,139.790192,point,蔵前二丁目３番５号,台東区,蔵前,2036,台東区 食品衛生営業施設一覧,1099,雷門
飲食店,食べる,飲食店営業（一般・軽食喫茶）,ＡＨＭＳ　Ｓｏｃｉａｌ　Ｃｏｎｎｅｃｔｉｏｎ,35.703182,139.791061,point,蔵前二丁目５番４号,台東区,蔵前,2035,台東区 食品衛生営業施設一覧,988,雷門
飲食店,食べる,飲食店営業（一般・軽食喫茶）,ｅｎ,35.703426,139.791412,point,蔵前二丁目６番２号,台東区,蔵前,2041,台東区 食品衛生営業施設一覧,949,雷門
飲食店,食べる,飲食店営業（一般・軽食喫茶）,マクドナルド蔵前駅前店,35.703785,139.791794,point,蔵前二丁目６番６号,台東区,蔵前,2041,台東区 食品衛生営業施設一覧,897,雷門
飲食店,食べる,飲食店営業（一般・軽食喫茶）,カフェ　ド　サンテ,35.70306,139.791977,point,蔵前二丁目８番３号,台東区,蔵前,2106,台東区 食品衛生営業施設一覧,961,雷門
飲食店,食べる,飲食店営業（一般・軽食喫茶）,ＫＡＷＡ　ＫＩＴＣＨＥＮ,35.703762,139.793625,point,蔵前二丁目１０番１１号,台東区,蔵前,2171,台東区 食品衛生営業施設一覧,830,雷門
飲食店,食べる,飲食店営業（一般・軽食喫茶）,ベジラボテイスト蔵前,35.70364,139.790634,point,蔵前三丁目４番３号,台東区,蔵前,1972,台東区 食品衛生営業施設一覧,966,雷門
飲食店,食べる,飲食店営業（一般・軽食喫茶）,ＣＯＦＦＥＥ　ＡＮＤ　ＢＡＲ　ＧＥＮＩＥ　ＫＵＲＡＭＡＥ,35.704079,139.790756,point,蔵前三丁目７番８号,台東区,蔵前,1948,台東区 食品衛生営業施設一覧,920,雷門
飲食店,食べる,飲食店営業（一般・軽食喫茶）,オーナーズ,35.704514,139.790985,point,蔵前三丁目１０番１号,台東区,蔵前,1933,台東区 食品衛生営業施設一覧,869,雷門
飲食店,食べる,飲食店営業（一般・軽食喫茶）,Ｔｒｉａｎｇｌｅ,35.704876,139.791214,point,蔵前三丁目１５番１号,台東区,蔵前,1923,台東区 食品衛生営業施設一覧,824,雷門
飲食店,食べる,飲食店営業（一般・軽食喫茶）,封灯,35.705208,139.791153,point,蔵前三丁目１５番４号,台東区,蔵前,1896,台東区 食品衛生営業施設一覧,798,雷門
飲食店,食べる,飲食店営業（一般・軽食喫茶）,ＷＡＫＡＮ　ＣＡＦＥ　無花果,35.705124,139.790695,point,蔵前三丁目１６番３号,台東区,蔵前,1869,台東区 食品衛生営業施設一覧,832,雷門
飲食店,食べる,飲食店営業（一般・軽食喫茶）,ＫＵＲＡＭＡＥ路地裏の猫,35.705616,139.791214,point,蔵前三丁目１８番７号,台東区,蔵前,1873,台東区 食品衛生営業施設一覧,760,雷門
飲食店,食べる,飲食店営業（一般・軽食喫茶）,ＣＯＢＡＣＨＩ,35.705757,139.791428,point,蔵前三丁目１９番６号,台東区,蔵前,1880,台東区 食品衛生営業施設一覧,736,雷門
飲食店,食べる,飲食店営業（一般・軽食喫茶）,コフィノワ,35.705246,139.791656,point,蔵前三丁目２０番５号,台東区,蔵前,1930,台東区 食品衛生営業施設一覧,767,雷門
飲食店,食べる,飲食店営業（一般・軽食喫茶）,Ｊｕｌｌｅｙ,35.705467,139.791794,point,蔵前三丁目２２番５号,台東区,蔵前,1926,台東区 食品衛生営業施設一覧,740,雷門
飲食店,食べる,飲食店営業（一般・軽食喫茶）,ＨＯＷＭＯＲＥ　Ｋｉｔｃｈｅｎ,35.70557,139.791962,point,蔵前三丁目２２番７号,台東区,蔵前,1931,台東区 食品衛生営業施設一覧,722,雷門
飲食店,食べる,飲食店営業（一般・軽食喫茶）,ＧＩＮＺＡ　ＮＩＳＨＩＫＡＷＡ　ＣＯＦＦＥＥ　ＲＯＡＳＴＥＲＹ　食パンカフェレストラン蔵前店,35.701759,139.788895,point,蔵前四丁目１番１号,台東区,蔵前,2014,台東区 食品衛生営業施設一覧,1228,雷門
飲食店,食べる,飲食店営業（一般・軽食喫茶）,ｍａｒｂｌｅ,35.701912,139.788773,point,蔵前四丁目１番４号,台東区,蔵前,1994,台東区 食品衛生営業施設一覧,1220,雷門
飲食店,食べる,飲食店営業（一般・軽食喫茶）,ＺＯＮＯ　ＢＡＧＥＬ,35.702351,139.788666,point,蔵前四丁目４番５号,台東区,蔵前,1951,台東区 食品衛生営業施設一覧,1187,雷門
飲食店,食べる,飲食店営業（一般・軽食喫茶）,Ｂｌａｃｋ　Ｒｉｂｂｉｔ,35.702827,139.788788,point,蔵前四丁目９番７号,台東区,蔵前,1919,台東区 食品衛生営業施設一覧,1139,雷門
飲食店,食べる,飲食店営業（一般・軽食喫茶）,隠家,35.702919,139.788788,point,蔵前四丁目１１番１号,台東区,蔵前,1911,台東区 食品衛生営業施設一覧,1131,雷門
飲食店,食べる,飲食店営業（一般・軽食喫茶）,Ｄａｎｄｅｌｉｏｎ　Ｃｈｏｃｏｌａｔｅ　ファクトリー＆カフェ蔵前,35.70372,139.789581,point,蔵前四丁目１４番６号,台東区,蔵前,1897,台東区 食品衛生営業施設一覧,1016,雷門
飲食店,食べる,飲食店営業（一般・軽食喫茶）,喫茶　半月,35.703739,139.789978,point,蔵前四丁目１４番１１号,台東区,蔵前,1922,台東区 食品衛生営業施設一覧,992,雷門
飲食店,食べる,飲食店営業（一般・軽食喫茶）,半月焙煎研究所,35.703739,139.789978,point,蔵前四丁目１４番１１号,台東区,蔵前,1922,台東区 食品衛生営業施設一覧,992,雷門
飲食店,食べる,飲食店営業（一般・軽食喫茶）,ａｘｉｓｓｓ　ｔｏｋｙｏ,35.703796,139.788315,point,蔵前四丁目１７番４号,台東区,蔵前,1811,台東区 食品衛生営業施設一覧,1086,雷門
飲食店,食べる,飲食店営業（一般・軽食喫茶）,アトミヨソワカ　蔵前,35.703796,139.788315,point,蔵前四丁目１７番４号,台東区,蔵前,1811,台東区 食品衛生営業施設一覧,1086,雷門
飲食店,食べる,飲食店営業（一般・軽食喫茶）,ＣＯＦＦＥＥ　ＷＲＩＧＨＴＳ,35.704041,139.789764,point,蔵前四丁目２０番２号,台東区,蔵前,1884,台東区 食品衛生営業施設一覧,978,雷門
飲食店,食べる,飲食店営業（一般・軽食喫茶）,三和　ＭＩＷＡ,35.704597,139.789871,point,蔵前四丁目２０番７号,台東区,蔵前,1850,台東区 食品衛生営業施設一覧,925,雷門
飲食店,食べる,飲食店営業（一般・軽食喫茶）,ＣＡＭＥＲＡ,35.704987,139.790283,point,蔵前四丁目２１番８号,台東区,蔵前,1850,台東区 食品衛生営業施設一覧,868,雷門
飲食店,食べる,飲食店営業（一般・軽食喫茶）,ｃｈｉｇａｙａ,35.705116,139.789459,point,蔵前四丁目２９番３号,台東区,蔵前,1784,台東区 食品衛生営業施設一覧,909,雷門
飲食店,食べる,飲食店営業（一般・軽食喫茶）,Ｔ’ｓ　Ｂａｋｅｒｙ,35.705776,139.790283,point,蔵前四丁目３１番４号,台東区,蔵前,1796,台東区 食品衛生営業施設一覧,805,雷門
飲食店,食べる,飲食店営業（一般・軽食喫茶）,ｈｅｒｂ　ｔｅａ　ｙａｄｏ　Ｋｕｒａｍａｅ,35.705776,139.790283,point,蔵前四丁目３１番４号,台東区,蔵前,1796,台東区 食品衛生営業施設一覧,805,雷門
飲食店,食べる,飲食店営業（一般・軽食喫茶）,バーガー喫茶　チルトコ,35.705475,139.789825,point,蔵前四丁目３３番１号,台東区,蔵前,1784,台東区 食品衛生営業施設一覧,858,雷門
飲食店,食べる,飲食店営業（一般・軽食喫茶）,ａｉｄｍａ　ブックカフェ,35.704136,139.78212,point,小島一丁目４番１１号,台東区,小島,1449,台東区 食品衛生営業施設一覧,837,アメヤ横丁
飲食店,食べる,飲食店営業（一般・軽食喫茶）,ＣＲＡＮＥ　ＨＯＵＳＥ　ＳＡＮＤＷＩＣＨ　ＳＨＯＰ,35.703922,139.784439,point,小島一丁目１１番１２号,台東区,小島,1578,台東区 食品衛生営業施設一覧,1029,アメヤ横丁
飲食店,食べる,飲食店営業（一般・軽食喫茶）,ブルー,35.704987,139.783478,point,小島二丁目２番５号,台東区,小島,1432,台東区 食品衛生営業施設一覧,899,アメヤ横丁
飲食店,食べる,飲食店営業（一般・軽食喫茶）,ＭＩＡＭＩＡ　ｋｕｒａｍａｅ,35.705036,139.783035,point,小島二丁目３番２号,台東区,小島,1405,台東区 食品衛生営業施設一覧,860,アメヤ横丁
飲食店,食べる,飲食店営業（一般・軽食喫茶）,カフェテラス,35.705566,139.782745,point,小島二丁目６番９号,台東区,小島,1341,台東区 食品衛生営業施設一覧,813,アメヤ横丁
飲食店,食べる,飲食店営業（一般・軽食喫茶）,いっさこむ,35.706291,139.783401,point,小島二丁目１７番１１号,台東区,小島,1310,台東区 食品衛生営業施設一覧,843,アメヤ横丁
飲食店,食べる,飲食店営業（一般・軽食喫茶）,小島珈琲,35.706902,139.782211,point,小島二丁目２０番７号,台東区,小島,1192,台東区 食品衛生営業施設一覧,722,アメヤ横丁
飲食店,食べる,飲食店営業（一般・軽食喫茶）,ママテラス,35.70676,139.783508,point,小島二丁目２１番１６号,台東区,小島,1276,台東区 食品衛生営業施設一覧,840,アメヤ横丁
飲食店,食べる,飲食店営業（一般・軽食喫茶）,カフェ　コタージュ,35.706394,139.790054,point,寿一丁目２番１０号,台東区,寿,1738,台東区 食品衛生営業施設一覧,775,雷門
飲食店,食べる,飲食店営業（一般・軽食喫茶）,ＬＵＣＥＮＴ　ＣＯＦＦＥＥ,35.707634,139.790817,point,寿一丁目１７番１２号,台東区,寿,1719,台東区 食品衛生営業施設一覧,637,雷門
飲食店,食べる,飲食店営業（一般・軽食喫茶）,石川珈琲焙煎所,35.708569,139.788513,point,寿一丁目２１番１０号,台東区,寿,1487,台東区 食品衛生営業施設一覧,780,雷門
飲食店,食べる,飲食店営業（一般・軽食喫茶）,101,35.70903,139.790985,point,寿二丁目２番９号,台東区,寿,1658,台東区 食品衛生営業施設一覧,552,雷門
飲食店,食べる,飲食店営業（一般・軽食喫茶）,ＭＵＷＨＡＴ,35.709244,139.790314,point,寿二丁目９番１７号,台東区,寿,1593,台東区 食品衛生営業施設一覧,602,雷門
飲食店,食べる,飲食店営業（一般・軽食喫茶）,有限会社　長寿庵　寿花,35.709629,139.790878,point,寿二丁目１０番１１号,台東区,寿,1621,台東区 食品衛生営業施設一覧,542,雷門
飲食店,食べる,飲食店営業（一般・軽食喫茶）,ｆｅｂ’ｓ　ｃｏｆｆｅｅ＆ｓｃｏｎｅ　Ｂｌｕｃｃａ店,35.706242,139.792007,point,寿三丁目５番９号,台東区,寿,1892,台東区 食品衛生営業施設一覧,661,雷門
飲食店,食べる,飲食店営業（一般・軽食喫茶）,ＬＩＮＤＩＮＯ,35.705936,139.791534,point,寿三丁目６番１号,台東区,寿,1876,台東区 食品衛生営業施設一覧,714,雷門
飲食店,食べる,飲食店営業（一般・軽食喫茶）,Ｐ?ｔｉｓｓｅｒｉｅ　ＦＯＢＳ,35.706547,139.791016,point,寿三丁目８番４号,台東区,寿,1799,台東区 食品衛生営業施設一覧,698,雷門
飲食店,食べる,飲食店営業（一般・軽食喫茶）,クレール　ドゥ　リュンヌ,35.706676,139.791031,point,寿三丁目８番５号,台東区,寿,1792,台東区 食品衛生営業施設一覧,687,雷門
飲食店,食べる,飲食店営業（一般・軽食喫茶）,ペリカンカフェ,35.70694,139.791367,point,寿三丁目９番１１号,台東区,寿,1802,台東区 食品衛生営業施設一覧,645,雷門
飲食店,食べる,飲食店営業（一般・軽食喫茶）,トロワ,35.70705,139.791458,point,寿三丁目１０番５号,台東区,寿,1802,台東区 食品衛生営業施設一覧,631,雷門
飲食店,食べる,飲食店営業（一般・軽食喫茶）,Ｍｉｎｎ浅草蔵前Ｎｏｒｔｈ,35.706615,139.791962,point,寿三丁目１２番２号,台東区,寿,1866,台東区 食品衛生営業施設一覧,632,雷門
飲食店,食べる,飲食店営業（一般・軽食喫茶）,Ｌｅ　ｂａｇｅ,35.706532,139.792252,point,寿三丁目１３番４号,台東区,寿,1894,台東区 食品衛生営業施設一覧,622,雷門
飲食店,食べる,飲食店営業（一般・軽食喫茶）,透明書店,35.706409,139.792694,point,寿三丁目１３番１４号,台東区,寿,1935,台東区 食品衛生営業施設一覧,608,雷門
飲食店,食べる,飲食店営業（一般・軽食喫茶）,ＨＡＴＣＯＦＦＥＥ,35.707363,139.793259,point,寿三丁目１５番６号,台東区,寿,1925,台東区 食品衛生営業施設一覧,493,雷門
飲食店,食べる,飲食店営業（一般・軽食喫茶）,ブルーエルフ,35.707321,139.792526,point,寿三丁目１７番１１号,台東区,寿,1870,台東区 食品衛生営業施設一覧,540,雷門
飲食店,食べる,飲食店営業（一般・軽食喫茶）,Ｊａｚｚ　ＳＯＭＥＤＡＹ,35.707447,139.791275,point,寿三丁目１９番２号,台東区,寿,1765,台東区 食品衛生営業施設一覧,616,雷門
飲食店,食べる,飲食店営業（一般・軽食喫茶）,サカトラトーキョー,35.707966,139.792221,point,寿三丁目２０番１０号,台東区,寿,1811,台東区 食品衛生営業施設一覧,513,雷門
飲食店,食べる,飲食店営業（一般・軽食喫茶）,コトヨン,35.708393,139.793533,point,寿四丁目２番５号,台東区,寿,1896,台東区 食品衛生営業施設一覧,392,雷門
飲食店,食べる,飲食店営業（一般・軽食喫茶）,ギャラリーエフ,35.708485,139.792404,point,寿四丁目６番１１号,台東区,寿,1800,台東区 食品衛生営業施設一覧,466,雷門
飲食店,食べる,飲食店営業（一般・軽食喫茶）,浅草　花菓匠,35.708424,139.791519,point,寿四丁目７番２号,台東区,寿,1731,台東区 食品衛生営業施設一覧,537,雷門
飲食店,食べる,飲食店営業（一般・軽食喫茶）,イリヤプラスカフェ＠カスタム倉庫,35.708633,139.791855,point,寿四丁目７番１１号,台東区,寿,1748,台東区 食品衛生営業施設一覧,499,雷門
飲食店,食べる,飲食店営業（一般・軽食喫茶）,コーヒーハウス　ウカンムリ,35.70858,139.79306,point,寿四丁目１０番１号,台東区,寿,1849,台東区 食品衛生営業施設一覧,411,雷門
飲食店,食べる,飲食店営業（一般・軽食喫茶）,お菓子屋　タルティーヌ,35.708454,139.794052,point,寿四丁目１２番６号,台東区,寿,1936,台東区 食品衛生営業施設一覧,354,雷門
飲食店,食べる,飲食店営業（一般・軽食喫茶）,コーヒーカウンター　ニシヤ,35.708454,139.794052,point,寿四丁目１２番６号,台東区,寿,1936,台東区 食品衛生営業施設一覧,354,雷門
飲食店,食べる,飲食店営業（一般・軽食喫茶）,ＳＰＬＥＮＤＯＲ,35.709007,139.7939,point,寿四丁目１３番１０号,台東区,寿,1899,台東区 食品衛生営業施設一覧,322,雷門
飲食店,食べる,飲食店営業（一般・軽食喫茶）,パンニーニ浅草,35.708977,139.794083,point,寿四丁目１３番１１号,台東区,寿,1915,台東区 食品衛生営業施設一覧,311,雷門
飲食店,食べる,飲食店営業（一般・軽食喫茶）,天空,35.709095,139.793335,point,寿四丁目１４番１０号,台東区,寿,1848,台東区 食品衛生営業施設一覧,358,雷門
飲食店,食べる,飲食店営業（一般・軽食喫茶）,ピポット,35.70541,139.793106,point,駒形一丁目１番１号,台東区,駒形,2026,台東区 食品衛生営業施設一覧,682,雷門
飲食店,食べる,飲食店営業（一般・軽食喫茶）,Ａ　ＤＥＣＯＲ　ＬＩＦＥ　ＣＡＦＥ,35.70554,139.792862,point,駒形一丁目１番３号,台東区,駒形,2000,台東区 食品衛生営業施設一覧,680,雷門
飲食店,食べる,飲食店営業（一般・軽食喫茶）,バンダイ本社カフェ,35.707302,139.794388,point,駒形一丁目４番８号,台東区,駒形,2019,台東区 食品衛生営業施設一覧,441,雷門
飲食店,食べる,飲食店営業（一般・軽食喫茶）,ドーナツもり,35.707069,139.793671,point,駒形一丁目５番５号,台東区,駒形,1974,台東区 食品衛生営業施設一覧,497,雷門
飲食店,食べる,飲食店営業（一般・軽食喫茶）,ＭＯＣＣＡ　ＣＯＦＦＥＥ,35.707687,139.795212,point,駒形一丁目７番１１号,台東区,駒形,2067,台東区 食品衛生営業施設一覧,371,雷門
飲食店,食べる,飲食店営業（一般・軽食喫茶）,Ｓｔｅａｍｓ,35.708454,139.794296,point,駒形一丁目９番６号,台東区,駒形,1956,台東区 食品衛生営業施設一覧,339,雷門
飲食店,食べる,飲食店営業（一般・軽食喫茶）,ＦＥＢＲＵＡＲＹ　ＣＡＦＥ,35.708359,139.794617,point,駒形一丁目９番８号,台東区,駒形,1987,台東区 食品衛生営業施設一覧,330,雷門
飲食店,食べる,飲食店営業（一般・軽食喫茶）,ＡＳＡＧＥ　ＣＡＦＥ,35.705334,139.79451,point,駒形二丁目１番５号,台東区,駒形,2137,台東区 食品衛生営業施設一覧,639,雷門
飲食店,食べる,飲食店営業（一般・軽食喫茶）,Ｗａｇｙｕ　ｔｏ　Ｗｏｒｌｄｗｉｄｅ　Ｔｏｋｙｏ　Ａｓａｋｕｓａ,35.707161,139.795547,point,駒形二丁目１番２０号,台東区,駒形,2119,台東区 食品衛生営業施設一覧,418,雷門
飲食店,食べる,飲食店営業（一般・軽食喫茶）,ＤＯＧ　ＤＥＰＴ　＋ＣＡＦＥ,35.70834,139.796326,point,駒形二丁目１番３０号,台東区,駒形,2130,台東区 食品衛生営業施設一覧,276,雷門
飲食店,食べる,飲食店営業（一般・軽食喫茶）,白玉茶房　ｍａｒｕｍａｎ,35.708488,139.796432,point,駒形二丁目１番３１号,台東区,駒形,2132,台東区 食品衛生営業施設一覧,258,雷門
飲食店,食べる,飲食店営業（一般・軽食喫茶）,ＭｃＬｅａｎ－ＯＬＤ　ＢＵＲＧＥＲ　ＳＴＡＮＤ－,35.705006,139.79422,point,駒形二丁目２番１０号,台東区,駒形,2135,台東区 食品衛生営業施設一覧,682,雷門
飲食店,食べる,飲食店営業（一般・軽食喫茶）,テスタロッサ　カフェ,35.706917,139.795227,point,駒形二丁目６番１号,台東区,駒形,2106,台東区 食品衛生営業施設一覧,452,雷門
飲食店,食べる,飲食店営業（一般・軽食喫茶）,おいもやさん興伸　駒形店,35.70739,139.795364,point,駒形二丁目６番６号,台東区,駒形,2093,台東区 食品衛生営業施設一覧,398,雷門
飲食店,食べる,飲食店営業（一般・軽食喫茶）,コーヒー　ウエスタン,35.717415,139.780945,point,下谷一丁目５番１号,台東区,下谷,616,台東区 食品衛生営業施設一覧,718,上野公園
飲食店,食べる,飲食店営業（一般・軽食喫茶）,隠れ家カフェ　１－Ｐｏｉｎｔ,35.719707,139.781586,point,下谷一丁目６番１３号,台東区,下谷,786,台東区 食品衛生営業施設一覧,882,上野公園
飲食店,食べる,飲食店営業（一般・軽食喫茶）,Ｃａｆｅ　ＵＬＵ,35.719692,139.782135,point,下谷一丁目８番１４号,台東区,下谷,826,台東区 食品衛生営業施設一覧,923,上野公園
飲食店,食べる,飲食店営業（一般・軽食喫茶）,ＳＯＯＯ　ｄｒａｍａｔｉｃ！／ｒｅｂｏｏｔ,35.719421,139.783218,point,下谷一丁目１１番１５号,台東区,下谷,894,台東区 食品衛生営業施設一覧,994,上野公園
飲食店,食べる,飲食店営業（一般・軽食喫茶）,言問茶屋,35.720192,139.782318,point,下谷一丁目１２番１２号,台東区,下谷,871,台東区 食品衛生営業施設一覧,967,上野公園
飲食店,食べる,飲食店営業（一般・軽食喫茶）,ドトールコーヒーショップ入谷駅前店,35.720188,139.783875,point,下谷二丁目１番１０号,台東区,下谷,988,台東区 食品衛生営業施設一覧,1086,上野公園
飲食店,食べる,飲食店営業（一般・軽食喫茶）,喫茶　　サン,35.720387,139.783173,point,下谷二丁目３番１６号,台東区,下谷,947,台東区 食品衛生営業施設一覧,1043,上野公園
飲食店,食べる,飲食店営業（一般・軽食喫茶）,アライ軒,35.721424,139.784241,point,下谷二丁目９番８号,台東区,下谷,1092,台東区 食品衛生営業施設一覧,1187,上野公園
飲食店,食べる,飲食店営業（一般・軽食喫茶）,イリヤプラスカフェ,35.721249,139.784195,point,下谷二丁目９番１０号,台東区,下谷,1077,台東区 食品衛生営業施設一覧,1173,上野公園
飲食店,食べる,飲食店営業（一般・軽食喫茶）,Ｔａｖｅｒｎａ　８,35.722153,139.783386,point,下谷二丁目１３番１５号,台東区,下谷,1084,台東区 食品衛生営業施設一覧,1175,上野公園
飲食店,食べる,飲食店営業（一般・軽食喫茶）,銀狐,35.722153,139.783386,point,下谷二丁目１３番１５号,台東区,下谷,1084,台東区 食品衛生営業施設一覧,1175,上野公園
飲食店,食べる,飲食店営業（一般・軽食喫茶）,369,35.721581,139.784546,point,下谷二丁目１５番３号,台東区,下谷,1125,台東区 食品衛生営業施設一覧,1220,上野公園
飲食店,食べる,飲食店営業（一般・軽食喫茶）,ｔｕｍｕｇｕ　ｉｌｉｙａ,35.721581,139.784546,point,下谷二丁目１５番３号,台東区,下谷,1125,台東区 食品衛生営業施設一覧,1220,上野公園
飲食店,食べる,飲食店営業（一般・軽食喫茶）,ｒｅｂｏｎ,35.722218,139.784943,point,下谷二丁目１７番１１号,台東区,下谷,1196,台東区 食品衛生営業施設一覧,1290,上野公園
飲食店,食べる,飲食店営業（一般・軽食喫茶）,房の家,35.723755,139.785004,point,下谷三丁目３番１４号,台東区,下谷,1312,台東区 食品衛生営業施設一覧,1402,上野公園
飲食店,食べる,飲食店営業（一般・軽食喫茶）,Ｓａｎｄｗｉｃｈ　?ｍｉｕ,35.725098,139.787628,point,下谷三丁目１１番１０号,台東区,下谷,1587,台東区 食品衛生営業施設一覧,1418,浅草寺
飲食店,食べる,飲食店営業（一般・軽食喫茶）,ｅｌｅｐｈａｎｔ７５,35.725098,139.787628,point,下谷三丁目１１番１０号,台東区,下谷,1587,台東区 食品衛生営業施設一覧,1418,浅草寺
飲食店,食べる,飲食店営業（一般・軽食喫茶）,ｃａｆｅ　ｃａｐｙｂａ,35.717625,139.79184,point,千束一丁目１番４号,台東区,千束,1582,台東区 食品衛生営業施設一覧,548,浅草寺
飲食店,食べる,飲食店営業（一般・軽食喫茶）,ＦＩＳＨＥＲＭＡＮ＇Ｓ　ＫＩＴＣＨＥＮ,35.718163,139.791199,point,千束一丁目５番３号,台東区,千束,1534,台東区 食品衛生営業施設一覧,631,浅草寺
飲食店,食べる,飲食店営業（一般・軽食喫茶）,喫茶　きゃんどる,35.718693,139.792419,point,千束一丁目１５番７号,台東区,千束,1654,台東区 食品衛生営業施設一覧,590,浅草寺
飲食店,食べる,飲食店営業（一般・軽食喫茶）,ｓｅｉｈｉｔｓｕ,35.719597,139.791687,point,千束一丁目１８番２号,台東区,千束,1614,台東区 食品衛生営業施設一覧,709,浅草寺
飲食店,食べる,飲食店営業（一般・軽食喫茶）,Ｓｈｉｏｒｉのアトリエ,35.721214,139.790802,point,千束二丁目２４番５号,台東区,千束,1599,台東区 食品衛生営業施設一覧,900,浅草寺
飲食店,食べる,飲食店営業（一般・軽食喫茶）,浅草グリルチキンピノス,35.722023,139.789917,point,千束二丁目３０番４号,台東区,千束,1564,台東区 食品衛生営業施設一覧,1020,浅草寺
飲食店,食べる,飲食店営業（一般・軽食喫茶）,三島屋,35.721058,139.79303,point,千束三丁目４番９号,台東区,千束,1780,台東区 食品衛生営業施設一覧,781,浅草寺
飲食店,食べる,飲食店営業（一般・軽食喫茶）,Ｃａｆｅサロン悠花,35.721653,139.792664,point,千束三丁目２１番２号,台東区,千束,1773,台東区 食品衛生営業施設一覧,855,浅草寺
飲食店,食べる,飲食店営業（一般・軽食喫茶）,カストリ書房,35.721771,139.792938,point,千束三丁目２１番１４号,台東区,千束,1800,台東区 食品衛生営業施設一覧,856,浅草寺
飲食店,食べる,飲食店営業（一般・軽食喫茶）,福カフェ,35.72263,139.793488,point,千束三丁目２３番１０号,台東区,千束,1884,台東区 食品衛生営業施設一覧,928,浅草寺
飲食店,食べる,飲食店営業（一般・軽食喫茶）,ＢＬＵＴＯ,35.72263,139.793488,point,千束三丁目２３番１０号,台東区,千束,1884,台東区 食品衛生営業施設一覧,928,浅草寺
飲食店,食べる,飲食店営業（一般・軽食喫茶）,みよし,35.722935,139.794159,point,千束三丁目２７番１１号,台東区,千束,1953,台東区 食品衛生営業施設一覧,943,浅草寺
飲食店,食べる,飲食店営業（一般・軽食喫茶）,お休み処　桂茶,35.722893,139.793671,point,千束三丁目２８番３号,台東区,千束,1911,台東区 食品衛生営業施設一覧,950,浅草寺
飲食店,食べる,飲食店営業（一般・軽食喫茶）,浮世絵カフェ　蔦重,35.724205,139.796432,point,千束四丁目１１番１６号,台東区,千束,2199,台東区 食品衛生営業施設一覧,1055,浅草寺
飲食店,食べる,飲食店営業（一般・軽食喫茶）,喫茶　エイト,35.723919,139.795807,point,千束四丁目１５番６号,台東区,千束,2134,台東区 食品衛生営業施設一覧,1026,浅草寺
飲食店,食べる,飲食店営業（一般・軽食喫茶）,セブン,35.723999,139.795853,point,千束四丁目１５番７号,台東区,千束,2142,台東区 食品衛生営業施設一覧,1035,浅草寺
飲食店,食べる,飲食店営業（一般・軽食喫茶）,喫茶イーグル,35.724075,139.79599,point,千束四丁目１５番８号,台東区,千束,2157,台東区 食品衛生営業施設一覧,1042,浅草寺
飲食店,食べる,飲食店営業（一般・軽食喫茶）,喫茶　ペガサス,35.724056,139.796097,point,千束四丁目１５番９号,台東区,千束,2165,台東区 食品衛生営業施設一覧,1040,浅草寺
飲食店,食べる,飲食店営業（一般・軽食喫茶）,喫茶　キューピット,35.723637,139.795227,point,千束四丁目２３番８号,台東区,千束,2074,台東区 食品衛生営業施設一覧,1001,浅草寺
飲食店,食べる,飲食店営業（一般・軽食喫茶）,インターネットカフェ喫茶ハートマーク,35.721767,139.795395,point,千束四丁目２６番７号,台東区,千束,2007,台東区 食品衛生営業施設一覧,793,浅草寺
飲食店,食べる,飲食店営業（一般・軽食喫茶）,喫茶　こふ,35.722389,139.794937,point,千束四丁目２８番２号,台東区,千束,1993,台東区 食品衛生営業施設一覧,868,浅草寺
飲食店,食べる,飲食店営業（一般・軽食喫茶）,Ｔｈｅ　ｐｌｏｔ　ｃｏｆｆｅｅ,35.72435,139.795334,point,千束四丁目３２番１０号,台東区,千束,2118,台東区 食品衛生営業施設一覧,1078,浅草寺
飲食店,食べる,飲食店営業（一般・軽食喫茶）,喫茶あなば,35.724106,139.795547,point,千束四丁目３２番１２号,台東区,千束,2122,台東区 食品衛生営業施設一覧,1049,浅草寺
飲食店,食べる,飲食店営業（一般・軽食喫茶）,キャリオカ,35.725155,139.796631,point,千束四丁目３７番１０号,台東区,千束,2263,台東区 食品衛生営業施設一覧,1160,浅草寺
飲食店,食べる,飲食店営業（一般・軽食喫茶）,喫茶マリン,35.725147,139.794296,point,千束四丁目４７番１０号,台東区,千束,2079,台東区 食品衛生営業施設一覧,1180,浅草寺
飲食店,食べる,飲食店営業（一般・軽食喫茶）,エール,35.725147,139.794296,point,千束四丁目４７番１０号,台東区,千束,2079,台東区 食品衛生営業施設一覧,1180,浅草寺
飲食店,食べる,飲食店営業（一般・軽食喫茶）,はくちゅーむ,35.70047,139.780472,point,台東一丁目１番１５号,台東区,台東,1767,台東区 食品衛生営業施設一覧,1029,アメヤ横丁
飲食店,食べる,飲食店営業（一般・軽食喫茶）,珈琲大使館,35.700348,139.779404,point,台東一丁目３番１号,台東区,台東,1753,台東区 食品衛生営業施設一覧,993,アメヤ横丁
飲食店,食べる,飲食店営業（一般・軽食喫茶）,ＣＡＦ?　ぽるしぇ,35.701168,139.776581,point,台東一丁目１１番１１号,台東区,台東,1616,台東区 食品衛生営業施設一覧,817,アメヤ横丁
飲食店,食べる,飲食店営業（一般・軽食喫茶）,とんぼ,35.701405,139.776688,point,台東一丁目１２番６号,台東区,台東,1591,台東区 食品衛生営業施設一覧,794,アメヤ横丁
飲食店,食べる,飲食店営業（一般・軽食喫茶）,Ｓａｌａｄｄａｙ　Ｃｏｆｆｅｅ,35.70187,139.779297,point,台東一丁目２３番９号,台東区,台東,1587,台東区 食品衛生営業施設一覧,841,アメヤ横丁
飲食店,食べる,飲食店営業（一般・軽食喫茶）,刺繍Ｃａｆｅ　Ｌａｂｏ,35.701454,139.779236,point,台東一丁目２３番１２号,台東区,台東,1630,台東区 食品衛生営業施設一覧,878,アメヤ横丁
飲食店,食べる,飲食店営業（一般・軽食喫茶）,ＫＩＥＬＯ　ＣＯＦＦＥＥ,35.701862,139.775925,point,台東一丁目２９番４号,台東区,台東,1533,台東区 食品衛生営業施設一覧,729,アメヤ横丁
飲食店,食べる,飲食店営業（一般・軽食喫茶）,喫茶　リーベ,35.702873,139.779358,point,台東二丁目１３番１号,台東区,台東,1482,台東区 食品衛生営業施設一覧,751,アメヤ横丁
飲食店,食べる,飲食店営業（一般・軽食喫茶）,ギャラリーカフェ白鯉,35.704548,139.78125,point,台東三丁目２８番１号,台東区,台東,1372,台東区 食品衛生営業施設一覧,746,アメヤ横丁
飲食店,食べる,飲食店営業（一般・軽食喫茶）,宇治屋,35.705273,139.781174,point,台東三丁目２９番５号,台東区,台東,1297,台東区 食品衛生営業施設一覧,698,アメヤ横丁
飲食店,食べる,飲食店営業（一般・軽食喫茶）,キッチンＣＯＯ　御徒町店,35.705482,139.779861,point,台東三丁目３３番６号,台東区,台東,1225,台東区 食品衛生営業施設一覧,584,アメヤ横丁
飲食店,食べる,飲食店営業（一般・軽食喫茶）,ＮＩＫＯＮＩＫＯ　３,35.705128,139.779678,point,台東三丁目３４番１１号,台東区,台東,1255,台東区 食品衛生営業施設一覧,593,アメヤ横丁
飲食店,食べる,飲食店営業（一般・軽食喫茶）,Ｂｏｃｋ,35.705383,139.776825,point,台東三丁目４０番６号,台東区,台東,1155,台東区 食品衛生営業施設一覧,391,アメヤ横丁
飲食店,食べる,飲食店営業（一般・軽食喫茶）,Ｃａｆｅ　ｄｅ　Ｐｅｒｃｈｅ,35.705681,139.777786,point,台東三丁目４４番６号,台東区,台東,1142,台東区 食品衛生営業施設一覧,422,アメヤ横丁
飲食店,食べる,飲食店営業（一般・軽食喫茶）,ロッキー,35.705708,139.781219,point,台東四丁目１番４号,台東区,台東,1256,台東区 食品衛生営業施設一覧,680,アメヤ横丁
飲食店,食べる,飲食店営業（一般・軽食喫茶）,Ｓｈｅｌｖｅｓ　Ｃｏｆｆｅｅ,35.706451,139.776428,point,台東四丁目９番３号,台東区,台東,1032,台東区 食品衛生営業施設一覧,275,アメヤ横丁
飲食店,食べる,飲食店営業（一般・軽食喫茶）,ＷＯＯＤＷＯＲＫ　Ｗｅｌｃｏｍｅ　ＣＯＦＦＥＥ,35.706295,139.77803,point,台東四丁目１４番８号,台東区,台東,1083,台東区 食品衛生営業施設一覧,396,アメヤ横丁
飲食店,食べる,飲食店営業（一般・軽食喫茶）,ＣＲＥＡＴＥＡ,35.706585,139.778641,point,台東四丁目１８番１２号,台東区,台東,1070,台東区 食品衛生営業施設一覧,428,アメヤ横丁
飲食店,食べる,飲食店営業（一般・軽食喫茶）,喫茶　ヴァンダイク,35.70623,139.780777,point,台東四丁目２１番２２号,台東区,台東,1186,台東区 食品衛生営業施設一覧,620,アメヤ横丁
飲食店,食べる,飲食店営業（一般・軽食喫茶）,ラ・カフェ（Ｌｅ　Ｃａｆｅ）,35.706448,139.781311,point,台東四丁目２３番５号,台東区,台東,1189,台東区 食品衛生営業施設一覧,657,アメヤ横丁
飲食店,食べる,飲食店営業（一般・軽食喫茶）,229,35.70657,139.781509,point,台東四丁目２４番２号,台東区,台東,1187,台東区 食品衛生営業施設一覧,670,アメヤ横丁
飲食店,食べる,飲食店営業（一般・軽食喫茶）,カフェ　ローゼ,35.707027,139.778381,point,台東四丁目２９番５号,台東区,台東,1016,台東区 食品衛生営業施設一覧,386,アメヤ横丁
飲食店,食べる,飲食店営業（一般・軽食喫茶）,ＮＥＸＴ,35.707214,139.777084,point,台東四丁目３１番４号,台東区,台東,961,台東区 食品衛生営業施設一覧,271,アメヤ横丁
飲食店,食べる,飲食店営業（一般・軽食喫茶）,Ｉｋｏｉ．,35.70277,139.783722,point,鳥越一丁目１７番７号,台東区,鳥越,1652,台東区 食品衛生営業施設一覧,1042,アメヤ横丁
飲食店,食べる,飲食店営業（一般・軽食喫茶）,有限会社　東洋庵,35.703579,139.781357,point,鳥越一丁目２２番５号,台東区,鳥越,1473,台東区 食品衛生営業施設一覧,819,アメヤ横丁
飲食店,食べる,飲食店営業（一般・軽食喫茶）,Ｉｋｏｉ．ハナレ,35.703163,139.784241,point,鳥越一丁目２８番９号,台東区,鳥越,1639,台東区 食品衛生営業施設一覧,1056,アメヤ横丁
飲食店,食べる,飲食店営業（一般・軽食喫茶）,ＩＣＨＩＢＩＫＯ　蔵前店,35.703503,139.783371,point,鳥越一丁目３０番１０号,台東区,鳥越,1566,台東区 食品衛生営業施設一覧,970,アメヤ横丁
飲食店,食べる,飲食店営業（一般・軽食喫茶）,ＤＯＰＡＭＩＮＥ　ＣＯＦＦＥＥ,35.701874,139.787415,point,鳥越二丁目２番１号,台東区,鳥越,1921,台東区 食品衛生営業施設一覧,1299,雷門
飲食店,食べる,飲食店営業（一般・軽食喫茶）,ｅｌａｂ,35.702049,139.786636,point,鳥越二丁目２番７号,台東区,鳥越,1863,台東区 食品衛生営業施設一覧,1305,アメヤ横丁
飲食店,食べる,飲食店営業（一般・軽食喫茶）,ＡＲＣ,35.702038,139.786194,point,鳥越二丁目３番４号,台東区,鳥越,1841,台東区 食品衛生営業施設一覧,1272,アメヤ横丁
飲食店,食べる,飲食店営業（一般・軽食喫茶）,ＣＯＦＦＥＥ　ＨＯＵＳＥ　ｃｈｕｍｃｈｅｍ,35.702175,139.786087,point,鳥越二丁目４番１２号,台東区,鳥越,1823,台東区 食品衛生営業施設一覧,1256,アメヤ横丁
飲食店,食べる,飲食店営業（一般・軽食喫茶）,Ｄｉｌｌ　Ｐｉｃｋｌｅ　Ｃｌｕｂ,35.701893,139.785202,point,鳥越二丁目５番１号,台東区,鳥越,1805,台東区 食品衛生営業施設一覧,1208,アメヤ横丁
飲食店,食べる,飲食店営業（一般・軽食喫茶）,ＳＮＯＷ　ＢＯＷＬ,35.710526,139.791306,point,西浅草一丁目１番１３号,台東区,西浅草,1619,台東区 食品衛生営業施設一覧,488,雷門
飲食店,食べる,飲食店営業（一般・軽食喫茶）,ドトールコーヒーショップ浅草田原町店,35.710289,139.791397,point,西浅草一丁目１番１６号,台東区,西浅草,1636,台東区 食品衛生営業施設一覧,482,雷門
飲食店,食べる,飲食店営業（一般・軽食喫茶）,コメダ珈琲　田原町駅前店,35.71011,139.79007,point,西浅草一丁目２番３号,台東区,西浅草,1533,台東区 食品衛生営業施設一覧,604,雷門
飲食店,食べる,飲食店営業（一般・軽食喫茶）,ＴＨＥ　ＡＵＬＤ,35.710636,139.791138,point,西浅草一丁目７番３号,台東区,西浅草,1600,台東区 食品衛生営業施設一覧,503,雷門
飲食店,食べる,飲食店営業（一般・軽食喫茶）,ＴＡＢＩ　ＴＯ　ＣＯＦＦＥＥ,35.710644,139.79155,point,西浅草一丁目７番２０号,台東区,西浅草,1635,台東区 食品衛生営業施設一覧,465,雷門
飲食店,食べる,飲食店営業（一般・軽食喫茶）,ＹＯＯＬＩ　ＣＡＦＥ,35.711857,139.790512,point,西浅草一丁目９番８号,台東区,西浅草,1504,台東区 食品衛生営業施設一覧,550,仲見世通り
飲食店,食べる,飲食店営業（一般・軽食喫茶）,紅鶴,35.711967,139.791901,point,西浅草二丁目１番１１号,台東区,西浅草,1622,台東区 食品衛生営業施設一覧,424,仲見世通り
飲食店,食べる,飲食店営業（一般・軽食喫茶）,求楽,35.71209,139.789917,point,西浅草二丁目３番２号,台東区,西浅草,1446,台東区 食品衛生営業施設一覧,604,仲見世通り
飲食店,食べる,飲食店営業（一般・軽食喫茶）,甘味茶房　菊丸,35.712223,139.789291,point,西浅草二丁目４番１号,台東区,西浅草,1387,台東区 食品衛生営業施設一覧,661,仲見世通り
飲食店,食べる,飲食店営業（一般・軽食喫茶）,ＫＯＴＯＢＵＫＩ,35.712963,139.789551,point,西浅草二丁目８番６号,台東区,西浅草,1390,台東区 食品衛生営業施設一覧,647,仲見世通り
飲食店,食べる,飲食店営業（一般・軽食喫茶）,西浅草　黒猫亭,35.712406,139.790146,point,西浅草二丁目９番１号,台東区,西浅草,1457,台東区 食品衛生営業施設一覧,585,仲見世通り
飲食店,食べる,飲食店営業（一般・軽食喫茶）,ＮＯＯＫ．,35.712433,139.789978,point,西浅草二丁目９番２号,台東区,西浅草,1441,台東区 食品衛生営業施設一覧,601,仲見世通り
飲食店,食べる,飲食店営業（一般・軽食喫茶）,ＢＵＢＵ　ｃａｆｅ　（ブブ　カフェ）,35.712372,139.791183,point,西浅草二丁目１１番１１号,台東区,西浅草,1548,台東区 食品衛生営業施設一覧,492,仲見世通り
飲食店,食べる,飲食店営業（一般・軽食喫茶）,喫茶　サンパウロ,35.712967,139.792068,point,西浅草二丁目１４番１６号,台東区,西浅草,1613,台東区 食品衛生営業施設一覧,426,仲見世通り
飲食店,食べる,飲食店営業（一般・軽食喫茶）,ｍｉｙａｍｉ,35.713505,139.790543,point,西浅草二丁目１６番７号,台東区,西浅草,1467,台東区 食品衛生営業施設一覧,575,仲見世通り
飲食店,食べる,飲食店営業（一般・軽食喫茶）,ジェラテリアバール　マルカート,35.713207,139.7892,point,西浅草二丁目１９番３号,台東区,西浅草,1354,台東区 食品衛生営業施設一覧,684,仲見世通り
飲食店,食べる,飲食店営業（一般・軽食喫茶）,株式会社　升宏,35.713528,139.789566,point,西浅草二丁目１９番１１号,台東区,西浅草,1380,台東区 食品衛生営業施設一覧,660,仲見世通り
飲食店,食べる,飲食店営業（一般・軽食喫茶）,ｃｏｆｆｅｅと○○,35.713955,139.78894,point,西浅草二丁目２１番５号,台東区,西浅草,1316,台東区 食品衛生営業施設一覧,710,浅草寺
飲食店,食べる,飲食店営業（一般・軽食喫茶）,ｃａｆｅ　Ａｒｕｍｏｓ,35.714066,139.789398,point,西浅草二丁目２１番９号,台東区,西浅草,1356,台東区 食品衛生営業施設一覧,668,浅草寺
飲食店,食べる,飲食店営業（一般・軽食喫茶）,珈琲オンリー,35.714314,139.789413,point,西浅草二丁目２２番８号,台東区,西浅草,1354,台東区 食品衛生営業施設一覧,664,浅草寺
飲食店,食べる,飲食店営業（一般・軽食喫茶）,Ｃｈｅｒｒｙ　Ｌａｂ,35.714165,139.790146,point,西浅草二丁目２３番９号,台東区,西浅草,1422,台東区 食品衛生営業施設一覧,599,浅草寺
飲食店,食べる,飲食店営業（一般・軽食喫茶）,Ｇｙｐｓｉｅｓ　Ｃａｆｅ,35.714138,139.790298,point,西浅草二丁目２３番１０号,台東区,西浅草,1436,台東区 食品衛生営業施設一覧,586,浅草寺
飲食店,食べる,飲食店営業（一般・軽食喫茶）,Ｔｅａ　ｔｉｍｅ　＆　Ｊａｚｚ　Ｂａｒ　ＳＨＩＺＵＫＡ,35.713974,139.790604,point,西浅草二丁目２５番８号,台東区,西浅草,1465,台東区 食品衛生営業施設一覧,561,浅草寺
飲食店,食べる,飲食店営業（一般・軽食喫茶）,鼓動　ＭＵＳＥＵＭ　ＣＡＦＥ,35.714069,139.790695,point,西浅草二丁目２５番９号,台東区,西浅草,1472,台東区 食品衛生営業施設一覧,551,浅草寺
飲食店,食べる,飲食店営業（一般・軽食喫茶）,ＣｉｓＺ,35.714005,139.791031,point,西浅草二丁目２５番１１号,台東区,西浅草,1503,台東区 食品衛生営業施設一覧,522,浅草寺
飲食店,食べる,飲食店営業（一般・軽食喫茶）,和風処　うさぎ,35.713387,139.791916,point,西浅草二丁目２６番２号,台東区,西浅草,1592,台東区 食品衛生営業施設一覧,454,仲見世通り
飲食店,食べる,飲食店営業（一般・軽食喫茶）,かぐらちゃかプチ,35.713711,139.792221,point,西浅草二丁目２７番１１号,台東区,西浅草,1614,台東区 食品衛生営業施設一覧,424,浅草寺
飲食店,食べる,飲食店営業（一般・軽食喫茶）,純喫茶　ペガサス,35.714176,139.792297,point,西浅草三丁目１番１０号,台東区,西浅草,1615,台東区 食品衛生営業施設一覧,407,浅草寺
飲食店,食べる,飲食店営業（一般・軽食喫茶）,Ｃａｆｅ　Ｂｙｒｏｎ　Ｂａｙ,35.714283,139.791901,point,西浅草三丁目２番１２号,台東区,西浅草,1578,台東区 食品衛生営業施設一覧,440,浅草寺
飲食店,食べる,飲食店営業（一般・軽食喫茶）,やまびこ,35.713982,139.791718,point,西浅草三丁目３番１号,台東区,西浅草,1565,台東区 食品衛生営業施設一覧,462,浅草寺
飲食店,食べる,飲食店営業（一般・軽食喫茶）,Ｃｏｓｍｅ　Ｃａｆｅ　ＫＡＮＡＲＩＹＡ,35.713982,139.791718,point,西浅草三丁目３番１号,台東区,西浅草,1565,台東区 食品衛生営業施設一覧,462,浅草寺
飲食店,食べる,飲食店営業（一般・軽食喫茶）,田心カフェ,35.714073,139.791245,point,西浅草三丁目３番４号,台東区,西浅草,1521,台東区 食品衛生営業施設一覧,502,浅草寺
飲食店,食べる,飲食店営業（一般・軽食喫茶）,ＮＡＫＡＯ　ＦＡＣＴＯＲＹ　ＷＯＲＫＳ　ＡＮＮＥＸ　＆　ＣＯＦＦＥＥ　ＳＴＡＮＤ,35.714272,139.791199,point,西浅草三丁目３番６号,台東区,西浅草,1515,台東区 食品衛生営業施設一覧,504,浅草寺
飲食店,食べる,飲食店営業（一般・軽食喫茶）,ぬま田海苔　うまみラボ,35.714439,139.789291,point,西浅草三丁目７番２号,台東区,西浅草,1342,台東区 食品衛生営業施設一覧,674,浅草寺
飲食店,食べる,飲食店営業（一般・軽食喫茶）,ｃａｆｅ　ｏｔｏｎｏｖａ,35.715366,139.789398,point,西浅草三丁目１０番４号,台東区,西浅草,1345,台東区 食品衛生営業施設一覧,668,浅草寺
飲食店,食べる,飲食店営業（一般・軽食喫茶）,江戸昔菓子　あさくさ　梅源,35.715508,139.789413,point,西浅草三丁目１０番５号,台東区,西浅草,1346,台東区 食品衛生営業施設一覧,668,浅草寺
飲食店,食べる,飲食店営業（一般・軽食喫茶）,シルクロード,35.715145,139.79126,point,西浅草三丁目１４番１１号,台東区,西浅草,1514,台東区 食品衛生営業施設一覧,498,浅草寺
飲食店,食べる,飲食店営業（一般・軽食喫茶）,Ｉ’ｍ　ｍｉｋａｎ,35.71508,139.791901,point,西浅草三丁目１５番１２号,台東区,西浅草,1572,台東区 食品衛生営業施設一覧,440,浅草寺
飲食店,食べる,飲食店営業（一般・軽食喫茶）,ＴＨＥ　ＬＯＵＮＧＥ,35.715073,139.792282,point,西浅草三丁目１７番１号,台東区,西浅草,1606,台東区 食品衛生営業施設一覧,405,浅草寺
飲食店,食べる,飲食店営業（一般・軽食喫茶）,ＭＯＲＩ　ＳＴＯＲＥ,35.715691,139.790894,point,西浅草三丁目２０番６号,台東区,西浅草,1480,台東区 食品衛生営業施設一覧,540,浅草寺
飲食店,食べる,飲食店営業（一般・軽食喫茶）,浅草タワー　カフェ,35.715534,139.79007,point,西浅草三丁目２２番３号,台東区,西浅草,1406,台東区 食品衛生営業施設一覧,610,浅草寺
飲食店,食べる,飲食店営業（一般・軽食喫茶）,音楽喫茶ビリー・ジーン,35.716404,139.791077,point,西浅草三丁目２６番２号,台東区,西浅草,1499,台東区 食品衛生営業施設一覧,545,浅草寺
飲食店,食べる,飲食店営業（一般・軽食喫茶）,カフェバー　インディゴ,35.717133,139.791534,point,西浅草三丁目２７番１３号,台東区,西浅草,1547,台東区 食品衛生営業施設一覧,542,浅草寺
飲食店,食べる,飲食店営業（一般・軽食喫茶）,忍者カフェ　浅草,35.717091,139.791687,point,西浅草三丁目２７番１４号,台東区,西浅草,1560,台東区 食品衛生営業施設一覧,528,浅草寺
飲食店,食べる,飲食店営業（一般・軽食喫茶）,ＮＡＯＭＩ　ｃｏｆｆｅｅ　ｂｙ　Ｆ　ｃｏｆｆｅｅ　ｒｏａｓｔｅｒｓ,35.71751,139.791107,point,西浅草三丁目２８番１１号,台東区,西浅草,1514,台東区 食品衛生営業施設一覧,596,浅草寺
飲食店,食べる,飲食店営業（一般・軽食喫茶）,珈琲屋　バッハ,35.726841,139.800385,point,日本堤一丁目２３番９号,台東区,日本堤,2650,台東区 食品衛生営業施設一覧,1387,浅草寺
飲食店,食べる,飲食店営業（一般・軽食喫茶）,映画喫茶「泪橋ホール」,35.728466,139.799591,point,日本堤二丁目２８番１０号,台東区,日本堤,2679,台東区 食品衛生営業施設一覧,1550,浅草寺
飲食店,食べる,飲食店営業（一般・軽食喫茶）,Ｃａｆ?　Ｔｅｐｕｉ,35.728825,139.798019,point,日本堤二丁目３０番７号,台東区,日本堤,2583,台東区 食品衛生営業施設一覧,1573,浅草寺
飲食店,食べる,飲食店営業（一般・軽食喫茶）,Ｍ’ｓ　ｃａｆｅ,35.720703,139.781036,point,根岸一丁目１番２３号,台東区,根岸,819,台東区 食品衛生営業施設一覧,909,上野公園
飲食店,食べる,飲食店営業（一般・軽食喫茶）,有限会社　コーラル,35.721355,139.780304,point,根岸一丁目２番１９号,台東区,根岸,827,台東区 食品衛生営業施設一覧,911,上野公園
飲食店,食べる,飲食店営業（一般・軽食喫茶）,響　ＨＩＢＩＫＩ,35.721165,139.780197,point,根岸一丁目２番２１号,台東区,根岸,805,台東区 食品衛生営業施設一覧,889,上野公園
飲食店,食べる,飲食店営業（一般・軽食喫茶）,ロビンズクラブ,35.721165,139.780197,point,根岸一丁目２番２１号,台東区,根岸,805,台東区 食品衛生営業施設一覧,889,上野公園
飲食店,食べる,飲食店営業（一般・軽食喫茶）,Ｒｏｏｋｉｅ,35.720734,139.779724,point,根岸一丁目３番２１号,台東区,根岸,740,台東区 食品衛生営業施設一覧,825,上野公園
飲食店,食べる,飲食店営業（一般・軽食喫茶）,ｅスポっと　鶯谷店,35.722549,139.779114,point,根岸一丁目５番１３号,台東区,根岸,878,台東区 食品衛生営業施設一覧,950,上野公園
飲食店,食べる,飲食店営業（一般・軽食喫茶）,ＡＲＡＳ　ＫＥＢＡＢ－Ｓｈｏｐ－２,35.722713,139.778763,point,根岸一丁目６番１３号,台東区,根岸,880,台東区 食品衛生営業施設一覧,948,上野公園
飲食店,食べる,飲食店営業（一般・軽食喫茶）,ドト－ルコ－ヒ－ショップ鶯谷北口店,35.722816,139.777786,point,根岸一丁目９番９号,台東区,根岸,855,台東区 食品衛生営業施設一覧,917,上野公園
飲食店,食べる,飲食店営業（一般・軽食喫茶）,カフェド　花家,35.723351,139.778091,point,根岸二丁目１番１号,台東区,根岸,921,台東区 食品衛生営業施設一覧,982,上野公園
飲食店,食べる,飲食店営業（一般・軽食喫茶）,ｃｒ?ｐｅ＆ｂａｒ　ｎｕｉｔ,35.723564,139.777939,point,根岸二丁目１４番３号,台東区,根岸,938,台東区 食品衛生営業施設一覧,998,上野公園
飲食店,食べる,飲食店営業（一般・軽食喫茶）,Ｃａｆｅ　Ｗｅｌｃｏｍｅ,35.724655,139.778488,point,根岸二丁目１８番２号,台東区,根岸,1069,台東区 食品衛生営業施設一覧,1129,上野公園
飲食店,食べる,飲食店営業（一般・軽食喫茶）,德岡勘兵衛茶舗,35.721664,139.781342,point,根岸三丁目１番９号,台東区,根岸,914,台東区 食品衛生営業施設一覧,1001,上野公園
飲食店,食べる,飲食店営業（一般・軽食喫茶）,ＳＡＮＤＷＩＣＨＳＨＯＰ　ＯＣＥＡＮ,35.722221,139.782089,point,根岸三丁目２番９号,台東区,根岸,1006,台東区 食品衛生営業施設一覧,1093,上野公園
飲食店,食べる,飲食店営業（一般・軽食喫茶）,デン,35.722237,139.781631,point,根岸三丁目３番１８号,台東区,根岸,979,台東区 食品衛生営業施設一覧,1065,上野公園
飲食店,食べる,飲食店営業（一般・軽食喫茶）,ラッキーハウス,35.721592,139.781158,point,根岸三丁目４番１３号,台東区,根岸,897,台東区 食品衛生営業施設一覧,984,上野公園
飲食店,食べる,飲食店営業（一般・軽食喫茶）,Ｇｏ　Ｄｒｉｐ　Ｃｏｆｆｅｅ,35.721954,139.780289,point,根岸三丁目５番３号,台東区,根岸,879,台東区 食品衛生営業施設一覧,960,上野公園
飲食店,食べる,飲食店営業（一般・軽食喫茶）,リセットチャンス,35.72234,139.779892,point,根岸三丁目６番４号,台東区,根岸,894,台東区 食品衛生営業施設一覧,971,上野公園
飲食店,食べる,飲食店営業（一般・軽食喫茶）,Ｊｏｈｎ,35.722107,139.780365,point,根岸三丁目６番２３ー１２号,台東区,根岸,897,台東区 食品衛生営業施設一覧,977,上野公園
飲食店,食べる,飲食店営業（一般・軽食喫茶）,月光,35.722672,139.779663,point,根岸三丁目７番１８号,台東区,根岸,914,台東区 食品衛生営業施設一覧,989,上野公園
飲食店,食べる,飲食店営業（一般・軽食喫茶）,喫茶　ライフ,35.724236,139.778824,point,根岸三丁目１０番３号,台東区,根岸,1037,台東区 食品衛生営業施設一覧,1100,上野公園
飲食店,食べる,飲食店営業（一般・軽食喫茶）,ＣＡＦＥ　ＢＥＶＡＮＤＡＲＩＡ,35.722576,139.781952,point,根岸三丁目１３番１号,台東区,根岸,1027,台東区 食品衛生営業施設一覧,1112,上野公園
飲食店,食べる,飲食店営業（一般・軽食喫茶）,根岸バル,35.723251,139.781921,point,根岸三丁目１３番６号,台東区,根岸,1083,台東区 食品衛生営業施設一覧,1165,上野公園
飲食店,食べる,飲食店営業（一般・軽食喫茶）,根岸カフェ,35.7239,139.782028,point,根岸三丁目１３番１１号,台東区,根岸,1146,台東区 食品衛生営業施設一覧,1226,上野公園
飲食店,食べる,飲食店営業（一般・軽食喫茶）,チリパンチ,35.722637,139.78215,point,根岸三丁目１４番６号,台東区,根岸,1044,台東区 食品衛生営業施設一覧,1129,上野公園
飲食店,食べる,飲食店営業（一般・軽食喫茶）,ドトールコーヒーショップ　三ノ輪店,35.730095,139.791275,point,根岸五丁目２２番６号,台東区,根岸,2212,台東区 食品衛生営業施設一覧,1780,浅草寺
飲食店,食べる,飲食店営業（一般・軽食喫茶）,喫茶　クロ,35.725891,139.806671,point,橋場一丁目３４番５号,台東区,橋場,3122,台東区 食品衛生営業施設一覧,1531,浅草寺
飲食店,食べる,飲食店営業（一般・軽食喫茶）,海舟,35.710674,139.798401,point,花川戸一丁目１番１号,台東区,花川戸,2226,台東区 食品衛生営業施設一覧,154,雷門
飲食店,食べる,飲食店営業（一般・軽食喫茶）,ＴＯＫＹＯ　ＣＲＵＩＳＥ　ＣＡＦＥ　浅草店,35.710674,139.798401,point,花川戸一丁目１番１号,台東区,花川戸,2226,台東区 食品衛生営業施設一覧,154,雷門
飲食店,食べる,飲食店営業（一般・軽食喫茶）,ホタルナ,35.710674,139.798401,point,花川戸一丁目１番１号,台東区,花川戸,2226,台東区 食品衛生営業施設一覧,154,雷門
飲食店,食べる,飲食店営業（一般・軽食喫茶）,道灌,35.710674,139.798401,point,花川戸一丁目１番１号,台東区,花川戸,2226,台東区 食品衛生営業施設一覧,154,雷門
飲食店,食べる,飲食店営業（一般・軽食喫茶）,Ｃａｆ?　Ｗ．Ｅ,35.713528,139.801254,point,花川戸一丁目１番３０号,台東区,花川戸,2426,台東区 食品衛生営業施設一覧,428,浅草寺
飲食店,食べる,飲食店営業（一般・軽食喫茶）,夜空ダイニング,35.711182,139.798218,point,花川戸一丁目２番４号,台東区,花川戸,2197,台東区 食品衛生営業施設一覧,143,雷門
飲食店,食べる,飲食店営業（一般・軽食喫茶）,ＢＥＥ　ＦＲＩＥＮＤＳＨＩＰ　浅草,35.711281,139.798294,point,花川戸一丁目２番５号,台東区,花川戸,2201,台東区 食品衛生営業施設一覧,154,雷門
飲食店,食べる,飲食店営業（一般・軽食喫茶）,生搾りモンブラン　八百Ｑカフェ,35.711567,139.798523,point,花川戸一丁目２番８号,台東区,花川戸,2215,台東区 食品衛生営業施設一覧,178,仲見世通り
飲食店,食べる,飲食店営業（一般・軽食喫茶）,シノワズリ,35.712017,139.79895,point,花川戸一丁目３番５号,台東区,花川戸,2243,台東区 食品衛生営業施設一覧,213,仲見世通り
飲食店,食べる,飲食店営業（一般・軽食喫茶）,サンマルクカフェ　浅草ＥＫＩＭＩＳＥ店,35.71122,139.797836,point,花川戸一丁目４番１号,台東区,花川戸,2162,台東区 食品衛生営業施設一覧,113,雷門
飲食店,食べる,飲食店営業（一般・軽食喫茶）,ネコカフェ　ＭＯＮＴＡ,35.712048,139.797913,point,花川戸一丁目５番２号,台東区,花川戸,2150,台東区 食品衛生営業施設一覧,120,仲見世通り
飲食店,食べる,飲食店営業（一般・軽食喫茶）,昆布の川ひと　浅草店,35.712181,139.797913,point,花川戸一丁目５番３号,台東区,花川戸,2148,台東区 食品衛生営業施設一覧,123,仲見世通り
飲食店,食べる,飲食店営業（一般・軽食喫茶）,レオニダス浅草店　カフェリオン,35.712181,139.797913,point,花川戸一丁目５番３号,台東区,花川戸,2148,台東区 食品衛生営業施設一覧,123,仲見世通り
飲食店,食べる,飲食店営業（一般・軽食喫茶）,タルトリエ　浅草店,35.712032,139.79808,point,花川戸一丁目５番７号,台東区,花川戸,2166,台東区 食品衛生営業施設一覧,134,仲見世通り
飲食店,食べる,飲食店営業（一般・軽食喫茶）,Ｋ．ｋ　ｍｉｌｋｙｔｅａ,35.712547,139.798218,point,花川戸一丁目６番６号,台東区,花川戸,2168,台東区 食品衛生営業施設一覧,163,仲見世通り
飲食店,食べる,飲食店営業（一般・軽食喫茶）,つくも,35.712677,139.798035,point,花川戸一丁目７番２号,台東区,花川戸,2150,台東区 食品衛生営業施設一覧,156,仲見世通り
飲食店,食べる,飲食店営業（一般・軽食喫茶）,Ｓ?ＡＳＡＫＵＳＡ　１Ｆ,35.713169,139.79808,point,花川戸一丁目７番６号,台東区,花川戸,2146,台東区 食品衛生営業施設一覧,194,仲見世通り
飲食店,食べる,飲食店営業（一般・軽食喫茶）,Ｓ?ＡＳＡＫＵＳＡ　３Ｆ,35.713169,139.79808,point,花川戸一丁目７番６号,台東区,花川戸,2146,台東区 食品衛生営業施設一覧,194,仲見世通り
飲食店,食べる,飲食店営業（一般・軽食喫茶）,満天星,35.712566,139.798721,point,花川戸一丁目１０番３号,台東区,花川戸,2213,台東区 食品衛生営業施設一覧,205,仲見世通り
飲食店,食べる,飲食店営業（一般・軽食喫茶）,タナゴコロ,35.712566,139.798721,point,花川戸一丁目１０番３号,台東区,花川戸,2213,台東区 食品衛生営業施設一覧,205,仲見世通り
飲食店,食べる,飲食店営業（一般・軽食喫茶）,Ｓｕｎｓｈｉｎｅ　Ｔｏｕｒ,35.71257,139.799103,point,花川戸一丁目１０番１６号,台東区,花川戸,2247,台東区 食品衛生営業施設一覧,238,仲見世通り
飲食店,食べる,飲食店営業（一般・軽食喫茶）,花手毬,35.713642,139.800797,point,花川戸一丁目１２番８号,台東区,花川戸,2384,台東区 食品衛生営業施設一覧,385,浅草寺
飲食店,食べる,飲食店営業（一般・軽食喫茶）,タルトリエ　リバーサイド　浅草店,35.713089,139.800293,point,花川戸一丁目１２番１４号,台東区,花川戸,2345,台東区 食品衛生営業施設一覧,359,仲見世通り
飲食店,食べる,飲食店営業（一般・軽食喫茶）,ＴＨＥ　ＤＡＹ　ｅａｓｔ　ｔｏｋｙｏ,35.713287,139.799484,point,花川戸一丁目１３番３号,台東区,花川戸,2270,台東区 食品衛生営業施設一覧,294,浅草寺
飲食店,食べる,飲食店営業（一般・軽食喫茶）,セリーヌ,35.713783,139.80014,point,花川戸一丁目１３番９号,台東区,花川戸,2324,台東区 食品衛生営業施設一覧,323,浅草寺
飲食店,食べる,飲食店営業（一般・軽食喫茶）,ＣＡＦＥオカオカ,35.713463,139.800095,point,花川戸一丁目１３番１３号,台東区,花川戸,2323,台東区 食品衛生営業施設一覧,333,浅草寺
飲食店,食べる,飲食店営業（一般・軽食喫茶）,Ｃａｆｆ?　Ｍａｍｍａ　Ｎａｔａｌｅ　カフェマンマナターレ,35.713436,139.798386,point,花川戸一丁目１５番１号,台東区,花川戸,2170,台東区 食品衛生営業施設一覧,205,浅草寺
飲食店,食べる,飲食店営業（一般・軽食喫茶）,雷一茶,35.714149,139.798569,point,花川戸一丁目１５番９号,台東区,花川戸,2179,台東区 食品衛生営業施設一覧,176,浅草寺
飲食店,食べる,飲食店営業（一般・軽食喫茶）,ｌｅｍｏｎｅ,35.714073,139.800262,point,花川戸二丁目３番４号,台東区,花川戸,2332,台東区 食品衛生営業施設一覧,325,浅草寺
飲食店,食べる,飲食店営業（一般・軽食喫茶）,市原商店,35.714859,139.798904,point,花川戸二丁目８番４号,台東区,花川戸,2205,台東区 食品衛生営業施設一覧,195,浅草寺
飲食店,食べる,飲食店営業（一般・軽食喫茶）,浅草　飴細工　アメシン　花川戸店,35.71452,139.799438,point,花川戸二丁目９番１号,台東区,花川戸,2255,台東区 食品衛生営業施設一覧,244,浅草寺
飲食店,食べる,飲食店営業（一般・軽食喫茶）,ＤＡＶＩＤＥ　Ｃｏｆｆｅｅ　Ｓｔｏｐ,35.71452,139.799438,point,花川戸二丁目９番１号,台東区,花川戸,2255,台東区 食品衛生営業施設一覧,244,浅草寺
飲食店,食べる,飲食店営業（一般・軽食喫茶）,Ｇｉａｐｐｏｌｉａｎｏ,35.714729,139.800018,point,花川戸二丁目１０番１２号,台東区,花川戸,2306,台東区 食品衛生営業施設一覧,295,浅草寺
飲食店,食べる,飲食店営業（一般・軽食喫茶）,八十八　浅草店,35.714535,139.801468,point,花川戸二丁目１４番３号,台東区,花川戸,2438,台東区 食品衛生営業施設一覧,426,浅草寺
飲食店,食べる,飲食店営業（一般・軽食喫茶）,ＣＡＣＯＭ,35.714729,139.801819,point,花川戸二丁目１５番６号,台東区,花川戸,2468,台東区 食品衛生営業施設一覧,458,浅草寺
飲食店,食べる,飲食店営業（一般・軽食喫茶）,純喫茶　キャノン,35.720703,139.801422,point,東浅草一丁目２番６号,台東区,東浅草,2496,台東区 食品衛生営業施設一覧,788,浅草寺
飲食店,食べる,飲食店営業（一般・軽食喫茶）,ｖｉｎｙｌ,35.721645,139.801315,point,東浅草一丁目９番２号,台東区,東浅草,2512,台東区 食品衛生営業施設一覧,873,浅草寺
飲食店,食べる,飲食店営業（一般・軽食喫茶）,冨嶽,35.722672,139.800293,point,東浅草一丁目１８番６号,台東区,東浅草,2458,台東区 食品衛生営業施設一覧,940,浅草寺
飲食店,食べる,飲食店営業（一般・軽食喫茶）,ひめまるカフェ,35.723305,139.800995,point,東浅草二丁目１番５号,台東区,東浅草,2541,台東区 食品衛生営業施設一覧,1029,浅草寺
飲食店,食べる,飲食店営業（一般・軽食喫茶）,ＴＨＥ　ＳＯＹ　ＬＵＣＫ　ＣＬＵＢ,35.724033,139.799164,point,東浅草二丁目９番７号,台東区,東浅草,2416,台東区 食品衛生営業施設一覧,1058,浅草寺
飲食店,食べる,飲食店営業（一般・軽食喫茶）,サマンサ,35.725132,139.798996,point,東浅草二丁目２５番１０号,台東区,東浅草,2452,台東区 食品衛生営業施設一覧,1175,浅草寺
飲食店,食べる,飲食店営業（一般・軽食喫茶）,ぶるっくす,35.708447,139.777161,point,東上野一丁目１７番４号,台東区,東上野,831,台東区 食品衛生営業施設一覧,250,アメヤ横丁
飲食店,食べる,飲食店営業（一般・軽食喫茶）,ＳＥ　ｃｏｆｆｅｅ,35.708256,139.778336,point,東上野一丁目２０番２号,台東区,東上野,887,台東区 食品衛生営業施設一覧,355,アメヤ横丁
飲食店,食べる,飲食店営業（一般・軽食喫茶）,珈琲　美珈,35.708797,139.78157,point,東上野二丁目３番７号,台東区,東上野,990,台東区 食品衛生営業施設一覧,650,アメヤ横丁
飲食店,食べる,飲食店営業（一般・軽食喫茶）,珈琲家,35.708916,139.778732,point,東上野二丁目１０番２号,台東区,東上野,836,台東区 食品衛生営業施設一覧,397,アメヤ横丁
飲食店,食べる,飲食店営業（一般・軽食喫茶）,六曜館,35.70895,139.777634,point,東上野二丁目１４番１号,台東区,東上野,792,台東区 食品衛生営業施設一覧,301,アメヤ横丁
飲食店,食べる,飲食店営業（一般・軽食喫茶）,ドトールコーヒー上野昭和通り店,35.710178,139.776794,point,東上野二丁目１８番６号,台東区,東上野,637,台東区 食品衛生営業施設一覧,301,アメヤ横丁
飲食店,食べる,飲食店営業（一般・軽食喫茶）,カフェ・クレール,35.710308,139.77681,point,東上野二丁目１８番７号,台東区,東上野,624,台東区 食品衛生営業施設一覧,312,アメヤ横丁
飲食店,食べる,飲食店営業（一般・軽食喫茶）,カフェ・ド・ウエスト,35.709778,139.780243,point,東上野二丁目２３番２０号,台東区,東上野,829,台東区 食品衛生営業施設一覧,553,アメヤ横丁
飲食店,食べる,飲食店営業（一般・軽食喫茶）,カフェ　メイプル,35.709908,139.782425,point,東上野三丁目１番１２号,台東区,東上野,955,台東区 食品衛生営業施設一覧,746,アメヤ横丁
飲食店,食べる,飲食店営業（一般・軽食喫茶）,Ｖｅｎｔｏ（ヴェント）,35.709778,139.782379,point,東上野三丁目１番１３号,台東区,東上野,962,台東区 食品衛生営業施設一覧,739,アメヤ横丁
飲食店,食べる,飲食店営業（一般・軽食喫茶）,ＫＩＫＩＭＥ,35.710342,139.782013,point,東上野三丁目２番７号,台東区,東上野,896,台東区 食品衛生営業施設一覧,724,アメヤ横丁
飲食店,食べる,飲食店営業（一般・軽食喫茶）,ラニン,35.710632,139.778687,point,東上野三丁目１５番１３号,台東区,東上野,669,台東区 食品衛生営業施設一覧,466,アメヤ横丁
飲食店,食べる,飲食店営業（一般・軽食喫茶）,Ｎａｇｉ,35.710632,139.778687,point,東上野三丁目１５番１３号,台東区,東上野,669,台東区 食品衛生営業施設一覧,466,アメヤ横丁
飲食店,食べる,飲食店営業（一般・軽食喫茶）,サンマルクカフェ　Ｅｃｈｉｋａｆｉｔ上野店,35.711742,139.777863,point,東上野三丁目１９番６号,台東区,東上野,526,台東区 食品衛生営業施設一覧,494,アメヤ横丁
飲食店,食べる,飲食店営業（一般・軽食喫茶）,上島珈琲店　東上野店,35.711742,139.777863,point,東上野三丁目１９番６号,台東区,東上野,526,台東区 食品衛生営業施設一覧,494,アメヤ横丁
飲食店,食べる,飲食店営業（一般・軽食喫茶）,Ｎａｇｉ,35.711445,139.779175,point,東上野三丁目２３番５号,台東区,東上野,626,台東区 食品衛生営業施設一覧,555,アメヤ横丁
飲食店,食べる,飲食店営業（一般・軽食喫茶）,ｄｉｎｉｎｇ　ｂａｒ　ｕｒｕ,35.710781,139.780411,point,東上野三丁目２５番１２号,台東区,東上野,756,台東区 食品衛生営業施設一覧,609,アメヤ横丁
飲食店,食べる,飲食店営業（一般・軽食喫茶）,サイフォンコーヒー　ヤマ,35.710659,139.781937,point,東上野三丁目３２番６号,台東区,東上野,868,台東区 食品衛生営業施設一覧,729,アメヤ横丁
飲食店,食べる,飲食店営業（一般・軽食喫茶）,ｈｉｔｏｍａ　コーヒーとお酒,35.711174,139.781433,point,東上野三丁目３４番４号,台東区,東上野,796,台東区 食品衛生営業施設一覧,711,アメヤ横丁
飲食店,食べる,飲食店営業（一般・軽食喫茶）,ｆｗａｆｆｌｅ！,35.711174,139.781433,point,東上野三丁目３４番４号,台東区,東上野,796,台東区 食品衛生営業施設一覧,711,アメヤ横丁
飲食店,食べる,飲食店営業（一般・軽食喫茶）,Ｌｏｔｕｓ　Ｃａｆｅ,35.711197,139.781311,point,東上野三丁目３５番１２号,台東区,東上野,786,台東区 食品衛生営業施設一覧,702,アメヤ横丁
飲食店,食べる,飲食店営業（一般・軽食喫茶）,㈱古城,35.711704,139.779022,point,東上野三丁目３９番１０号,台東区,東上野,595,台東区 食品衛生営業施設一覧,563,アメヤ横丁
飲食店,食べる,飲食店営業（一般・軽食喫茶）,ドトールコーヒーショップ　上野浅草通り店,35.712086,139.779205,point,東上野四丁目２番３号,台東区,東上野,577,台東区 食品衛生営業施設一覧,605,アメヤ横丁
飲食店,食べる,飲食店営業（一般・軽食喫茶）,珈琲店　桂３号店,35.712627,139.778976,point,東上野四丁目３番１０号,台東区,東上野,522,台東区 食品衛生営業施設一覧,589,上野公園
飲食店,食べる,飲食店営業（一般・軽食喫茶）,ｆａｔｉｃａｎ　ｐａｎｉｎｏ,35.713844,139.780624,point,東上野四丁目１４番３号,台東区,東上野,586,台東区 食品衛生営業施設一覧,674,上野公園
飲食店,食べる,飲食店営業（一般・軽食喫茶）,ＣＯＬＯＲＥ,35.713985,139.781265,point,東上野四丁目１７番８号,台東区,東上野,637,台東区 食品衛生営業施設一覧,727,上野公園
飲食店,食べる,飲食店営業（一般・軽食喫茶）,たかね,35.714573,139.780899,point,東上野四丁目２０番５号,台東区,東上野,589,台東区 食品衛生営業施設一覧,683,上野公園
飲食店,食べる,飲食店営業（一般・軽食喫茶）,Ｇｕｒｕａｔｓｕ,35.714939,139.781418,point,東上野四丁目２１番６号,台東区,東上野,629,台東区 食品衛生営業施設一覧,726,上野公園
飲食店,食べる,飲食店営業（一般・軽食喫茶）,着物男子喫茶キザエモン,35.711716,139.781586,point,東上野五丁目１番１０号,台東区,東上野,772,台東区 食品衛生営業施設一覧,752,アメヤ横丁
飲食店,食べる,飲食店営業（一般・軽食喫茶）,ジャーワールー,35.711845,139.781601,point,東上野五丁目１番１１号,台東区,東上野,765,台東区 食品衛生営業施設一覧,760,アメヤ横丁
飲食店,食べる,飲食店営業（一般・軽食喫茶）,稲荷町珈琲,35.711979,139.782501,point,東上野五丁目４番３号,台東区,東上野,827,台東区 食品衛生営業施設一覧,838,アメヤ横丁
飲食店,食べる,飲食店営業（一般・軽食喫茶）,ロンドベル東京１階,35.714272,139.784912,point,東上野六丁目１８番１４号,台東区,東上野,952,台東区 食品衛生営業施設一覧,1047,上野公園
飲食店,食べる,飲食店営業（一般・軽食喫茶）,Ｐ?ｔｉｓｓｅｒｉｅ　ｂｌａｉｒｅａｕ,35.711761,139.787506,point,松が谷一丁目８番７号,台東区,松が谷,1249,台東区 食品衛生営業施設一覧,821,仲見世通り
飲食店,食べる,飲食店営業（一般・軽食喫茶）,高橋総本店　デモ＆キッチン,35.711365,139.788208,point,松が谷一丁目９番１３号,台東区,松が谷,1324,台東区 食品衛生営業施設一覧,760,仲見世通り
飲食店,食べる,飲食店営業（一般・軽食喫茶）,刻,35.713566,139.788651,point,松が谷二丁目１３番１２号,台東区,松が谷,1297,台東区 食品衛生営業施設一覧,741,仲見世通り
飲食店,食べる,飲食店営業（一般・軽食喫茶）,株式会社　カジワラキッチンサプライ,35.713436,139.78862,point,松が谷二丁目１３番１３号,台東区,松が谷,1297,台東区 食品衛生営業施設一覧,740,仲見世通り
飲食店,食べる,飲食店営業（一般・軽食喫茶）,ＰＡＳＣＵＣＣＩ　ＫＩＴＣＨＥＮ,35.713997,139.786484,point,松が谷二丁目１５番８号,台東区,松が谷,1097,台東区 食品衛生営業施設一覧,930,浅草寺
飲食店,食べる,飲食店営業（一般・軽食喫茶）,Ｄａｙ　ａｎｄ　Ａｎｎｙ,35.715012,139.785477,point,松が谷二丁目３１番６号,台東区,松が谷,993,台東区 食品衛生営業施設一覧,1018,浅草寺
飲食店,食べる,飲食店営業（一般・軽食喫茶）,Ｃｒｅｐｅｒｉｅ　ユニーぷ,35.715012,139.785477,point,松が谷二丁目３１番６号,台東区,松が谷,993,台東区 食品衛生営業施設一覧,1018,浅草寺
飲食店,食べる,飲食店営業（一般・軽食喫茶）,ＵＰ　ＴＯ　ＹＯＵ　ＣＯＦＦＥＥ,35.714966,139.786209,point,松が谷二丁目３１番１１号,台東区,松が谷,1059,台東区 食品衛生営業施設一覧,952,浅草寺
飲食店,食べる,飲食店営業（一般・軽食喫茶）,Ｓｅｎｓｉｎｇ　Ｔｏｕｃｈ　ｏｆ　Ｅａｒｔｈ,35.715157,139.788834,point,松が谷三丁目１番１２号,台東区,松が谷,1295,台東区 食品衛生営業施設一覧,716,浅草寺
飲食店,食べる,飲食店営業（一般・軽食喫茶）,珈琲屋　うさぎ,35.715313,139.787262,point,松が谷三丁目３番１０号,台東区,松が谷,1153,台東区 食品衛生営業施設一覧,859,浅草寺
飲食店,食べる,飲食店営業（一般・軽食喫茶）,のりきっちん,35.714897,139.787048,point,松が谷三丁目４番１号,台東区,松が谷,1136,台東区 食品衛生営業施設一覧,876,浅草寺
飲食店,食べる,飲食店営業（一般・軽食喫茶）,Ｓｍａｒｔ　Ｒｅｆｕｎｄ　かっぱ橋,35.716011,139.788498,point,松が谷三丁目１７番５号,台東区,松が谷,1265,台東区 食品衛生営業施設一覧,759,浅草寺
飲食店,食べる,飲食店営業（一般・軽食喫茶）,ご婦人と８つのカップ,35.716496,139.787796,point,松が谷三丁目１９番４号,台東区,松が谷,1205,台東区 食品衛生営業施設一覧,832,浅草寺
飲食店,食べる,飲食店営業（一般・軽食喫茶）,なってるハウス,35.717377,139.788681,point,松が谷四丁目１番８号,台東区,松が谷,1295,台東区 食品衛生営業施設一覧,786,浅草寺
飲食店,食べる,飲食店営業（一般・軽食喫茶）,ＬＥＡＦＭＡＮＩＡ,35.717831,139.787476,point,松が谷四丁目１９番８号,台東区,松が谷,1197,台東区 食品衛生営業施設一覧,906,浅草寺
飲食店,食べる,飲食店営業（一般・軽食喫茶）,Ｃａｆｅｔｅｒｉａ　Ｓｐｉｃｅ　Ｊａｙａ,35.718166,139.788651,point,松が谷四丁目２６番１４号,台東区,松が谷,1309,台東区 食品衛生営業施設一覧,826,浅草寺
飲食店,食べる,飲食店営業（一般・軽食喫茶）,とみー,35.718567,139.787598,point,松が谷四丁目２７番１６号,台東区,松が谷,1228,台東区 食品衛生営業施設一覧,930,浅草寺
飲食店,食べる,飲食店営業（一般・軽食喫茶）,木ノ実,35.703995,139.786346,point,三筋一丁目４番９号,台東区,三筋,1676,台東区 食品衛生営業施設一覧,1180,アメヤ横丁
飲食店,食べる,飲食店営業（一般・軽食喫茶）,小島町茶房（スモールアイランド・カフェ）,35.704609,139.784775,point,三筋一丁目１０番８号,台東区,三筋,1534,台東区 食品衛生営業施設一覧,1023,アメヤ横丁
飲食店,食べる,飲食店営業（一般・軽食喫茶）,ｎｏｒｍ　ｔｅａ　ｈｏｕｓｅ,35.704624,139.785217,point,三筋一丁目１１番８号,台東区,三筋,1558,台東区 食品衛生営業施設一覧,1059,アメヤ横丁
飲食店,食べる,飲食店営業（一般・軽食喫茶）,蕪木,35.70422,139.785873,point,三筋一丁目１２番１２号,台東区,三筋,1630,台東区 食品衛生営業施設一覧,1131,アメヤ横丁
飲食店,食べる,飲食店営業（一般・軽食喫茶）,夜パフェ専門店ＶＩＧＯ　庭－ｎｉｗａ－,35.705353,139.785645,point,三筋二丁目１１番２号,台東区,三筋,1520,台東区 食品衛生営業施設一覧,1067,アメヤ横丁
飲食店,食べる,飲食店営業（一般・軽食喫茶）,Ｅ１０　ＨＯＳＴＥＬ,35.705353,139.785645,point,三筋二丁目１１番２号,台東区,三筋,1520,台東区 食品衛生営業施設一覧,1067,アメヤ横丁
飲食店,食べる,飲食店営業（一般・軽食喫茶）,Ｇａｒｄｅｎ　Ｃａｆｆｅ＆Ｌｉｖｅ,35.705303,139.787064,point,三筋二丁目１４番１号,台東区,三筋,1612,台東区 食品衛生営業施設一覧,1063,雷門
飲食店,食べる,飲食店営業（一般・軽食喫茶）,ｔｏｒｉｎｏｓ,35.705303,139.787064,point,三筋二丁目１４番１号,台東区,三筋,1612,台東区 食品衛生営業施設一覧,1063,雷門
飲食店,食べる,飲食店営業（一般・軽食喫茶）,ＺＥＲＯ　ラボ,35.705715,139.786392,point,三筋二丁目１７番２号,台東区,三筋,1537,台東区 食品衛生営業施設一覧,1089,雷門
飲食店,食べる,飲食店営業（一般・軽食喫茶）,コーヒーショップ　らい,35.706314,139.787842,point,三筋二丁目２４番１０号,台東区,三筋,1587,台東区 食品衛生営業施設一覧,943,雷門
飲食店,食べる,飲食店営業（一般・軽食喫茶）,スナハラさんのスモークミックスナッツ直売店,35.728569,139.790894,point,三ノ輪一丁目２１番４号,台東区,三ノ輪,2066,台東区 食品衛生営業施設一覧,1628,浅草寺
飲食店,食べる,飲食店営業（一般・軽食喫茶）,Ｒｏｄｅｏの心,35.730309,139.793732,point,三ノ輪二丁目１０番９号,台東区,三ノ輪,2385,台東区 食品衛生営業施設一覧,1755,浅草寺
飲食店,食べる,飲食店営業（一般・軽食喫茶）,コーヒーハウス　レオ,35.730526,139.792374,point,三ノ輪二丁目１５番９号,台東区,三ノ輪,2315,台東区 食品衛生営業施設一覧,1801,浅草寺
飲食店,食べる,飲食店営業（一般・軽食喫茶）,ＷＡＫＵ　ｍｏｔｏａｓａｋｕｓａ,35.708851,139.783417,point,元浅草一丁目１６番５号,台東区,元浅草,1101,台東区 食品衛生営業施設一覧,816,アメヤ横丁
飲食店,食べる,飲食店営業（一般・軽食喫茶）,ＢＡＴＯＮ,35.709118,139.782425,point,元浅草一丁目２０番３号,台東区,元浅草,1016,台東区 食品衛生営業施設一覧,730,アメヤ横丁
飲食店,食べる,飲食店営業（一般・軽食喫茶）,Ｃｏｎｆｅｃｔ－Ｃｏｎｃｅｐｔ,35.709675,139.784943,point,元浅草二丁目１番１６号,台東区,元浅草,1150,台東区 食品衛生営業施設一覧,964,アメヤ横丁
飲食店,食べる,飲食店営業（一般・軽食喫茶）,良ぱん,35.710526,139.784317,point,元浅草二丁目８番９号,台東区,元浅草,1051,台東区 食品衛生営業施設一覧,929,アメヤ横丁
飲食店,食べる,飲食店営業（一般・軽食喫茶）,日の出湯,35.710606,139.784256,point,元浅草二丁目１０番５号,台東区,元浅草,1041,台東区 食品衛生営業施設一覧,926,アメヤ横丁
飲食店,食べる,飲食店営業（一般・軽食喫茶）,カフェ・ベローチェ　稲荷町店,35.71088,139.78302,point,元浅草二丁目１１番６号,台東区,元浅草,931,台東区 食品衛生営業施設一覧,829,アメヤ横丁
飲食店,食べる,飲食店営業（一般・軽食喫茶）,ＭＯＲＩＹＡ　ＮＯ　ＭＩＳＥ,35.707119,139.786743,point,元浅草三丁目１１番３号,台東区,元浅草,1453,台東区 食品衛生営業施設一覧,988,雷門
飲食店,食べる,飲食店営業（一般・軽食喫茶）,焼菓子　ｖｅｒｔ,35.708481,139.787704,point,元浅草三丁目２２番５号,台東区,元浅草,1431,台東区 食品衛生営業施設一覧,852,雷門
飲食店,食べる,飲食店営業（一般・軽食喫茶）,102,35.709618,139.786743,point,元浅草四丁目４番１５号,台東区,元浅草,1290,台東区 食品衛生営業施設一覧,909,雷門
飲食店,食べる,飲食店営業（一般・軽食喫茶）,養生　コキュー,35.710121,139.785126,point,元浅草四丁目７番８号,台東区,元浅草,1136,台東区 食品衛生営業施設一覧,989,アメヤ横丁
飲食店,食べる,飲食店営業（一般・軽食喫茶）,大平パン,35.718815,139.766632,point,谷中一丁目２番１２号,台東区,谷中,795,台東区 食品衛生営業施設一覧,721,上野公園
飲食店,食べる,飲食店営業（一般・軽食喫茶）,ル・プリーベ,35.719147,139.767181,point,谷中一丁目２番１６号,台東区,谷中,770,台東区 食品衛生営業施設一覧,700,上野公園
飲食店,食べる,飲食店営業（一般・軽食喫茶）,ｓｏｎｏｍｉｔｓｕ,35.719929,139.765472,point,谷中一丁目４番１５号,台東区,谷中,947,台東区 食品衛生営業施設一覧,876,上野公園
飲食店,食べる,飲食店営業（一般・軽食喫茶）,桃と蓮,35.719685,139.767853,point,谷中一丁目５番９号,台東区,谷中,753,台東区 食品衛生営業施設一覧,693,上野公園
飲食店,食べる,飲食店営業（一般・軽食喫茶）,Ａｔｅｌｉｅｒ　Ｙｏｋｏ　Ｃｏｌｏｒｓ,35.720665,139.768692,point,谷中一丁目６番６号,台東区,谷中,769,台東区 食品衛生営業施設一覧,725,上野公園
飲食店,食べる,飲食店営業（一般・軽食喫茶）,ななまる商店,35.720814,139.766205,point,谷中二丁目１番４号,台東区,谷中,947,台東区 食品衛生営業施設一覧,887,上野公園
飲食店,食べる,飲食店営業（一般・軽食喫茶）,ＣＯＵＺＴ　ＣＡＦＥ,35.720646,139.765488,point,谷中二丁目１番１１号,台東区,谷中,988,台東区 食品衛生営業施設一覧,924,上野公園
飲食店,食べる,飲食店営業（一般・軽食喫茶）,ＴＥＡ　ｗｉｚ　Ｓａｎｄｗｉｃｈ,35.720951,139.765152,point,谷中二丁目１番１４号,台東区,谷中,1033,台東区 食品衛生営業施設一覧,969,上野公園
飲食店,食べる,飲食店営業（一般・軽食喫茶）,鳥のいるカフェ,35.720703,139.76532,point,谷中二丁目３番１６号,台東区,谷中,1004,台東区 食品衛生営業施設一覧,939,上野公園
飲食店,食べる,飲食店営業（一般・軽食喫茶）,Ｓｕｃｃｅｓｓｉｏｎ　（サクセション）,35.721802,139.76413,point,谷中二丁目５番１９号,台東区,谷中,1163,台東区 食品衛生営業施設一覧,1100,上野公園
飲食店,食べる,飲食店営業（一般・軽食喫茶）,フランボヤン,35.722748,139.76535,point,谷中二丁目８番１２号,台東区,谷中,1146,台東区 食品衛生営業施設一覧,1095,上野公園
飲食店,食べる,飲食店営業（一般・軽食喫茶）,ｐ?ｓｅｌｅ,35.722973,139.763809,point,谷中二丁目１５番５号,台東区,谷中,1266,台東区 食品衛生営業施設一覧,1209,上野公園
飲食店,食べる,飲食店営業（一般・軽食喫茶）,やなか珈琲店　谷中店,35.726944,139.764725,point,谷中三丁目８番６号,台東区,谷中,1539,台東区 食品衛生営業施設一覧,1506,上野公園
飲食店,食べる,飲食店営業（一般・軽食喫茶）,尾張屋,35.7272,139.764832,point,谷中三丁目８番８号,台東区,谷中,1557,台東区 食品衛生営業施設一覧,1525,上野公園
飲食店,食べる,飲食店営業（一般・軽食喫茶）,スウィーツ＆ジュース国産バナナ研究所,35.727333,139.764816,point,谷中三丁目８番９号,台東区,谷中,1570,台東区 食品衛生営業施設一覧,1539,上野公園
飲食店,食べる,飲食店営業（一般・軽食喫茶）,やなかなかカフェスタンド,35.727562,139.764862,point,谷中三丁目８番１１号,台東区,谷中,1589,台東区 食品衛生営業施設一覧,1559,上野公園
飲食店,食べる,飲食店営業（一般・軽食喫茶）,谷中満天ドーナツ,35.7276,139.764954,point,谷中三丁目８番１２号,台東区,谷中,1588,台東区 食品衛生営業施設一覧,1558,上野公園
飲食店,食べる,飲食店営業（一般・軽食喫茶）,Ｒｅ＋　Ｃａｆｅ,35.727638,139.765274,point,谷中三丁目９番１４号,台東区,谷中,1577,台東区 食品衛生営業施設一覧,1548,上野公園
飲食店,食べる,飲食店営業（一般・軽食喫茶）,伊藤の家,35.72765,139.765457,point,谷中三丁目９番１５号,台東区,谷中,1569,台東区 食品衛生営業施設一覧,1541,上野公園
飲食店,食べる,飲食店営業（一般・軽食喫茶）,ＨＡＧＩ　ＣＡＦＥ,35.726372,139.766159,point,谷中三丁目１０番２５号,台東区,谷中,1415,台東区 食品衛生営業施設一覧,1386,上野公園
飲食店,食べる,飲食店営業（一般・軽食喫茶）,やなかしっぽや,35.727657,139.766083,point,谷中三丁目１１番１２号,台東区,谷中,1541,台東区 食品衛生営業施設一覧,1517,上野公園
飲食店,食べる,飲食店営業（一般・軽食喫茶）,?ｌｏｔ,35.72765,139.766418,point,谷中三丁目１１番１４号,台東区,谷中,1526,台東区 食品衛生営業施設一覧,1503,上野公園
飲食店,食べる,飲食店営業（一般・軽食喫茶）,Ｃａｌｍ　Ｃｏｆｆｅｅ　Ｔｏｋｙｏ,35.72765,139.766418,point,谷中三丁目１１番１４号,台東区,谷中,1526,台東区 食品衛生営業施設一覧,1503,上野公園
飲食店,食べる,飲食店営業（一般・軽食喫茶）,やなか健真堂,35.727642,139.766586,point,谷中三丁目１１番１５号,台東区,谷中,1518,台東区 食品衛生営業施設一覧,1496,上野公園
飲食店,食べる,飲食店営業（一般・軽食喫茶）,ＣＡＲＥＥＲ　ＣＡＦＥ,35.727642,139.766586,point,谷中三丁目１１番１５号,台東区,谷中,1518,台東区 食品衛生営業施設一覧,1496,上野公園
飲食店,食べる,飲食店営業（一般・軽食喫茶）,ひみつ堂,35.727333,139.766617,point,谷中三丁目１１番１８号,台東区,谷中,1486,台東区 食品衛生営業施設一覧,1463,上野公園
飲食店,食べる,飲食店営業（一般・軽食喫茶）,ひみつのとなり,35.727333,139.766617,point,谷中三丁目１１番１８号,台東区,谷中,1486,台東区 食品衛生営業施設一覧,1463,上野公園
飲食店,食べる,飲食店営業（一般・軽食喫茶）,ＣＹＡＹＡ松緒,35.727726,139.765701,point,谷中三丁目１２番１号,台東区,谷中,1565,台東区 食品衛生営業施設一覧,1539,上野公園
飲食店,食べる,飲食店営業（一般・軽食喫茶）,谷中まちラボ,35.727806,139.765778,point,谷中三丁目１２番１７号,台東区,谷中,1569,台東区 食品衛生営業施設一覧,1544,上野公園
飲食店,食べる,飲食店営業（一般・軽食喫茶）,台湾茶カフェ　狐月庵　谷中銀座店,35.727684,139.765091,point,谷中三丁目１３番３号,台東区,谷中,1590,台東区 食品衛生営業施設一覧,1560,上野公園
飲食店,食べる,飲食店営業（一般・軽食喫茶）,やなかなかカフェスタンド,35.727684,139.765091,point,谷中三丁目１３番３号,台東区,谷中,1590,台東区 食品衛生営業施設一覧,1560,上野公園
飲食店,食べる,飲食店営業（一般・軽食喫茶）,ＴＥＮＳＵＫＥ　ＣＡＦＥ,35.727726,139.764847,point,谷中三丁目１３番５号,台東区,谷中,1605,台東区 食品衛生営業施設一覧,1575,上野公園
飲食店,食べる,飲食店営業（一般・軽食喫茶）,珈琲工場ギャラリー,35.727978,139.76474,point,谷中三丁目１３番７号,台東区,谷中,1634,台東区 食品衛生営業施設一覧,1604,上野公園
飲食店,食べる,飲食店営業（一般・軽食喫茶）,珈琲工場,35.727978,139.76474,point,谷中三丁目１３番７号,台東区,谷中,1634,台東区 食品衛生営業施設一覧,1604,上野公園
飲食店,食べる,飲食店営業（一般・軽食喫茶）,珈琲工場庭,35.727978,139.76474,point,谷中三丁目１３番７号,台東区,谷中,1634,台東区 食品衛生営業施設一覧,1604,上野公園
飲食店,食べる,飲食店営業（一般・軽食喫茶）,ｃａｆ?　ＣＯＬＯ,35.728607,139.764511,point,谷中三丁目１４番５号,台東区,谷中,1704,台東区 食品衛生営業施設一覧,1675,上野公園
飲食店,食べる,飲食店営業（一般・軽食喫茶）,谷中のおやつ屋　がようし,35.728607,139.764511,point,谷中三丁目１４番５号,台東区,谷中,1704,台東区 食品衛生営業施設一覧,1675,上野公園
飲食店,食べる,飲食店営業（一般・軽食喫茶）,晴茶,35.728733,139.764465,point,谷中三丁目１４番６号,台東区,谷中,1718,台東区 食品衛生営業施設一覧,1690,上野公園
飲食店,食べる,飲食店営業（一般・軽食喫茶）,ＦＩＲＥ　ＣＡＦＥ　ファイヤーカフェ,35.723915,139.769058,point,谷中五丁目１番１０号,台東区,谷中,1047,台東区 食品衛生営業施設一覧,1027,上野公園
飲食店,食べる,飲食店営業（一般・軽食喫茶）,散ポタカフェ　のんびりや,35.724209,139.768967,point,谷中五丁目２番２９号,台東区,谷中,1080,台東区 食品衛生営業施設一覧,1060,上野公園
飲食店,食べる,飲食店営業（一般・軽食喫茶）,猫衛門,35.723747,139.767639,point,谷中五丁目４番２号,台東区,谷中,1097,台東区 食品衛生営業施設一覧,1066,上野公園
飲食店,食べる,飲食店営業（一般・軽食喫茶）,ル・コワン,35.723763,139.767471,point,谷中五丁目４番３号,台東区,谷中,1107,台東区 食品衛生営業施設一覧,1075,上野公園
飲食店,食べる,飲食店営業（一般・軽食喫茶）,さんさき坂　カフェ,35.724152,139.765823,point,谷中五丁目４番１４号,台東区,谷中,1232,台東区 食品衛生営業施設一覧,1191,上野公園
飲食店,食べる,飲食店営業（一般・軽食喫茶）,スコーネ,35.72752,139.768143,point,谷中五丁目１１番１５号,台東区,谷中,1444,台東区 食品衛生営業施設一覧,1431,上野公園
飲食店,食べる,飲食店営業（一般・軽食喫茶）,カヤバ珈琲,35.721161,139.770752,point,谷中六丁目１番２９号,台東区,谷中,705,台東区 食品衛生営業施設一覧,686,上野公園
飲食店,食べる,飲食店営業（一般・軽食喫茶）,マルグリート,35.722515,139.770248,point,谷中六丁目２番３８号,台東区,谷中,859,台東区 食品衛生営業施設一覧,843,上野公園
飲食店,食べる,飲食店営業（一般・軽食喫茶）,ギャラリー大久保　瑜伽庵,35.722263,139.770355,point,谷中六丁目２番４０号,台東区,谷中,830,台東区 食品衛生営業施設一覧,813,上野公園
飲食店,食べる,飲食店営業（一般・軽食喫茶）,夜喫茶　杳,35.72327,139.768814,point,谷中六丁目３番３号,台東区,谷中,995,台東区 食品衛生営業施設一覧,970,上野公園
飲食店,食べる,飲食店営業（一般・軽食喫茶）,喫茶・スペース　６３３,35.72327,139.768814,point,谷中六丁目３番３号,台東区,谷中,995,台東区 食品衛生営業施設一覧,970,上野公園
飲食店,食べる,飲食店営業（一般・軽食喫茶）,喫茶　ニカイ,35.723507,139.768707,point,谷中六丁目３番８号,台東区,谷中,1023,台東区 食品衛生営業施設一覧,998,上野公園
飲食店,食べる,飲食店営業（一般・軽食喫茶）,ＥＡＵ　ＤＥ　ＶＩＥ,35.723473,139.769058,point,谷中六丁目３番１０号,台東区,谷中,1004,台東区 食品衛生営業施設一覧,982,上野公園
飲食店,食べる,飲食店営業（一般・軽食喫茶）,谷中茶室　汲,35.723434,139.769272,point,谷中六丁目４番５号,台東区,谷中,991,台東区 食品衛生営業施設一覧,970,上野公園
飲食店,食べる,飲食店営業（一般・軽食喫茶）,ｃｏｃｃｉａ,35.723335,139.769379,point,谷中六丁目４番６号,台東区,谷中,976,台東区 食品衛生営業施設一覧,956,上野公園
飲食店,食べる,飲食店営業（一般・軽食喫茶）,木楽庵,35.723122,139.769943,point,谷中七丁目４番２号,台東区,谷中,932,台東区 食品衛生営業施設一覧,916,上野公園
飲食店,食べる,飲食店営業（一般・軽食喫茶）,ｃｒｅｐｅ　ｍａｋｉ　ｍａｋｉ,35.723949,139.769119,point,谷中七丁目５番１０号,台東区,谷中,1048,台東区 食品衛生営業施設一覧,1028,上野公園
飲食店,食べる,飲食店営業（一般・軽食喫茶）,ｓｐｉｑ,35.723839,139.770248,point,谷中七丁目５番２５号,台東区,谷中,993,台東区 食品衛生営業施設一覧,983,上野公園
飲食店,食べる,飲食店営業（一般・軽食喫茶）,台湾茶カフェ　狐月庵　谷中銀座店,35.723839,139.770248,point,谷中七丁目５番２５号,台東区,谷中,993,台東区 食品衛生営業施設一覧,983,上野公園
飲食店,食べる,飲食店営業（一般・軽食喫茶）,Ｐ＆Ｐ（谷中茶屋）,35.723564,139.770218,point,谷中七丁目５番２７号,台東区,谷中,966,台東区 食品衛生営業施設一覧,954,上野公園
飲食店,食べる,飲食店営業（一般・軽食喫茶）,ならん葉,35.727242,139.768356,point,谷中七丁目１８番１３号,台東区,谷中,1408,台東区 食品衛生営業施設一覧,1395,上野公園
飲食店,食べる,飲食店営業（一般・軽食喫茶）,喫茶室　ルノアール,35.727467,139.769257,point,谷中七丁目２０番１号,台東区,谷中,1402,台東区 食品衛生営業施設一覧,1395,上野公園
飲食店,食べる,飲食店営業（一般・軽食喫茶）,江戸　ＷＡＬＬ　ＣＡＦＥ,35.696552,139.786591,point,柳橋一丁目５番７号,台東区,柳橋,2383,台東区 食品衛生営業施設一覧,1708,アメヤ横丁
飲食店,食べる,飲食店営業（一般・軽食喫茶）,ボーダレスステーション,35.696789,139.787659,point,柳橋一丁目１０番８号,台東区,柳橋,2406,台東区 食品衛生営業施設一覧,1753,アメヤ横丁
飲食店,食べる,飲食店営業（一般・軽食喫茶）,暮らしと珈琲　東京,35.697052,139.788635,point,柳橋一丁目１７番７号,台東区,柳橋,2425,台東区 食品衛生営業施設一覧,1693,雷門
飲食店,食べる,飲食店営業（一般・軽食喫茶）,久,35.6973,139.78656,point,柳橋一丁目１９番７号,台東区,柳橋,2308,台東区 食品衛生営業施設一覧,1644,アメヤ横丁
飲食店,食べる,飲食店営業（一般・軽食喫茶）,コメダ珈琲店　浅草橋駅前店,35.697578,139.786636,point,柳橋一丁目２０番４号,台東区,柳橋,2284,台東区 食品衛生営業施設一覧,1625,アメヤ横丁
飲食店,食べる,飲食店営業（一般・軽食喫茶）,カフェ・ベローチェ　浅草橋店,35.69772,139.786728,point,柳橋一丁目２０番５号,台東区,柳橋,2274,台東区 食品衛生営業施設一覧,1620,アメヤ横丁
飲食店,食べる,飲食店営業（一般・軽食喫茶）,サンティ　アジアン　ダイニング　＆　バー,35.697536,139.787384,point,柳橋一丁目２１番６号,台東区,柳橋,2321,台東区 食品衛生営業施設一覧,1675,アメヤ横丁
飲食店,食べる,飲食店営業（一般・軽食喫茶）,パンマール,35.697456,139.787415,point,柳橋一丁目２１番７号,台東区,柳橋,2330,台東区 食品衛生営業施設一覧,1684,アメヤ横丁
飲食店,食べる,飲食店営業（一般・軽食喫茶）,有限会社　ルーサイトギャラリー,35.697338,139.789474,point,柳橋一丁目２８番８号,台東区,柳橋,2440,台東区 食品衛生営業施設一覧,1633,雷門
飲食店,食べる,飲食店営業（一般・軽食喫茶）,ｌｕｃｉｔｅ　ｃａｆｅ　＆　ｂａｒ,35.697338,139.789474,point,柳橋一丁目２８番８号,台東区,柳橋,2440,台東区 食品衛生営業施設一覧,1633,雷門
飲食店,食べる,飲食店営業（一般・軽食喫茶）,ＳＨＩＧＥＲＵ　ＫＩＴＣＨＥＮ,35.697903,139.78772,point,柳橋一丁目３２番８号,台東区,柳橋,2302,台東区 食品衛生営業施設一覧,1647,雷門
飲食店,食べる,飲食店営業（一般・軽食喫茶）,全力パン,35.697903,139.78772,point,柳橋一丁目３２番８号,台東区,柳橋,2302,台東区 食品衛生営業施設一覧,1647,雷門
飲食店,食べる,飲食店営業（一般・軽食喫茶）,ＷＥＳＴＳＩＤＥ　ＣＯＦＦＥＥ,35.699917,139.788895,point,柳橋二丁目１６番１６号,台東区,柳橋,2175,台東区 食品衛生営業施設一覧,1400,雷門
飲食店,食べる,飲食店営業（一般・軽食喫茶）,喫茶　　一六,35.724777,139.790527,point,竜泉二丁目１番２号,台東区,竜泉,1771,台東区 食品衛生営業施設一覧,1251,浅草寺
飲食店,食べる,飲食店営業（一般・軽食喫茶）,ペチェニェ,35.724945,139.790771,point,竜泉二丁目１番９号,台東区,竜泉,1799,台東区 食品衛生営業施設一覧,1259,浅草寺
飲食店,食べる,飲食店営業（一般・軽食喫茶）,ドリーム　コーヒー,35.725052,139.789291,point,竜泉二丁目５番８号,台東区,竜泉,1699,台東区 食品衛生営業施設一覧,1332,浅草寺
飲食店,食べる,飲食店営業（一般・軽食喫茶）,ＹＡＫＩＴＡＫＥ　ＭＡＲＵＮＩ,35.724007,139.791275,point,竜泉三丁目１２番１１号,台東区,竜泉,1780,台東区 食品衛生営業施設一覧,1145,浅草寺
飲食店,食べる,飲食店営業（一般・軽食喫茶）,たかはし,35.725311,139.79277,point,竜泉三丁目１７番７号,台東区,竜泉,1971,台東区 食品衛生営業施設一覧,1231,浅草寺
飲食店,食べる,飲食店営業（一般・軽食喫茶）,Ｂｒｅｗ　ａｎｄ　Ｃｏｆｆｅｅ,35.727444,139.794571,point,竜泉三丁目３２番１０号,台東区,竜泉,2240,台東区 食品衛生営業施設一覧,1428,浅草寺
飲食店,食べる,飲食店営業（一般・軽食喫茶）,キャラバン,35.7267,139.791595,point,竜泉三丁目４１番６号,台東区,竜泉,1976,台東区 食品衛生営業施設一覧,1411,浅草寺
飲食店,食べる,飲食店営業（一般・焼鳥もつ焼き）,浅草鳥じん,35.711655,139.797546,point,浅草一丁目１番１２号,台東区,浅草,2126,台東区 食品衛生営業施設一覧,90,仲見世通り
飲食店,食べる,飲食店営業（一般・焼鳥もつ焼き）,あさくさ商店,35.711048,139.797623,point,浅草一丁目１番１７号,台東区,浅草,2148,台東区 食品衛生営業施設一覧,88,雷門
飲食店,食べる,飲食店営業（一般・焼鳥もつ焼き）,ＡＳＡＫＵＳＡ　Ｎａｔｕ,35.711765,139.79274,point,浅草一丁目９番５号,台東区,浅草,1701,台東区 食品衛生営業施設一覧,349,仲見世通り
飲食店,食べる,飲食店営業（一般・焼鳥もつ焼き）,浅草鳥じん,35.712112,139.793427,point,浅草一丁目１３番７号,台東区,浅草,1752,台東区 食品衛生営業施設一覧,287,仲見世通り
飲食店,食べる,飲食店営業（一般・焼鳥もつ焼き）,とり料理　なか山,35.712635,139.796661,point,浅草一丁目３６番５号,台東区,浅草,2028,台東区 食品衛生営業施設一覧,82,仲見世通り
飲食店,食べる,飲食店営業（一般・焼鳥もつ焼き）,やきとりの扇屋　浅草店,35.713108,139.797806,point,浅草二丁目１番１５号,台東区,浅草,2122,台東区 食品衛生営業施設一覧,173,仲見世通り
飲食店,食べる,飲食店営業（一般・焼鳥もつ焼き）,ユラユラ　浅草横町,35.713928,139.793396,point,浅草二丁目６番７号,台東区,浅草,1716,台東区 食品衛生営業施設一覧,315,浅草寺
飲食店,食べる,飲食店営業（一般・焼鳥もつ焼き）,神豚　浅草横町,35.713928,139.793396,point,浅草二丁目６番７号,台東区,浅草,1716,台東区 食品衛生営業施設一覧,315,浅草寺
飲食店,食べる,飲食店営業（一般・焼鳥もつ焼き）,ふくちゃん,35.714573,139.794113,point,浅草二丁目７番１３号,台東区,浅草,1774,台東区 食品衛生営業施設一覧,239,浅草寺
飲食店,食べる,飲食店営業（一般・焼鳥もつ焼き）,やきとん　ひなた　浅草店,35.714054,139.792953,point,浅草二丁目１０番５号,台東区,浅草,1675,台東区 食品衛生営業施設一覧,351,浅草寺
飲食店,食べる,飲食店営業（一般・焼鳥もつ焼き）,浅草もんじゃ　てっちゃん,35.715706,139.793106,point,浅草二丁目１３番１１号,台東区,浅草,1680,台東区 食品衛生営業施設一覧,347,浅草寺
飲食店,食べる,飲食店営業（一般・焼鳥もつ焼き）,牛もつ鍋　よ?藤,35.716297,139.794754,point,浅草二丁目２７番５号,台東区,浅草,1830,台東区 食品衛生営業施設一覧,251,浅草寺
飲食店,食べる,飲食店営業（一般・焼鳥もつ焼き）,炭火串焼　鶏翔,35.713799,139.797989,point,浅草二丁目３５番１４号,台東区,浅草,2130,台東区 食品衛生営業施設一覧,152,浅草寺
飲食店,食べる,飲食店営業（一般・焼鳥もつ焼き）,浅草　鳥きち,35.716454,139.797684,point,浅草三丁目２５番２号,台東区,浅草,2095,台東区 食品衛生営業施設一覧,210,浅草寺
飲食店,食べる,飲食店営業（一般・焼鳥もつ焼き）,三千世堺,35.717808,139.794022,point,浅草三丁目４０番１号,台東区,浅草,1779,台東区 食品衛生営業施設一覧,423,浅草寺
飲食店,食べる,飲食店営業（一般・焼鳥もつ焼き）,炭火焼鳥ひらちゃん２ｎｄ,35.69648,139.784912,point,浅草橋一丁目１番１０号,台東区,浅草橋,2325,台東区 食品衛生営業施設一覧,1621,アメヤ横丁
飲食店,食べる,飲食店営業（一般・焼鳥もつ焼き）,炭火焼鳥　ひらちゃん,35.697117,139.782852,point,浅草橋一丁目４番４号,台東区,浅草橋,2189,台東区 食品衛生営業施設一覧,1459,アメヤ横丁
飲食店,食べる,飲食店営業（一般・焼鳥もつ焼き）,てぃんがーら,35.696899,139.784637,point,浅草橋一丁目７番４号,台東区,浅草橋,2272,台東区 食品衛生営業施設一覧,1569,アメヤ横丁
飲食店,食べる,飲食店営業（一般・焼鳥もつ焼き）,ぶたいちろう,35.697197,139.78569,point,浅草橋一丁目９番９号,台東区,浅草橋,2282,台東区 食品衛生営業施設一覧,1601,アメヤ横丁
飲食店,食べる,飲食店営業（一般・焼鳥もつ焼き）,西口やきとん　やや東口店,35.697239,139.78508,point,浅草橋一丁目１０番９号,台東区,浅草橋,2254,台東区 食品衛生営業施設一覧,1563,アメヤ横丁
飲食店,食べる,飲食店営業（一般・焼鳥もつ焼き）,串焼き　合,35.697304,139.784317,point,浅草橋一丁目１１番６号,台東区,浅草橋,2219,台東区 食品衛生営業施設一覧,1516,アメヤ横丁
飲食店,食べる,飲食店営業（一般・焼鳥もつ焼き）,串屋横丁　浅草橋３号店,35.697624,139.785889,point,浅草橋一丁目１８番４号,台東区,浅草橋,2248,台東区 食品衛生営業施設一覧,1577,アメヤ横丁
飲食店,食べる,飲食店営業（一般・焼鳥もつ焼き）,串屋横丁　浅草橋１号店,35.697624,139.785889,point,浅草橋一丁目１８番４号,台東区,浅草橋,2248,台東区 食品衛生営業施設一覧,1577,アメヤ横丁
飲食店,食べる,飲食店営業（一般・焼鳥もつ焼き）,やきとん三吉,35.697681,139.785172,point,浅草橋一丁目２０番３号,台東区,浅草橋,2213,台東区 食品衛生営業施設一覧,1530,アメヤ横丁
飲食店,食べる,飲食店営業（一般・焼鳥もつ焼き）,丸一酒場,35.69775,139.785416,point,浅草橋一丁目２０番７号,台東区,浅草橋,2216,台東区 食品衛生営業施設一覧,1538,アメヤ横丁
飲食店,食べる,飲食店営業（一般・焼鳥もつ焼き）,焼鳥　ひよっ子,35.697754,139.783997,point,浅草橋一丁目２３番１１号,台東区,浅草橋,2162,台東区 食品衛生営業施設一覧,1458,アメヤ横丁
飲食店,食べる,飲食店営業（一般・焼鳥もつ焼き）,きらく,35.69788,139.782944,point,浅草橋一丁目２４番５号,台東区,浅草橋,2113,台東区 食品衛生営業施設一覧,1392,アメヤ横丁
飲食店,食べる,飲食店営業（一般・焼鳥もつ焼き）,炭火焼鶏　ことり,35.697842,139.785858,point,浅草橋一丁目２９番１号,台東区,浅草橋,2225,台東区 食品衛生営業施設一覧,1557,アメヤ横丁
飲食店,食べる,飲食店営業（一般・焼鳥もつ焼き）,もつ焼　山岡屋,35.699322,139.786957,point,浅草橋二丁目２９番４号,台東区,浅草橋,2131,台東区 食品衛生営業施設一覧,1511,アメヤ横丁
飲食店,食べる,飲食店営業（一般・焼鳥もつ焼き）,西口やきとん,35.698006,139.782516,point,浅草橋四丁目１０番２号,台東区,浅草橋,2086,台東区 食品衛生営業施設一覧,1359,アメヤ横丁
飲食店,食べる,飲食店営業（一般・焼鳥もつ焼き）,王将,35.720592,139.784683,point,入谷一丁目１７番４号,台東区,入谷,1074,台東区 食品衛生営業施設一覧,1172,上野公園
飲食店,食べる,飲食店営業（一般・焼鳥もつ焼き）,もつ焼　加藤,35.72102,139.785019,point,入谷一丁目１８番４号,台東区,入谷,1125,台東区 食品衛生営業施設一覧,1222,上野公園
飲食店,食べる,飲食店営業（一般・焼鳥もつ焼き）,なばや,35.705566,139.770126,point,上野一丁目６番２号,台東区,上野,1184,台東区 食品衛生営業施設一覧,491,アメヤ横丁
飲食店,食べる,飲食店営業（一般・焼鳥もつ焼き）,湯島　６ＶＩＮ　スタンド,35.705967,139.770035,point,上野一丁目７番３号,台東区,上野,1144,台東区 食品衛生営業施設一覧,472,アメヤ横丁
飲食店,食べる,飲食店営業（一般・焼鳥もつ焼き）,とり濱,35.706707,139.771576,point,上野一丁目１７番３号,台東区,上野,1023,台東区 食品衛生営業施設一覧,310,アメヤ横丁
飲食店,食べる,飲食店営業（一般・焼鳥もつ焼き）,神屋流　博多道場　上野御徒町店,35.708267,139.772949,point,上野二丁目１番９号,台東区,上野,827,台東区 食品衛生営業施設一覧,131,アメヤ横丁
飲食店,食べる,飲食店営業（一般・焼鳥もつ焼き）,のぶちゃん,35.709454,139.772675,point,上野二丁目１２番４号,台東区,上野,703,台東区 食品衛生営業施設一覧,202,アメヤ横丁
飲食店,食べる,飲食店営業（一般・焼鳥もつ焼き）,焼鳥　刻鳥,35.706318,139.772964,point,上野三丁目２３番３号,台東区,上野,1041,台東区 食品衛生営業施設一覧,256,アメヤ横丁
飲食店,食べる,飲食店営業（一般・焼鳥もつ焼き）,上野　千里香,35.708492,139.773987,point,上野四丁目２番６号,台東区,上野,792,台東区 食品衛生営業施設一覧,43,アメヤ横丁
飲食店,食べる,飲食店営業（一般・焼鳥もつ焼き）,串焼ＫＩＮＧ　龍桜,35.708313,139.773361,point,上野四丁目４番４号,台東区,上野,817,台東区 食品衛生営業施設一覧,94,アメヤ横丁
飲食店,食べる,飲食店営業（一般・焼鳥もつ焼き）,鳥えん,35.709881,139.774384,point,上野四丁目９番１５号,台東区,上野,636,台東区 食品衛生営業施設一覧,176,アメヤ横丁
飲食店,食べる,飲食店営業（一般・焼鳥もつ焼き）,やきとりの道楽,35.707428,139.77533,point,上野五丁目２５番８号,台東区,上野,912,台東区 食品衛生営業施設一覧,128,アメヤ横丁
飲食店,食べる,飲食店営業（一般・焼鳥もつ焼き）,串焼　勇,35.708279,139.775787,point,上野六丁目１番６号,台東区,上野,822,台東区 食品衛生営業施設一覧,125,アメヤ横丁
飲食店,食べる,飲食店営業（一般・焼鳥もつ焼き）,もつ焼き　でん　アメ横店,35.708656,139.775162,point,上野六丁目４番１４号,台東区,上野,774,台東区 食品衛生営業施設一覧,79,アメヤ横丁
飲食店,食べる,飲食店営業（一般・焼鳥もつ焼き）,マルミヤ亭　上野店,35.709156,139.775482,point,上野六丁目８番４号,台東区,上野,722,台東区 食品衛生営業施設一覧,136,アメヤ横丁
飲食店,食べる,飲食店営業（一般・焼鳥もつ焼き）,にくまる,35.709156,139.775482,point,上野六丁目８番４号,台東区,上野,722,台東区 食品衛生営業施設一覧,136,アメヤ横丁
飲食店,食べる,飲食店営業（一般・焼鳥もつ焼き）,もつ焼　大統領　本店,35.710354,139.774841,point,上野六丁目１０番１４号,台東区,上野,584,台東区 食品衛生営業施設一覧,232,アメヤ横丁
飲食店,食べる,飲食店営業（一般・焼鳥もつ焼き）,とりいちず　上野駅前店,35.711067,139.775192,point,上野六丁目１３番８号,台東区,上野,508,台東区 食品衛生営業施設一覧,316,アメヤ横丁
飲食店,食べる,飲食店営業（一般・焼鳥もつ焼き）,鳥福　上野店,35.71138,139.775543,point,上野六丁目１４番７号,台東区,上野,479,台東区 食品衛生営業施設一覧,358,アメヤ横丁
飲食店,食べる,飲食店営業（一般・焼鳥もつ焼き）,ほていちゃん　上野３号店,35.712788,139.777466,point,上野七丁目２番５号,台東区,上野,412,台東区 食品衛生営業施設一覧,467,上野公園
飲食店,食べる,飲食店営業（一般・焼鳥もつ焼き）,彩ｔｏｒｉ鳥,35.71426,139.779312,point,上野七丁目８番２０号,台東区,上野,459,台東区 食品衛生営業施設一覧,548,上野公園
飲食店,食べる,飲食店営業（一般・焼鳥もつ焼き）,千ちゃん　やきとりさくら　田原町店,35.709637,139.792358,point,雷門一丁目５番５号,台東区,雷門,1743,台東区 食品衛生営業施設一覧,413,雷門
飲食店,食べる,飲食店営業（一般・焼鳥もつ焼き）,鳥なお,35.710106,139.792419,point,雷門一丁目５番９号,台東区,雷門,1729,台東区 食品衛生営業施設一覧,394,雷門
飲食店,食べる,飲食店営業（一般・焼鳥もつ焼き）,鳥千,35.715824,139.782425,point,北上野一丁目１番１号,台東区,北上野,716,台東区 食品衛生営業施設一覧,816,上野公園
飲食店,食べる,飲食店営業（一般・焼鳥もつ焼き）,焼鳥　玉ちゃん,35.726151,139.801865,point,清川一丁目３４番７号,台東区,清川,2735,台東区 食品衛生営業施設一覧,1352,浅草寺
飲食店,食べる,飲食店営業（一般・焼鳥もつ焼き）,北海道ヤキトリ　ナルちゃん,35.703846,139.793076,point,蔵前二丁目１４番２号,台東区,蔵前,2126,台東区 食品衛生営業施設一覧,840,雷門
飲食店,食べる,飲食店営業（一般・焼鳥もつ焼き）,鳥秀,35.709892,139.788345,point,寿二丁目７番８号,台東区,寿,1402,台東区 食品衛生営業施設一覧,761,雷門
飲食店,食べる,飲食店営業（一般・焼鳥もつ焼き）,寿樹,35.708138,139.793015,point,寿四丁目３番３号,台東区,寿,1866,台東区 食品衛生営業施設一覧,445,雷門
飲食店,食べる,飲食店営業（一般・焼鳥もつ焼き）,備長炭火焼　　吟しゃも,35.705383,139.793655,point,駒形二丁目３番４号,台東区,駒形,2069,台東区 食品衛生営業施設一覧,662,雷門
飲食店,食べる,飲食店営業（一般・焼鳥もつ焼き）,いがり,35.72736,139.78891,point,下谷三丁目２０番５号,台東区,下谷,1845,台東区 食品衛生営業施設一覧,1574,浅草寺
飲食店,食べる,飲食店営業（一般・焼鳥もつ焼き）,和楽庵　はなれ,35.707447,139.777191,point,台東四丁目３１番６号,台東区,台東,939,台東区 食品衛生営業施設一覧,269,アメヤ横丁
飲食店,食べる,飲食店営業（一般・焼鳥もつ焼き）,鳥　高,35.710045,139.79039,point,西浅草一丁目２番１号,台東区,西浅草,1562,台東区 食品衛生営業施設一覧,576,雷門
飲食店,食べる,飲食店営業（一般・焼鳥もつ焼き）,がってん,35.710697,139.790848,point,西浅草一丁目７番５号,台東区,西浅草,1573,台東区 食品衛生営業施設一覧,528,雷門
飲食店,食べる,飲食店営業（一般・焼鳥もつ焼き）,ガンゲット・ラ・シェーブル,35.712093,139.791138,point,西浅草二丁目２番１３号,台東区,西浅草,1552,台東区 食品衛生営業施設一覧,494,仲見世通り
飲食店,食べる,飲食店営業（一般・焼鳥もつ焼き）,串バー　山三,35.713528,139.792099,point,西浅草二丁目２７番１号,台東区,西浅草,1606,台東区 食品衛生営業施設一覧,440,浅草寺
飲食店,食べる,飲食店営業（一般・焼鳥もつ焼き）,焼鳥　八,35.713589,139.791794,point,西浅草二丁目２７番３号,台東区,西浅草,1577,台東区 食品衛生営業施設一覧,465,浅草寺
飲食店,食べる,飲食店営業（一般・焼鳥もつ焼き）,ジンギスカン札幌大一　Ａｎｎｅｘ情,35.713711,139.792221,point,西浅草二丁目２７番１１号,台東区,西浅草,1614,台東区 食品衛生営業施設一覧,424,浅草寺
飲食店,食べる,飲食店営業（一般・焼鳥もつ焼き）,鳥こじ,35.715252,139.791061,point,西浅草三丁目１４番９号,台東区,西浅草,1496,台東区 食品衛生営業施設一覧,517,浅草寺
飲食店,食べる,飲食店営業（一般・焼鳥もつ焼き）,鳥貴族　鶯谷店,35.720955,139.780289,point,根岸一丁目１番１６号,台東区,根岸,792,台東区 食品衛生営業施設一覧,878,上野公園
飲食店,食べる,飲食店営業（一般・焼鳥もつ焼き）,呑気豊亭,35.730263,139.790894,point,根岸五丁目２１番５号,台東区,根岸,2202,台東区 食品衛生営業施設一覧,1807,浅草寺
飲食店,食べる,飲食店営業（一般・焼鳥もつ焼き）,焼肉食堂　まんてん,35.730537,139.791275,point,根岸五丁目２５番１号,台東区,根岸,2248,台東区 食品衛生営業施設一覧,1827,浅草寺
飲食店,食べる,飲食店営業（一般・焼鳥もつ焼き）,焼肉の達人　浅草駅ビル店,35.711086,139.798141,point,花川戸一丁目２番３号,台東区,花川戸,2193,台東区 食品衛生営業施設一覧,134,雷門
飲食店,食べる,飲食店営業（一般・焼鳥もつ焼き）,焼鳥酒場　うまいや,35.712715,139.798523,point,花川戸一丁目８番１３号,台東区,花川戸,2192,台東区 食品衛生営業施設一覧,196,仲見世通り
飲食店,食べる,飲食店営業（一般・焼鳥もつ焼き）,やきとんまーちゃん,35.708416,139.778976,point,東上野一丁目２２番６号,台東区,東上野,895,台東区 食品衛生営業施設一覧,413,アメヤ横丁
飲食店,食べる,飲食店営業（一般・焼鳥もつ焼き）,鶏吉,35.709011,139.781693,point,東上野二丁目２番４号,台東区,東上野,979,台東区 食品衛生営業施設一覧,663,アメヤ横丁
飲食店,食べる,飲食店営業（一般・焼鳥もつ焼き）,鳥乃壱,35.709713,139.777557,point,東上野二丁目１５番８号,台東区,東上野,710,台東区 食品衛生営業施設一覧,325,アメヤ横丁
飲食店,食べる,飲食店営業（一般・焼鳥もつ焼き）,のんべい,35.709705,139.77771,point,東上野二丁目１５番９号,台東区,東上野,717,台東区 食品衛生営業施設一覧,337,アメヤ横丁
飲食店,食べる,飲食店営業（一般・焼鳥もつ焼き）,やきとり　鳥笑　本店,35.709835,139.776825,point,東上野二丁目１８番３号,台東区,東上野,675,台東区 食品衛生営業施設一覧,278,アメヤ横丁
飲食店,食べる,飲食店営業（一般・焼鳥もつ焼き）,かぶら屋　東上野店,35.711334,139.778076,point,東上野三丁目１９番１５号,台東区,東上野,574,台東区 食品衛生営業施設一覧,473,アメヤ横丁
飲食店,食べる,飲食店営業（一般・焼鳥もつ焼き）,もつ焼き　カミヤ,35.711674,139.778458,point,東上野三丁目３８番６号,台東区,東上野,564,台東区 食品衛生営業施設一覧,524,アメヤ横丁
飲食店,食べる,飲食店営業（一般・焼鳥もつ焼き）,稲荷町加賀廣,35.713116,139.781662,point,東上野五丁目７番１０号,台東区,東上野,703,台東区 食品衛生営業施設一覧,787,上野公園
飲食店,食べる,飲食店営業（一般・焼鳥もつ焼き）,三代目　かめや,35.706009,139.784973,point,三筋二丁目９番６号,台東区,三筋,1425,台東区 食品衛生営業施設一覧,988,アメヤ横丁
飲食店,食べる,飲食店営業（一般・焼鳥もつ焼き）,やきとり鳥笑　元浅草店,35.707008,139.783188,point,元浅草一丁目４番３号,台東区,元浅草,1236,台東区 食品衛生営業施設一覧,806,アメヤ横丁
飲食店,食べる,飲食店営業（一般・焼鳥もつ焼き）,谷中コバヤシ,35.727669,139.764938,point,谷中三丁目１３番４号,台東区,谷中,1596,台東区 食品衛生営業施設一覧,1566,上野公園
飲食店,食べる,飲食店営業（一般・焼鳥もつ焼き）,焼鳥　今一,35.729244,139.764145,point,谷中三丁目１８番５号,台東区,谷中,1782,台東区 食品衛生営業施設一覧,1753,上野公園
飲食店,食べる,飲食店営業（一般・焼鳥もつ焼き）,鳥真,35.727242,139.768356,point,谷中七丁目１８番１３号,台東区,谷中,1408,台東区 食品衛生営業施設一覧,1395,上野公園
飲食店,食べる,飲食店営業（一般・焼鳥もつ焼き）,居酒屋　ええやん,35.696686,139.786407,point,柳橋一丁目１３番１号,台東区,柳橋,2362,台東区 食品衛生営業施設一覧,1686,アメヤ横丁
飲食店,食べる,飲食店営業（一般・焼鳥もつ焼き）,鳥貴族　浅草橋店,35.696964,139.786255,point,柳橋一丁目１３番４号,台東区,柳橋,2328,台東区 食品衛生営業施設一覧,1654,アメヤ横丁
飲食店,食べる,飲食店営業（一般・焼鳥もつ焼き）,焼き鳥ラッキー　浅草橋店,35.696964,139.786255,point,柳橋一丁目１３番４号,台東区,柳橋,2328,台東区 食品衛生営業施設一覧,1654,アメヤ横丁
飲食店,食べる,飲食店営業（一般・焼鳥もつ焼き）,鳥茂,35.697937,139.78746,point,柳橋一丁目３２番２号,台東区,柳橋,2286,台東区 食品衛生営業施設一覧,1649,アメヤ横丁
飲食店,食べる,飲食店営業（一般・焼鳥もつ焼き）,鳥豊商店,35.699551,139.787918,point,柳橋二丁目１４番４号,台東区,柳橋,2157,台東区 食品衛生営業施設一覧,1481,雷門
飲食店,食べる,飲食店営業（一般・焼肉）,神戸牛ダイア　観音通り店,35.711395,139.797089,point,浅草一丁目１番７号,台東区,浅草,2092,台東区 食品衛生営業施設一覧,71,仲見世通り
飲食店,食べる,飲食店営業（一般・焼肉）,神戸牛ダイア雷門東店,35.711208,139.796539,point,浅草一丁目２番５号,台東区,浅草,2049,台東区 食品衛生営業施設一覧,48,雷門
飲食店,食べる,飲食店営業（一般・焼肉）,神戸牛ダイア雷門西店,35.711113,139.795654,point,浅草一丁目３番５号,台東区,浅草,1974,台東区 食品衛生営業施設一覧,101,雷門
飲食店,食べる,飲食店営業（一般・焼肉）,焼定もとび　浅草店,35.712112,139.793076,point,浅草一丁目１２番８号,台東区,浅草,1721,台東区 食品衛生営業施設一覧,319,仲見世通り
飲食店,食べる,飲食店営業（一般・焼肉）,浅草弥太郎　スタミナ屋,35.711918,139.793503,point,浅草一丁目１４番４号,台東区,浅草,1764,台東区 食品衛生営業施設一覧,280,仲見世通り
飲食店,食べる,飲食店営業（一般・焼肉）,金楽,35.711842,139.793854,point,浅草一丁目１５番４号,台東区,浅草,1797,台東区 食品衛生営業施設一覧,248,仲見世通り
飲食店,食べる,飲食店営業（一般・焼肉）,忍者焼肉,35.71162,139.794647,point,浅草一丁目１６番１１号,台東区,浅草,1872,台東区 食品衛生営業施設一覧,179,仲見世通り
飲食店,食べる,飲食店営業（一般・焼肉）,和牛苑,35.71162,139.794647,point,浅草一丁目１６番１１号,台東区,浅草,1872,台東区 食品衛生営業施設一覧,179,仲見世通り
飲食店,食べる,飲食店営業（一般・焼肉）,焼肉ライク　浅草店,35.711536,139.796997,point,浅草一丁目１９番１０号,台東区,浅草,2081,台東区 食品衛生営業施設一覧,54,仲見世通り
飲食店,食べる,飲食店営業（一般・焼肉）,土古里　浅草店,35.712368,139.79332,point,浅草一丁目２３番６号,台東区,浅草,1737,台東区 食品衛生営業施設一覧,301,仲見世通り
飲食店,食べる,飲食店営業（一般・焼肉）,焼肉きんぐ　浅草ＲＯＸ店,35.712261,139.792999,point,浅草一丁目２４番１号,台東区,浅草,1711,台東区 食品衛生営業施設一覧,328,仲見世通り
飲食店,食べる,飲食店営業（一般・焼肉）,俺の焼肉　浅草,35.712307,139.793976,point,浅草一丁目２７番１号,台東区,浅草,1796,台東区 食品衛生営業施設一覧,241,仲見世通り
飲食店,食べる,飲食店営業（一般・焼肉）,蔵,35.71217,139.795898,point,浅草一丁目３０番１０号,台東区,浅草,1969,台東区 食品衛生営業施設一覧,70,仲見世通り
飲食店,食べる,飲食店営業（一般・焼肉）,牛角浅草店,35.712269,139.797073,point,浅草一丁目３２番１１号,台東区,浅草,2071,台東区 食品衛生営業施設一覧,59,仲見世通り
飲食店,食べる,飲食店営業（一般・焼肉）,江戸前焼肉岡本,35.711716,139.797577,point,浅草一丁目３３番１号,台東区,浅草,2128,台東区 食品衛生営業施設一覧,91,仲見世通り
飲食店,食べる,飲食店営業（一般・焼肉）,慶珍楼,35.711803,139.797653,point,浅草一丁目３３番１０号,台東区,浅草,2133,台東区 食品衛生営業施設一覧,96,仲見世通り
飲食店,食べる,飲食店営業（一般・焼肉）,焼肉　寿限無　浅草ホッピー通り本店,35.712849,139.794495,point,浅草一丁目３９番９号,台東区,浅草,1831,台東区 食品衛生営業施設一覧,217,仲見世通り
飲食店,食べる,飲食店営業（一般・焼肉）,肉のスタミナ屋,35.712715,139.794037,point,浅草一丁目４０番２号,台東区,浅草,1793,台東区 食品衛生営業施設一覧,249,仲見世通り
飲食店,食べる,飲食店営業（一般・焼肉）,玄,35.713161,139.793289,point,浅草一丁目４２番４号,台東区,浅草,1718,台東区 食品衛生営業施設一覧,330,仲見世通り
飲食店,食べる,飲食店営業（一般・焼肉）,ジンギスカン霧島　浅草店,35.713631,139.792816,point,浅草一丁目４３番９号,台東区,浅草,1668,台東区 食品衛生営業施設一覧,375,浅草寺
飲食店,食べる,飲食店営業（一般・焼肉）,０秒レモンサワー仙台ホルモン焼肉酒場　ときわ亭,35.713631,139.792816,point,浅草一丁目４３番９号,台東区,浅草,1668,台東区 食品衛生営業施設一覧,375,浅草寺
飲食店,食べる,飲食店営業（一般・焼肉）,焼肉やいち,35.713631,139.792816,point,浅草一丁目４３番９号,台東区,浅草,1668,台東区 食品衛生営業施設一覧,375,浅草寺
飲食店,食べる,飲食店営業（一般・焼肉）,焼肉　浅草苑,35.714298,139.795059,point,浅草二丁目３番２７号,台東区,浅草,1862,台東区 食品衛生営業施設一覧,160,浅草寺
飲食店,食べる,飲食店営業（一般・焼肉）,ｆｏｏ　ｄｅｅ’ｓ　Ｒｉｂｓ　＆　ＢＢＱ　ｇｒｉｌｌ　Ｈｏｕｓｅ,35.713402,139.793686,point,浅草二丁目４番５号,台東区,浅草,1749,台東区 食品衛生営業施設一覧,312,仲見世通り
飲食店,食べる,飲食店営業（一般・焼肉）,鳶牛肉衛門,35.713558,139.793655,point,浅草二丁目４番８号,台東区,浅草,1744,台東区 食品衛生営業施設一覧,308,浅草寺
飲食店,食べる,飲食店営業（一般・焼肉）,焼肉　皐月　浅草店,35.714111,139.792664,point,浅草二丁目１１番５号,台東区,浅草,1648,台東区 食品衛生営業施設一覧,375,浅草寺
飲食店,食べる,飲食店営業（一般・焼肉）,焼肉　ひとり,35.714378,139.792709,point,浅草二丁目１１番７号,台東区,浅草,1650,台東区 食品衛生営業施設一覧,367,浅草寺
飲食店,食べる,飲食店営業（一般・焼肉）,金燈園,35.715294,139.792953,point,浅草二丁目１３番１号,台東区,浅草,1666,台東区 食品衛生営業施設一覧,349,浅草寺
飲食店,食べる,飲食店営業（一般・焼肉）,浅草　焼肉　だん,35.715488,139.79277,point,浅草二丁目１３番４号,台東区,浅草,1649,台東区 食品衛生営業施設一覧,369,浅草寺
飲食店,食べる,飲食店営業（一般・焼肉）,焼肉本陣,35.715622,139.79277,point,浅草二丁目１３番５号,台東区,浅草,1649,台東区 食品衛生営業施設一覧,373,浅草寺
飲食店,食べる,飲食店営業（一般・焼肉）,大福園,35.715759,139.792786,point,浅草二丁目１３番６号,台東区,浅草,1651,台東区 食品衛生営業施設一覧,376,浅草寺
飲食店,食べる,飲食店営業（一般・焼肉）,浅草２丁目ハッピー通り居酒屋焼肉時大和カズン,35.715927,139.793045,point,浅草二丁目１３番９号,台東区,浅草,1675,台東区 食品衛生営業施設一覧,360,浅草寺
飲食店,食べる,飲食店営業（一般・焼肉）,牡丹峰,35.715706,139.793106,point,浅草二丁目１３番１１号,台東区,浅草,1680,台東区 食品衛生営業施設一覧,347,浅草寺
飲食店,食べる,飲食店営業（一般・焼肉）,大成苑,35.715435,139.79306,point,浅草二丁目１３番１３号,台東区,浅草,1676,台東区 食品衛生営業施設一覧,342,浅草寺
飲食店,食べる,飲食店営業（一般・焼肉）,焼肉　木村,35.715435,139.79306,point,浅草二丁目１３番１３号,台東区,浅草,1676,台東区 食品衛生営業施設一覧,342,浅草寺
飲食店,食べる,飲食店営業（一般・焼肉）,焼肉一頭牛,35.71579,139.793213,point,浅草二丁目１４番７号,台東区,浅草,1690,台東区 食品衛生営業施設一覧,341,浅草寺
飲食店,食べる,飲食店営業（一般・焼肉）,一福園,35.71579,139.793213,point,浅草二丁目１４番７号,台東区,浅草,1690,台東区 食品衛生営業施設一覧,341,浅草寺
飲食店,食べる,飲食店営業（一般・焼肉）,楽苑,35.71579,139.793213,point,浅草二丁目１４番７号,台東区,浅草,1690,台東区 食品衛生営業施設一覧,341,浅草寺
飲食店,食べる,飲食店営業（一般・焼肉）,冨味屋,35.71579,139.793213,point,浅草二丁目１４番７号,台東区,浅草,1690,台東区 食品衛生営業施設一覧,341,浅草寺
飲食店,食べる,飲食店営業（一般・焼肉）,焼肉ＢＥＡＳＴ,35.716953,139.792862,point,浅草二丁目１９番５号,台東区,浅草,1665,台東区 食品衛生営業施設一覧,430,浅草寺
飲食店,食べる,飲食店営業（一般・焼肉）,和牛の刀　ひさご通り店,35.716457,139.793991,point,浅草二丁目２５番５号,台東区,浅草,1762,台東区 食品衛生営業施設一覧,315,浅草寺
飲食店,食べる,飲食店営業（一般・焼肉）,けむり,35.716286,139.795685,point,浅草二丁目２７番１５号,台東区,浅草,1914,台東区 食品衛生営業施設一覧,199,浅草寺
飲食店,食べる,飲食店営業（一般・焼肉）,花やしきＢＢＱガーデン,35.715191,139.794983,point,浅草二丁目２８番１号,台東区,浅草,1850,台東区 食品衛生営業施設一覧,168,浅草寺
飲食店,食べる,飲食店営業（一般・焼肉）,浅草焼肉　もん,35.715298,139.794159,point,浅草二丁目２８番６号,台東区,浅草,1775,台東区 食品衛生営業施設一覧,243,浅草寺
飲食店,食べる,飲食店営業（一般・焼肉）,焼肉　ひろ,35.71759,139.794708,point,浅草三丁目１７番７号,台東区,浅草,1838,台東区 食品衛生営業施設一覧,369,浅草寺
飲食店,食べる,飲食店営業（一般・焼肉）,浅草のやきにくや　肉のすずき,35.718475,139.796844,point,浅草四丁目１１番８号,台東区,浅草,2042,台東区 食品衛生営業施設一覧,418,浅草寺
飲食店,食べる,飲食店営業（一般・焼肉）,炭火焼肉　龍苑,35.720772,139.796051,point,浅草五丁目２９番５号,台東区,浅草,2029,台東区 食品衛生営業施設一覧,676,浅草寺
飲食店,食べる,飲食店営業（一般・焼肉）,焼肉　東明仙,35.72126,139.795547,point,浅草五丁目３２番９号,台東区,浅草,2002,台東区 食品衛生営業施設一覧,735,浅草寺
飲食店,食べる,飲食店営業（一般・焼肉）,焼肉たっとん亭,35.697079,139.785538,point,浅草橋一丁目９番７号,台東区,浅草橋,2288,台東区 食品衛生営業施設一覧,1603,アメヤ横丁
飲食店,食べる,飲食店営業（一般・焼肉）,火ノ国　浅草橋店,35.697105,139.785934,point,浅草橋一丁目９番１１号,台東区,浅草橋,2301,台東区 食品衛生営業施設一覧,1623,アメヤ横丁
飲食店,食べる,飲食店営業（一般・焼肉）,日本焼肉党浅草橋西口店,35.697357,139.783737,point,浅草橋一丁目１２番６号,台東区,浅草橋,2193,台東区 食品衛生営業施設一覧,1480,アメヤ横丁
飲食店,食べる,飲食店営業（一般・焼肉）,焼肉　じゅらく,35.697479,139.785263,point,浅草橋一丁目２０番１号,台東区,浅草橋,2237,台東区 食品衛生営業施設一覧,1552,アメヤ横丁
飲食店,食べる,飲食店営業（一般・焼肉）,大阪焼肉・ホルモン　ふたご　浅草橋店,35.697655,139.785095,point,浅草橋一丁目２１番９号,台東区,浅草橋,2213,台東区 食品衛生営業施設一覧,1528,アメヤ横丁
飲食店,食べる,飲食店営業（一般・焼肉）,焼肉とどろき　浅草橋店,35.697842,139.785858,point,浅草橋一丁目２９番１号,台東区,浅草橋,2225,台東区 食品衛生営業施設一覧,1557,アメヤ横丁
飲食店,食べる,飲食店営業（一般・焼肉）,ホルモン　寺,35.701374,139.78746,point,浅草橋三丁目２３番３号,台東区,浅草橋,1968,台東区 食品衛生営業施設一覧,1340,雷門
飲食店,食べる,飲食店営業（一般・焼肉）,新鮮焼肉「かぎかっこ」,35.698086,139.782806,point,浅草橋四丁目１０番８号,台東区,浅草橋,2087,台東区 食品衛生営業施設一覧,1366,アメヤ横丁
飲食店,食べる,飲食店営業（一般・焼肉）,焼肉　煕楽苑,35.7225,139.786148,point,入谷一丁目３３番４号,台東区,入谷,1302,台東区 食品衛生営業施設一覧,1290,浅草寺
飲食店,食べる,飲食店営業（一般・焼肉）,煕楽苑　入谷店,35.7225,139.786148,point,入谷一丁目３３番４号,台東区,入谷,1302,台東区 食品衛生営業施設一覧,1290,浅草寺
飲食店,食べる,飲食店営業（一般・焼肉）,鉄板素材,35.705685,139.771011,point,上野一丁目２番７号,台東区,上野,1147,台東区 食品衛生営業施設一覧,422,アメヤ横丁
飲食店,食べる,飲食店営業（一般・焼肉）,鉄板焼　小助川,35.705975,139.771423,point,上野一丁目９番８号,台東区,上野,1106,台東区 食品衛生営業施設一覧,373,アメヤ横丁
飲食店,食べる,飲食店営業（一般・焼肉）,炭火焼肉たん清湯島天神下店,35.706463,139.77034,point,上野一丁目１３番６号,台東区,上野,1083,台東区 食品衛生営業施設一覧,420,アメヤ横丁
飲食店,食べる,飲食店営業（一般・焼肉）,アレンモク,35.708405,139.772461,point,上野二丁目１番４号,台東区,上野,821,台東区 食品衛生営業施設一覧,175,アメヤ横丁
飲食店,食べる,飲食店営業（一般・焼肉）,焼肉　冷麺　てっちゃん　上野,35.708401,139.772141,point,上野二丁目２番３号,台東区,上野,828,台東区 食品衛生営業施設一覧,204,アメヤ横丁
飲食店,食べる,飲食店営業（一般・焼肉）,焼肉たむら２号店,35.708633,139.772324,point,上野二丁目２番６号,台東区,上野,799,台東区 食品衛生営業施設一覧,191,アメヤ横丁
飲食店,食べる,飲食店営業（一般・焼肉）,焼肉たむら　新本店,35.708569,139.772385,point,上野二丁目２番７号,台東区,上野,805,台東区 食品衛生営業施設一覧,184,アメヤ横丁
飲食店,食べる,飲食店営業（一般・焼肉）,焼肉　やまだ,35.708427,139.7724,point,上野二丁目２番８号,台東区,上野,820,台東区 食品衛生営業施設一覧,181,アメヤ横丁
飲食店,食べる,飲食店営業（一般・焼肉）,焼肉　菜茶,35.708427,139.7724,point,上野二丁目２番８号,台東区,上野,820,台東区 食品衛生営業施設一覧,181,アメヤ横丁
飲食店,食べる,飲食店営業（一般・焼肉）,ＫＡＮＴＨＡＫＡ,35.708355,139.771988,point,上野二丁目３番１号,台東区,上野,837,台東区 食品衛生営業施設一覧,218,アメヤ横丁
飲食店,食べる,飲食店営業（一般・焼肉）,肉問屋直営　焼肉　肉縁,35.708435,139.772064,point,上野二丁目３番１０号,台東区,上野,827,台東区 食品衛生営業施設一覧,211,アメヤ横丁
飲食店,食べる,飲食店営業（一般・焼肉）,焼肉　海山,35.708435,139.772064,point,上野二丁目３番１０号,台東区,上野,827,台東区 食品衛生営業施設一覧,211,アメヤ横丁
飲食店,食べる,飲食店営業（一般・焼肉）,焼肉たむら　広小路店,35.708675,139.772293,point,上野二丁目５番１号,台東区,上野,795,台東区 食品衛生営業施設一覧,195,アメヤ横丁
飲食店,食べる,飲食店営業（一般・焼肉）,我が家,35.708675,139.772293,point,上野二丁目５番１号,台東区,上野,795,台東区 食品衛生営業施設一覧,195,アメヤ横丁
飲食店,食べる,飲食店営業（一般・焼肉）,焼肉　上野太昌園別館,35.708881,139.772095,point,上野二丁目５番４号,台東区,上野,778,台東区 食品衛生営業施設一覧,218,アメヤ横丁
飲食店,食べる,飲食店営業（一般・焼肉）,焼肉・居酒屋　酒意,35.7089,139.772369,point,上野二丁目５番７号,台東区,上野,769,台東区 食品衛生営業施設一覧,195,アメヤ横丁
飲食店,食べる,飲食店営業（一般・焼肉）,焼肉ここから　上野店,35.708759,139.772369,point,上野二丁目５番８号,台東区,上野,785,台東区 食品衛生営業施設一覧,190,アメヤ横丁
飲食店,食べる,飲食店営業（一般・焼肉）,焼肉　岩崎,35.708916,139.772476,point,上野二丁目８番２号,台東区,上野,765,台東区 食品衛生営業施設一覧,187,アメヤ横丁
飲食店,食べる,飲食店営業（一般・焼肉）,焼肉たむら　仲町通り店,35.709114,139.7724,point,上野二丁目８番４号,台東区,上野,746,台東区 食品衛生営業施設一覧,202,アメヤ横丁
飲食店,食べる,飲食店営業（一般・焼肉）,最強焼肉カスミ,35.709114,139.7724,point,上野二丁目８番４号,台東区,上野,746,台東区 食品衛生営業施設一覧,202,アメヤ横丁
飲食店,食べる,飲食店営業（一般・焼肉）,焼肉　太昌園本店,35.709316,139.772461,point,上野二丁目８番６号,台東区,上野,723,台東区 食品衛生営業施設一覧,208,アメヤ横丁
飲食店,食べる,飲食店営業（一般・焼肉）,びおら,35.709114,139.771164,point,上野二丁目１１番２号,台東区,上野,782,台東区 食品衛生営業施設一覧,306,アメヤ横丁
飲食店,食べる,飲食店営業（一般・焼肉）,焼肉　牛勢,35.709286,139.771942,point,上野二丁目１２番９号,台東区,上野,739,台東区 食品衛生営業施設一覧,248,アメヤ横丁
飲食店,食べる,飲食店営業（一般・焼肉）,焼肉トラジ　上野店,35.710613,139.773239,point,上野二丁目１４番３１号,台東区,上野,566,台東区 食品衛生営業施設一覧,278,アメヤ横丁
飲食店,食べる,飲食店営業（一般・焼肉）,壱鉄,35.706276,139.773468,point,上野三丁目２２番３号,台東区,上野,1041,台東区 食品衛生営業施設一覧,240,アメヤ横丁
飲食店,食べる,飲食店営業（一般・焼肉）,上野　焼肉　陽山道　パルコヤ店,35.70697,139.772964,point,上野三丁目２４番６号,台東区,上野,970,台東区 食品衛生営業施設一覧,197,アメヤ横丁
飲食店,食べる,飲食店営業（一般・焼肉）,ジンギスカン霧島　御徒町南口店,35.707104,139.774048,point,上野三丁目２７番３号,台東区,上野,946,台東区 食品衛生営業施設一覧,137,アメヤ横丁
飲食店,食べる,飲食店営業（一般・焼肉）,焼肉　ぱんが　御徒町駅前店,35.707104,139.774048,point,上野三丁目２７番３号,台東区,上野,946,台東区 食品衛生営業施設一覧,137,アメヤ横丁
飲食店,食べる,飲食店営業（一般・焼肉）,天龍　上野店,35.708225,139.773895,point,上野四丁目２番４号,台東区,上野,822,台東区 食品衛生営業施設一覧,46,アメヤ横丁
飲食店,食べる,飲食店営業（一般・焼肉）,焼肉　ごち,35.708111,139.773788,point,上野四丁目３番１０号,台東区,上野,835,台東区 食品衛生営業施設一覧,59,アメヤ横丁
飲食店,食べる,飲食店営業（一般・焼肉）,登亭上野広小路店,35.708111,139.773788,point,上野四丁目３番１０号,台東区,上野,835,台東区 食品衛生営業施設一覧,59,アメヤ横丁
飲食店,食べる,飲食店営業（一般・焼肉）,卸）神保町食肉センター上野店,35.708191,139.773346,point,上野四丁目４番３号,台東区,上野,830,台東区 食品衛生営業施設一覧,96,アメヤ横丁
飲食店,食べる,飲食店営業（一般・焼肉）,陽山道　上野広小路店,35.708313,139.773361,point,上野四丁目４番４号,台東区,上野,817,台東区 食品衛生営業施設一覧,94,アメヤ横丁
飲食店,食べる,飲食店営業（一般・焼肉）,焼肉　Ｈａｎａｒｅ,35.708313,139.773361,point,上野四丁目４番４号,台東区,上野,817,台東区 食品衛生営業施設一覧,94,アメヤ横丁
飲食店,食べる,飲食店営業（一般・焼肉）,牛繁　上野広小路店,35.708447,139.773392,point,上野四丁目４番５号,台東区,上野,802,台東区 食品衛生営業施設一覧,92,アメヤ横丁
飲食店,食べる,飲食店営業（一般・焼肉）,焼肉＆ホルモン酒場　エンジョイ,35.709175,139.773666,point,上野四丁目５番７号,台東区,上野,718,台東区 食品衛生営業施設一覧,118,アメヤ横丁
飲食店,食べる,飲食店営業（一般・焼肉）,小仔羊,35.709076,139.774002,point,上野四丁目５番９号,台東区,上野,727,台東区 食品衛生営業施設一覧,93,アメヤ横丁
飲食店,食べる,飲食店営業（一般・焼肉）,焼肉　侍,35.708725,139.773987,point,上野四丁目５番１２号,台東区,上野,766,台東区 食品衛生営業施設一覧,60,アメヤ横丁
飲食店,食べる,飲食店営業（一般・焼肉）,焼肉ここから　アメ横店,35.70895,139.774155,point,上野四丁目６番７号,台東区,上野,740,台東区 食品衛生営業施設一覧,76,アメヤ横丁
飲食店,食べる,飲食店営業（一般・焼肉）,一心たん助　上野御徒町アメ横店,35.709095,139.774323,point,上野四丁目７番３号,台東区,上野,723,台東区 食品衛生営業施設一覧,89,アメヤ横丁
飲食店,食べる,飲食店営業（一般・焼肉）,肉屋の台所　上野公園前店,35.710175,139.773865,point,上野四丁目９番６号,台東区,上野,606,台東区 食品衛生営業施設一覧,214,アメヤ横丁
飲食店,食べる,飲食店営業（一般・焼肉）,焼肉　ホルモン　アポロン　御徒町,35.704201,139.775589,point,上野五丁目６番８号,台東区,上野,1271,台東区 食品衛生営業施設一覧,468,アメヤ横丁
飲食店,食べる,飲食店営業（一般・焼肉）,牛術黒帯,35.705498,139.774277,point,上野五丁目１０番１１号,台東区,上野,1123,台東区 食品衛生営業施設一覧,312,アメヤ横丁
飲食店,食べる,飲食店営業（一般・焼肉）,大衆ジンギスカン酒場　ラムちゃん　御徒町店,35.706333,139.774826,point,上野五丁目２０番１５号,台東区,上野,1031,台東区 食品衛生営業施設一覧,222,アメヤ横丁
飲食店,食べる,飲食店営業（一般・焼肉）,アジェ御徒町,35.706333,139.774826,point,上野五丁目２０番１５号,台東区,上野,1031,台東区 食品衛生営業施設一覧,222,アメヤ横丁
飲食店,食べる,飲食店営業（一般・焼肉）,ＴＯＫＹＯ　焼肉　ごぉ,35.706623,139.775345,point,上野五丁目２２番８号,台東区,上野,1001,台東区 食品衛生営業施設一覧,205,アメヤ横丁
飲食店,食べる,飲食店営業（一般・焼肉）,焼肉もとやま　本店,35.706623,139.775345,point,上野五丁目２２番８号,台東区,上野,1001,台東区 食品衛生営業施設一覧,205,アメヤ横丁
飲食店,食べる,飲食店営業（一般・焼肉）,焼肉やいち２．０,35.707268,139.775055,point,上野五丁目２６番６号,台東区,上野,928,台東区 食品衛生営業施設一覧,129,アメヤ横丁
飲食店,食べる,飲食店営業（一般・焼肉）,モンスターグリル　上野店,35.70821,139.775711,point,上野六丁目２番１３号,台東区,上野,829,台東区 食品衛生営業施設一覧,119,アメヤ横丁
飲食店,食べる,飲食店営業（一般・焼肉）,和光,35.708431,139.775238,point,上野六丁目３番６号,台東区,上野,800,台東区 食品衛生営業施設一覧,77,アメヤ横丁
飲食店,食べる,飲食店営業（一般・焼肉）,焼肉・ホルモン料理　とらじ亭,35.708607,139.775375,point,上野六丁目３番１０号,台東区,上野,782,台東区 食品衛生営業施設一覧,94,アメヤ横丁
飲食店,食べる,飲食店営業（一般・焼肉）,陽山道　上野本店,35.708759,139.77536,point,上野六丁目５番３号,台東区,上野,765,台東区 食品衛生営業施設一覧,101,アメヤ横丁
飲食店,食べる,飲食店営業（一般・焼肉）,焼肉　房家,35.708847,139.776062,point,上野六丁目６番６号,台東区,上野,764,台東区 食品衛生営業施設一覧,162,アメヤ横丁
飲食店,食べる,飲食店営業（一般・焼肉）,一頭買焼肉房屋ホルモン館,35.709843,139.775909,point,上野六丁目７番９号,台東区,上野,653,台東区 食品衛生営業施設一覧,219,アメヤ横丁
飲食店,食べる,飲食店営業（一般・焼肉）,金鳳苑,35.709156,139.775482,point,上野六丁目８番４号,台東区,上野,722,台東区 食品衛生営業施設一覧,136,アメヤ横丁
飲食店,食べる,飲食店営業（一般・焼肉）,陽山道　上野駅前店,35.709938,139.775848,point,上野六丁目８番１６号,台東区,上野,641,台東区 食品衛生営業施設一覧,224,アメヤ横丁
飲食店,食べる,飲食店営業（一般・焼肉）,Ｔｈｅ　Ｇｏｄ　Ｄｉｎｅｒ,35.709358,139.775101,point,上野六丁目１０番２２号,台東区,上野,696,台東区 食品衛生営業施設一覧,134,アメヤ横丁
飲食店,食べる,飲食店営業（一般・焼肉）,炭火ホルモン　極みや,35.710983,139.774994,point,上野六丁目１２番１４号,台東区,上野,515,台東区 食品衛生営業施設一覧,303,アメヤ横丁
飲食店,食べる,飲食店営業（一般・焼肉）,焼肉太昌園　上野駅前店,35.710331,139.775436,point,上野六丁目１３番１号,台東区,上野,592,台東区 食品衛生営業施設一覧,244,アメヤ横丁
飲食店,食べる,飲食店営業（一般・焼肉）,牛角　上野店,35.710655,139.775024,point,上野六丁目１３番５号,台東区,上野,552,台東区 食品衛生営業施設一覧,268,アメヤ横丁
飲食店,食べる,飲食店営業（一般・焼肉）,牛若丸,35.710793,139.77504,point,上野六丁目１３番６号,台東区,上野,537,台東区 食品衛生営業施設一覧,283,アメヤ横丁
飲食店,食べる,飲食店営業（一般・焼肉）,牛宮×ひなた,35.710793,139.77504,point,上野六丁目１３番６号,台東区,上野,537,台東区 食品衛生営業施設一覧,283,アメヤ横丁
飲食店,食べる,飲食店営業（一般・焼肉）,炭火焼肉　　肉の街,35.711067,139.775192,point,上野六丁目１３番８号,台東区,上野,508,台東区 食品衛生営業施設一覧,316,アメヤ横丁
飲食店,食べる,飲食店営業（一般・焼肉）,しゃぶしゃぶ＆焼肉　のぼる,35.711067,139.775192,point,上野六丁目１３番８号,台東区,上野,508,台東区 食品衛生営業施設一覧,316,アメヤ横丁
飲食店,食べる,飲食店営業（一般・焼肉）,炭火焼肉　絵のある街上野店,35.711044,139.77536,point,上野六丁目１３番９号,台東区,上野,513,台東区 食品衛生営業施設一覧,317,アメヤ横丁
飲食店,食べる,飲食店営業（一般・焼肉）,ねぎし上野駅前店,35.71138,139.775543,point,上野六丁目１４番７号,台東区,上野,479,台東区 食品衛生営業施設一覧,358,アメヤ横丁
飲食店,食べる,飲食店営業（一般・焼肉）,肉屋の台所　上野店,35.71138,139.775543,point,上野六丁目１４番７号,台東区,上野,479,台東区 食品衛生営業施設一覧,358,アメヤ横丁
飲食店,食べる,飲食店営業（一般・焼肉）,焼肉ホルモン本舗　炎,35.711296,139.776154,point,上野六丁目１６番１３号,台東区,上野,501,台東区 食品衛生営業施設一覧,369,アメヤ横丁
飲食店,食べる,飲食店営業（一般・焼肉）,焼肉フジ,35.713863,139.778946,point,上野七丁目８番１号,台東区,上野,445,台東区 食品衛生営業施設一覧,528,上野公園
飲食店,食べる,飲食店営業（一般・焼肉）,音音　上野バンブーガーデン店,35.71233,139.774841,point,上野公園１番５２号,台東区,上野公園,365,台東区 食品衛生営業施設一覧,363,上野公園
飲食店,食べる,飲食店営業（一般・焼肉）,土古里　上野バンブーガーデン店,35.71233,139.774841,point,上野公園１番５２号,台東区,上野公園,365,台東区 食品衛生営業施設一覧,363,上野公園
飲食店,食べる,飲食店営業（一般・焼肉）,叙々苑　上野不忍口店,35.711739,139.77449,point,上野公園１番５７号,台東区,上野公園,429,台東区 食品衛生営業施設一覧,382,アメヤ横丁
飲食店,食べる,飲食店営業（一般・焼肉）,東京焼肉　平城苑　浅草総本店,35.711189,139.793015,point,雷門一丁目１５番１０号,台東区,雷門,1742,台東区 食品衛生営業施設一覧,333,仲見世通り
飲食店,食べる,飲食店営業（一般・焼肉）,和牛焼肉　浅草時流,35.711243,139.792618,point,雷門一丁目１６番９号,台東区,雷門,1706,台東区 食品衛生営業施設一覧,367,仲見世通り
飲食店,食べる,飲食店営業（一般・焼肉）,ウシガシラセル,35.716003,139.781769,point,北上野一丁目４番３号,台東区,北上野,658,台東区 食品衛生営業施設一覧,759,上野公園
飲食店,食べる,飲食店営業（一般・焼肉）,不二苑,35.719158,139.785721,point,北上野二丁目３２番１０号,台東区,北上野,1088,台東区 食品衛生営業施設一覧,1111,浅草寺
飲食店,食べる,飲食店営業（一般・焼肉）,ニュー　とんや,35.725227,139.801758,point,清川一丁目２０番３号,台東区,清川,2684,台東区 食品衛生営業施設一覧,1253,浅草寺
飲食店,食べる,飲食店営業（一般・焼肉）,秘苑,35.706436,139.782059,point,小島二丁目１４番６号,台東区,小島,1226,台東区 食品衛生営業施設一覧,722,アメヤ横丁
飲食店,食べる,飲食店営業（一般・焼肉）,鳳来苑,35.721916,139.782623,point,下谷二丁目１１番６号,台東区,下谷,1015,台東区 食品衛生営業施設一覧,1105,上野公園
飲食店,食べる,飲食店営業（一般・焼肉）,ザ・テキサス,35.724209,139.786987,point,下谷三丁目１０番１１号,台東区,下谷,1479,台東区 食品衛生営業施設一覧,1375,浅草寺
飲食店,食べる,飲食店営業（一般・焼肉）,焼肉　牛和,35.724075,139.79599,point,千束四丁目１５番８号,台東区,千束,2157,台東区 食品衛生営業施設一覧,1042,浅草寺
飲食店,食べる,飲食店営業（一般・焼肉）,やきにく　語り,35.721813,139.795242,point,千束四丁目２７番４号,台東区,千束,1996,台東区 食品衛生営業施設一覧,800,浅草寺
飲食店,食べる,飲食店営業（一般・焼肉）,焼肉，晃,35.723618,139.7939,point,千束四丁目４４番２号,台東区,千束,1965,台東区 食品衛生営業施設一覧,1022,浅草寺
飲食店,食べる,飲食店営業（一般・焼肉）,班家（ぱんが）,35.704826,139.781036,point,台東三丁目２７番９号,台東区,台東,1335,台東区 食品衛生営業施設一覧,713,アメヤ横丁
飲食店,食べる,飲食店営業（一般・焼肉）,ホルモン焼き肉ワイガヤ,35.702549,139.781509,point,鳥越一丁目７番４号,台東区,鳥越,1583,台東区 食品衛生営業施設一覧,906,アメヤ横丁
飲食店,食べる,飲食店営業（一般・焼肉）,雷門焼肉　東京亭,35.711533,139.791824,point,西浅草一丁目８番１３号,台東区,西浅草,1628,台東区 食品衛生営業施設一覧,433,仲見世通り
飲食店,食べる,飲食店営業（一般・焼肉）,牛角　浅草国際通り店,35.712498,139.791977,point,西浅草二丁目１３番９号,台東区,西浅草,1615,台東区 食品衛生営業施設一覧,423,仲見世通り
飲食店,食べる,飲食店営業（一般・焼肉）,神戸牛ダイア　浅草国際通り店,35.713417,139.79216,point,西浅草二丁目２６番１０号,台東区,西浅草,1613,台東区 食品衛生営業施設一覧,435,仲見世通り
飲食店,食べる,飲食店営業（一般・焼肉）,株式会社　本とさや,35.71431,139.792313,point,西浅草三丁目１番９号,台東区,西浅草,1615,台東区 食品衛生営業施設一覧,403,浅草寺
飲食店,食べる,飲食店営業（一般・焼肉）,焼肉　きらく苑,35.71431,139.792313,point,西浅草三丁目１番９号,台東区,西浅草,1615,台東区 食品衛生営業施設一覧,403,浅草寺
飲食店,食べる,飲食店営業（一般・焼肉）,たんじろう,35.71452,139.791641,point,西浅草三丁目２番９号,台東区,西浅草,1552,台東区 食品衛生営業施設一覧,462,浅草寺
飲食店,食べる,飲食店営業（一般・焼肉）,株式会社　本とさや,35.714283,139.791901,point,西浅草三丁目２番１２号,台東区,西浅草,1578,台東区 食品衛生営業施設一覧,440,浅草寺
飲食店,食べる,飲食店営業（一般・焼肉）,浅草　焼肉,35.714169,139.790726,point,西浅草三丁目４番３号,台東区,西浅草,1474,台東区 食品衛生営業施設一覧,547,浅草寺
飲食店,食べる,飲食店営業（一般・焼肉）,焼肉　幸福,35.716175,139.792435,point,西浅草三丁目２７番２５号,台東区,西浅草,1620,台東区 食品衛生営業施設一覧,422,浅草寺
飲食店,食べる,飲食店営業（一般・焼肉）,焼肉ホルモン　千里馬,35.72105,139.780411,point,根岸一丁目１番１７号,台東区,根岸,807,台東区 食品衛生営業施設一覧,893,上野公園
飲食店,食べる,飲食店営業（一般・焼肉）,食道園,35.722641,139.778961,point,根岸一丁目５番１２号,台東区,根岸,880,台東区 食品衛生営業施設一覧,951,上野公園
飲食店,食べる,飲食店営業（一般・焼肉）,ほるもんスタジアム鶯谷店,35.722549,139.779114,point,根岸一丁目５番１３号,台東区,根岸,878,台東区 食品衛生営業施設一覧,950,上野公園
飲食店,食べる,飲食店営業（一般・焼肉）,焼肉　鶯谷園,35.722359,139.779358,point,根岸一丁目５番１５号,台東区,根岸,870,台東区 食品衛生営業施設一覧,944,上野公園
飲食店,食べる,飲食店営業（一般・焼肉）,鶏ヤロー　鶯谷店,35.723274,139.777191,point,根岸一丁目１０番１３号,台東区,根岸,887,台東区 食品衛生営業施設一覧,942,上野公園
飲食店,食べる,飲食店営業（一般・焼肉）,焼肉　とみひさ,35.724792,139.779022,point,根岸三丁目２５番８号,台東区,根岸,1101,台東区 食品衛生営業施設一覧,1163,上野公園
飲食店,食べる,飲食店営業（一般・焼肉）,焼肉トラジ　浅草ＥＫＩＭＩＳＥ,35.71122,139.797836,point,花川戸一丁目４番１号,台東区,花川戸,2162,台東区 食品衛生営業施設一覧,113,雷門
飲食店,食べる,飲食店営業（一般・焼肉）,焼肉牛壱心　浅草ＥＫＩＭＩＳＥ店,35.71122,139.797836,point,花川戸一丁目４番１号,台東区,花川戸,2162,台東区 食品衛生営業施設一覧,113,雷門
飲食店,食べる,飲食店営業（一般・焼肉）,たん鬼,35.712234,139.798004,point,花川戸一丁目５番４号,台東区,花川戸,2155,台東区 食品衛生営業施設一覧,132,仲見世通り
飲食店,食べる,飲食店営業（一般・焼肉）,浅草昭和軒,35.712715,139.798523,point,花川戸一丁目８番１３号,台東区,花川戸,2192,台東区 食品衛生営業施設一覧,196,仲見世通り
飲食店,食べる,飲食店営業（一般・焼肉）,板門店,35.70953,139.777267,point,東上野二丁目１５番５号,台東区,東上野,720,台東区 食品衛生営業施設一覧,293,アメヤ横丁
飲食店,食べる,飲食店営業（一般・焼肉）,馬山館,35.70966,139.777283,point,東上野二丁目１５番６号,台東区,東上野,707,台東区 食品衛生営業施設一覧,301,アメヤ横丁
飲食店,食べる,飲食店営業（一般・焼肉）,焼肉　牛スター,35.70966,139.777283,point,東上野二丁目１５番６号,台東区,東上野,707,台東区 食品衛生営業施設一覧,301,アメヤ横丁
飲食店,食べる,飲食店営業（一般・焼肉）,焼肉　東京苑,35.709724,139.77739,point,東上野二丁目１５番７号,台東区,東上野,704,台東区 食品衛生営業施設一覧,313,アメヤ横丁
飲食店,食べる,飲食店営業（一般・焼肉）,焼肉乃富士吉,35.709724,139.77739,point,東上野二丁目１５番７号,台東区,東上野,704,台東区 食品衛生営業施設一覧,313,アメヤ横丁
飲食店,食べる,飲食店営業（一般・焼肉）,焼肉　京城苑,35.709724,139.77739,point,東上野二丁目１５番７号,台東区,東上野,704,台東区 食品衛生営業施設一覧,313,アメヤ横丁
飲食店,食べる,飲食店営業（一般・焼肉）,焼肉乃富士吉　別館,35.709816,139.777145,point,東上野二丁目１８番１号,台東区,東上野,686,台東区 食品衛生営業施設一覧,300,アメヤ横丁
飲食店,食べる,飲食店営業（一般・焼肉）,焼肉　食しんぼう,35.709801,139.777435,point,東上野二丁目１９番１号,台東区,東上野,697,台東区 食品衛生営業施設一覧,321,アメヤ横丁
飲食店,食べる,飲食店営業（一般・焼肉）,ホルモン道場　　ポパイ,35.709969,139.777954,point,東上野二丁目２１番５号,台東区,東上野,699,台東区 食品衛生営業施設一覧,371,アメヤ横丁
飲食店,食べる,飲食店営業（一般・焼肉）,西成商店,35.713303,139.78035,point,東上野四丁目１５番１号,台東区,東上野,587,台東区 食品衛生営業施設一覧,669,上野公園
飲食店,食べる,飲食店営業（一般・焼肉）,熙楽苑,35.714855,139.786743,point,松が谷二丁目２８番９号,台東区,松が谷,1108,台東区 食品衛生営業施設一覧,904,浅草寺
飲食店,食べる,飲食店営業（一般・焼肉）,焼き肉　まんてん,35.730667,139.792404,point,三ノ輪二丁目１５番８号,台東区,三ノ輪,2328,台東区 食品衛生営業施設一覧,1816,浅草寺
飲食店,食べる,飲食店営業（一般・焼肉）,七輪庵,35.730526,139.792374,point,三ノ輪二丁目１５番９号,台東区,三ノ輪,2315,台東区 食品衛生営業施設一覧,1801,浅草寺
飲食店,食べる,飲食店営業（一般・焼肉）,焼肉　こたろう,35.710724,139.783051,point,元浅草二丁目７番１０号,台東区,元浅草,943,台東区 食品衛生営業施設一覧,826,アメヤ横丁
飲食店,食べる,飲食店営業（一般・焼肉）,肉と日本酒,35.724415,139.76503,point,谷中三丁目１番５号,台東区,谷中,1301,台東区 食品衛生営業施設一覧,1257,上野公園
飲食店,食べる,飲食店営業（一般・焼肉）,谷中　炭聖,35.727577,139.768448,point,谷中七丁目１８番１６号,台東区,谷中,1439,台東区 食品衛生営業施設一覧,1428,上野公園
飲食店,食べる,飲食店営業（一般・焼肉）,みなみの裏はなれ,35.696686,139.786407,point,柳橋一丁目１３番１号,台東区,柳橋,2362,台東区 食品衛生営業施設一覧,1686,アメヤ横丁
飲食店,食べる,飲食店営業（一般・焼肉）,焼肉ＢＡＳＥ架,35.696964,139.786255,point,柳橋一丁目１３番４号,台東区,柳橋,2328,台東区 食品衛生営業施設一覧,1654,アメヤ横丁
飲食店,食べる,飲食店営業（一般・焼肉）,炭火焼肉ホルモンみなみ,35.698147,139.787491,point,柳橋一丁目３２番４号,台東区,柳橋,2268,台東区 食品衛生営業施設一覧,1634,雷門
飲食店,食べる,飲食店営業（一般・焼肉）,みなみのはなれ,35.698437,139.787582,point,柳橋二丁目６番８号,台東区,柳橋,2244,台東区 食品衛生営業施設一覧,1602,雷門
飲食店,食べる,飲食店営業（一般・焼肉）,龍苑,35.725159,139.791138,point,竜泉三丁目１４番６号,台東区,竜泉,1840,台東区 食品衛生営業施設一覧,1267,浅草寺
飲食店,食べる,飲食店営業（一般・食堂）,常盤堂雷お?し本舗　　本店,35.711071,139.796005,point,浅草一丁目３番２号,台東区,浅草,2006,台東区 食品衛生営業施設一覧,70,雷門
飲食店,食べる,飲食店営業（一般・食堂）,こた,35.712112,139.793076,point,浅草一丁目１２番８号,台東区,浅草,1721,台東区 食品衛生営業施設一覧,319,仲見世通り
飲食店,食べる,飲食店営業（一般・食堂）,ＳＩＡＭ’Ｓ　ＫＩＴＣＨＥＮ,35.711857,139.794601,point,浅草一丁目１６番９号,台東区,浅草,1862,台東区 食品衛生営業施設一覧,181,仲見世通り
飲食店,食べる,飲食店営業（一般・食堂）,茶寮　花ぞむかしの,35.711582,139.795654,point,浅草一丁目１８番９号,台東区,浅草,1961,台東区 食品衛生営業施設一覧,92,仲見世通り
飲食店,食べる,飲食店営業（一般・食堂）,浅草　聚楽,35.712276,139.793793,point,浅草一丁目２３番９号,台東区,浅草,1781,台東区 食品衛生営業施設一覧,257,仲見世通り
飲食店,食べる,飲食店営業（一般・食堂）,佐藤養助浅草店,35.712116,139.796524,point,浅草一丁目３０番１２号,台東区,浅草,2026,台東区 食品衛生営業施設一覧,25,仲見世通り
飲食店,食べる,飲食店営業（一般・食堂）,浅草　あづま,35.711781,139.796936,point,浅草一丁目３２番１号,台東区,浅草,2070,台東区 食品衛生営業施設一覧,33,仲見世通り
飲食店,食べる,飲食店営業（一般・食堂）,叶屋,35.712776,139.796326,point,浅草一丁目３７番１２号,台東区,浅草,1995,台東区 食品衛生営業施設一覧,100,仲見世通り
飲食店,食べる,飲食店営業（一般・食堂）,浅草たこ丸,35.714176,139.794571,point,浅草二丁目３番２４号,台東区,浅草,1819,台東区 食品衛生営業施設一覧,206,浅草寺
飲食店,食べる,飲食店営業（一般・食堂）,君塚食堂,35.71426,139.794891,point,浅草二丁目３番２６号,台東区,浅草,1847,台東区 食品衛生営業施設一覧,175,浅草寺
飲食店,食べる,飲食店営業（一般・食堂）,まえ田食堂,35.714298,139.795059,point,浅草二丁目３番２７号,台東区,浅草,1862,台東区 食品衛生営業施設一覧,160,浅草寺
飲食店,食べる,飲食店営業（一般・食堂）,水口食堂,35.713535,139.793793,point,浅草二丁目４番９号,台東区,浅草,1757,台東区 食品衛生営業施設一覧,298,浅草寺
飲食店,食べる,飲食店営業（一般・食堂）,浅草　参食堂,35.713829,139.793869,point,浅草二丁目５番９号,台東区,浅草,1760,台東区 食品衛生営業施設一覧,278,浅草寺
飲食店,食べる,飲食店営業（一般・食堂）,長良食堂,35.714573,139.794113,point,浅草二丁目７番１３号,台東区,浅草,1774,台東区 食品衛生営業施設一覧,239,浅草寺
飲食店,食べる,飲食店営業（一般・食堂）,夏の家,35.715256,139.794052,point,浅草二丁目７番１９号,台東区,浅草,1766,台東区 食品衛生営業施設一覧,251,浅草寺
飲食店,食べる,飲食店営業（一般・食堂）,スタンド浅草２丁目食堂,35.714111,139.792664,point,浅草二丁目１１番５号,台東区,浅草,1648,台東区 食品衛生営業施設一覧,375,浅草寺
飲食店,食べる,飲食店営業（一般・食堂）,日本ぱすた　きん魚,35.715874,139.79332,point,浅草二丁目１４番８号,台東区,浅草,1699,台東区 食品衛生営業施設一覧,335,浅草寺
飲食店,食べる,飲食店営業（一般・食堂）,浅草　味閣,35.715874,139.79332,point,浅草二丁目１４番８号,台東区,浅草,1699,台東区 食品衛生営業施設一覧,335,浅草寺
飲食店,食べる,飲食店営業（一般・食堂）,千鶴,35.716541,139.793304,point,浅草二丁目２０番１２号,台東区,浅草,1701,台東区 食品衛生営業施設一覧,371,浅草寺
飲食店,食べる,飲食店営業（一般・食堂）,Ｊａｐａｎｅｓｅ　Ｆｏｏｄ　Ｗａｇｙｕ　Ｒｅｓｔａｕｒａｎｔ（Ｈａｌａｌ－Ｂｅｅｆ）　Ｒａｍｅｎ－Ｓｕｋｉｙａｋｉ＆Ｓｕｓｈｉ　Ｇｏｄａｉｍｅ　Ｗａｇｙｕ　Ｔｏｋｙｏ　Ａｓａｋｕｓａ　Ｓｈｏｐ,35.71656,139.794037,point,浅草二丁目２５番６号,台東区,浅草,1767,台東区 食品衛生営業施設一覧,319,浅草寺
飲食店,食べる,飲食店営業（一般・食堂）,粥や佐藤,35.716728,139.796875,point,浅草三丁目２３番３号,台東区,浅草,2024,台東区 食品衛生営業施設一覧,224,浅草寺
飲食店,食べる,飲食店営業（一般・食堂）,Ｔｏｋｙｏ　Ｏｍａｋａｓｅ　Ｔｉｍｅ　Ｔｒａｖｅｌ（Ａｓａｋｕｓａ　Ｋｉｍｏｎｏ　Ｒｅｎｔａｌ　Ｆｒｅｅ）　Ｓｕｓｈｉ＆Ｗａｇｙｕ（Ｈａｌａｌ）　Ｒｅｓｔａｕｒａｎｔ,35.716633,139.798462,point,浅草三丁目２７番５号,台東区,浅草,2166,台東区 食品衛生営業施設一覧,263,浅草寺
飲食店,食べる,飲食店営業（一般・食堂）,べヴィトーレ,35.717426,139.796066,point,浅草三丁目３５番１２号,台東区,浅草,1958,台東区 食品衛生営業施設一覧,307,浅草寺
飲食店,食べる,飲食店営業（一般・食堂）,小　時,35.718166,139.797638,point,浅草四丁目７番１０号,台東区,浅草,2108,台東区 食品衛生営業施設一覧,391,浅草寺
飲食店,食べる,飲食店営業（一般・食堂）,キッチン＆カラオケ浅草天国,35.719189,139.796066,point,浅草四丁目４０番２号,台東区,浅草,1987,台東区 食品衛生営業施設一覧,501,浅草寺
飲食店,食べる,飲食店営業（一般・食堂）,ＵＵＴＯ　ＳＥＣＯＮＤ,35.718975,139.796783,point,浅草四丁目４３番６号,台東区,浅草,2046,台東区 食品衛生営業施設一覧,473,浅草寺
飲食店,食べる,飲食店営業（一般・食堂）,ミラージュ　カフェ,35.720936,139.794434,point,浅草五丁目１３番５号,台東区,浅草,1895,台東区 食品衛生営業施設一覧,722,浅草寺
飲食店,食べる,飲食店営業（一般・食堂）,うまずき食堂,35.720299,139.79509,point,浅草五丁目１６番１４号,台東区,浅草,1931,台東区 食品衛生営業施設一覧,638,浅草寺
飲食店,食べる,飲食店営業（一般・食堂）,グリル　ミヤタ,35.720314,139.797592,point,浅草五丁目２６番１０号,台東区,浅草,2150,台東区 食品衛生営業施設一覧,627,浅草寺
飲食店,食べる,飲食店営業（一般・食堂）,山口家,35.720715,139.795822,point,浅草五丁目３０番１０号,台東区,浅草,2007,台東区 食品衛生営業施設一覧,672,浅草寺
飲食店,食べる,飲食店営業（一般・食堂）,ナカジマ食堂,35.721199,139.796539,point,浅草五丁目３７番６号,台東区,浅草,2085,台東区 食品衛生営業施設一覧,721,浅草寺
飲食店,食べる,飲食店営業（一般・食堂）,雨宮,35.721512,139.796936,point,浅草五丁目５３番４号,台東区,浅草,2129,台東区 食品衛生営業施設一覧,755,浅草寺
飲食店,食べる,飲食店営業（一般・食堂）,和洋食屋　いいま,35.715786,139.80069,point,浅草六丁目５番１０号,台東区,浅草,2365,台東区 食品衛生営業施設一覧,375,浅草寺
飲食店,食べる,飲食店営業（一般・食堂）,あさくさ味噌らぼ,35.717636,139.801437,point,浅草六丁目２２番７号,台東区,浅草,2442,台東区 食品衛生営業施設一覧,533,浅草寺
飲食店,食べる,飲食店営業（一般・食堂）,メルフクラフト,35.717934,139.800095,point,浅草六丁目２８番１０号,台東区,浅草,2325,台東区 食品衛生営業施設一覧,468,浅草寺
飲食店,食べる,飲食店営業（一般・食堂）,ニュー王将,35.719559,139.800629,point,浅草六丁目４３番４号,台東区,浅草,2400,台東区 食品衛生営業施設一覧,642,浅草寺
飲食店,食べる,飲食店営業（一般・食堂）,はせ川,35.697239,139.78508,point,浅草橋一丁目１０番９号,台東区,浅草橋,2254,台東区 食品衛生営業施設一覧,1563,アメヤ横丁
飲食店,食べる,飲食店営業（一般・食堂）,キッチンセブン　街のハンバーグ屋さん,35.697414,139.786011,point,浅草橋一丁目１８番１号,台東区,浅草橋,2274,台東区 食品衛生営業施設一覧,1601,アメヤ横丁
飲食店,食べる,飲食店営業（一般・食堂）,気まぐれ　キッチン　Ｉｓｈｉｂａｓｈｉ,35.697479,139.785263,point,浅草橋一丁目２０番１号,台東区,浅草橋,2237,台東区 食品衛生営業施設一覧,1552,アメヤ横丁
飲食店,食べる,飲食店営業（一般・食堂）,八海丸,35.698002,139.783951,point,浅草橋一丁目２６番１号,台東区,浅草橋,2135,台東区 食品衛生営業施設一覧,1434,アメヤ横丁
飲食店,食べる,飲食店営業（一般・食堂）,大戸屋ごはん処　浅草橋店,35.698879,139.787064,point,浅草橋二丁目１番９号,台東区,浅草橋,2178,台東区 食品衛生営業施設一覧,1551,アメヤ横丁
飲食店,食べる,飲食店営業（一般・食堂）,Ｂｏｏｇｉｅｅ,35.700069,139.78743,point,浅草橋三丁目１番３号,台東区,浅草橋,2085,台東区 食品衛生営業施設一覧,1458,雷門
飲食店,食べる,飲食店営業（一般・食堂）,ギャラリー＆喫茶　たかせ,35.711697,139.76799,point,池之端一丁目６番１９号,台東区,池之端,731,台東区 食品衛生営業施設一覧,637,上野公園
飲食店,食べる,飲食店営業（一般・食堂）,夜ふかし食堂　すず?。,35.71735,139.765076,point,池之端二丁目５番２８号,台東区,池之端,873,台東区 食品衛生営業施設一覧,783,上野公園
飲食店,食べる,飲食店営業（一般・食堂）,イートリーズ,35.718056,139.769913,point,池之端四丁目１６番３１号,台東区,池之端,496,台東区 食品衛生営業施設一覧,433,上野公園
飲食店,食べる,飲食店営業（一般・食堂）,ウェルネス食堂　Ａｓａｒｉ１１１。,35.717751,139.804153,point,今戸一丁目１番１０号,台東区,今戸,2688,台東区 食品衛生営業施設一覧,749,浅草寺
飲食店,食べる,飲食店営業（一般・食堂）,市川屋,35.721554,139.804199,point,今戸二丁目１０番８号,台東区,今戸,2762,台東区 食品衛生営業施設一覧,1015,浅草寺
飲食店,食べる,飲食店営業（一般・食堂）,第一勧業信用組合　東浅草支店,35.72184,139.801788,point,今戸二丁目１５番４号,台東区,今戸,2559,台東区 食品衛生営業施設一覧,913,浅草寺
飲食店,食べる,飲食店営業（一般・食堂）,古梅亭,35.722557,139.804367,point,今戸二丁目３４番１１号,台東区,今戸,2805,台東区 食品衛生営業施設一覧,1110,浅草寺
飲食店,食べる,飲食店営業（一般・食堂）,ときわ食堂,35.718822,139.787506,point,入谷一丁目１番２号,台東区,入谷,1228,台東区 食品衛生営業施設一覧,951,浅草寺
飲食店,食べる,飲食店営業（一般・食堂）,入谷食堂,35.718441,139.788696,point,入谷二丁目１番４号,台東区,入谷,1320,台東区 食品衛生営業施設一覧,837,浅草寺
飲食店,食べる,飲食店営業（一般・食堂）,よしみ食堂,35.706093,139.772858,point,上野三丁目１８番６号,台東区,上野,1067,台東区 食品衛生営業施設一覧,282,アメヤ横丁
飲食店,食べる,飲食店営業（一般・食堂）,大衆肉割烹１０８食堂　上野御徒町店,35.706478,139.774002,point,上野三丁目２１番７号,台東区,上野,1015,台東区 食品衛生営業施設一覧,206,アメヤ横丁
飲食店,食べる,飲食店営業（一般・食堂）,ほぼ上野オスシマチ,35.706478,139.774002,point,上野三丁目２１番７号,台東区,上野,1015,台東区 食品衛生営業施設一覧,206,アメヤ横丁
飲食店,食べる,飲食店営業（一般・食堂）,炭火焼魚肉食堂　こがね屋　御徒町,35.706264,139.774292,point,上野三丁目２１番１０号,台東区,上野,1038,台東区 食品衛生営業施設一覧,227,アメヤ横丁
飲食店,食べる,飲食店営業（一般・食堂）,吉池食堂,35.707405,139.77446,point,上野三丁目２７番１２号,台東区,上野,911,台東区 食品衛生営業施設一覧,100,アメヤ横丁
飲食店,食べる,飲食店営業（一般・食堂）,ハンバーグ・ステーキ食堂　クラウゾ,35.708054,139.7742,point,上野四丁目１番３号,台東区,上野,840,台東区 食品衛生営業施設一覧,33,アメヤ横丁
飲食店,食べる,飲食店営業（一般・食堂）,みなとや,35.708328,139.774658,point,上野四丁目１番９号,台東区,上野,809,台東区 食品衛生営業施設一覧,24,アメヤ横丁
飲食店,食べる,飲食店営業（一般・食堂）,ＫＵＲＡＵＺＯ,35.708904,139.774612,point,上野四丁目６番１０号,台東区,上野,745,台東区 食品衛生営業施設一覧,70,アメヤ横丁
飲食店,食べる,飲食店営業（一般・食堂）,大戸屋　御徒町南口店,35.706688,139.775055,point,上野五丁目２１番８号,台東区,上野,992,台東区 食品衛生営業施設一覧,189,アメヤ横丁
飲食店,食べる,飲食店営業（一般・食堂）,出前館やっき,35.709553,139.775513,point,上野六丁目８番７号,台東区,上野,679,台東区 食品衛生営業施設一覧,172,アメヤ横丁
飲食店,食べる,飲食店営業（一般・食堂）,東北王燻醤,35.709587,139.774704,point,上野六丁目１０番７号,台東区,上野,669,台東区 食品衛生営業施設一覧,146,アメヤ横丁
飲食店,食べる,飲食店営業（一般・食堂）,森の茶屋,35.710579,139.774796,point,上野六丁目１１番１９号,台東区,上野,559,台東区 食品衛生営業施設一覧,256,アメヤ横丁
飲食店,食べる,飲食店営業（一般・食堂）,創作キッチン　週５－ｓｙｕｕｇｏ－,35.710964,139.775085,point,上野六丁目１３番７号,台東区,上野,518,台東区 食品衛生営業施設一覧,303,アメヤ横丁
飲食店,食べる,飲食店営業（一般・食堂）,おにやんま　エキュート上野店,35.713696,139.776917,point,上野七丁目１番１号,台東区,上野,304,台東区 食品衛生営業施設一覧,369,上野公園
飲食店,食べる,飲食店営業（一般・食堂）,手打ちうどん・定食　さらり,35.7159,139.780472,point,上野七丁目１２番１１号,台東区,上野,540,台東区 食品衛生営業施設一覧,641,上野公園
飲食店,食べる,飲食店営業（一般・食堂）,株式会社　精養軒　上野営業所（宴会）,35.713875,139.772797,point,上野公園４番５８号,台東区,上野公園,246,台東区 食品衛生営業施設一覧,176,上野公園
飲食店,食べる,飲食店営業（一般・食堂）,小松売店,35.715878,139.772903,point,上野公園９番８３号,台東区,上野公園,147,台東区 食品衛生営業施設一覧,71,上野公園
飲食店,食べる,飲食店営業（一般・食堂）,有限会社　キャッスル,35.719269,139.772217,point,上野公園１２番８号,台東区,上野公園,457,台東区 食品衛生営業施設一覧,445,上野公園
飲食店,食べる,飲食店営業（一般・食堂）,地蔵庵,35.722008,139.773392,point,上野桜木二丁目６番４号,台東区,上野桜木,720,台東区 食品衛生営業施設一覧,737,上野公園
飲食店,食べる,飲食店営業（一般・食堂）,洋食　はぎわら,35.710197,139.794388,point,雷門一丁目１２番１２号,台東区,雷門,1893,台東区 食品衛生営業施設一覧,219,雷門
飲食店,食べる,飲食店営業（一般・食堂）,ＴＳＵＮＡＧＵ食堂,35.710026,139.795197,point,雷門二丁目１４番１号,台東区,雷門,1969,台東区 食品衛生営業施設一覧,161,雷門
飲食店,食べる,飲食店営業（一般・食堂）,かくれんぼ,35.716965,139.781982,point,北上野一丁目８番２号,台東区,北上野,692,台東区 食品衛生営業施設一覧,795,上野公園
飲食店,食べる,飲食店営業（一般・食堂）,焼き魚　あら川,35.724735,139.801743,point,清川一丁目１８番１３号,台東区,清川,2661,台東区 食品衛生営業施設一覧,1201,浅草寺
飲食店,食べる,飲食店営業（一般・食堂）,ジョーカーズ,35.726139,139.804855,point,清川一丁目２８番７号,台東区,清川,2980,台東区 食品衛生営業施設一覧,1465,浅草寺
飲食店,食べる,飲食店営業（一般・食堂）,食事処　みよ,35.726177,139.803192,point,清川一丁目３１番８号,台東区,清川,2845,台東区 食品衛生営業施設一覧,1400,浅草寺
飲食店,食べる,飲食店営業（一般・食堂）,越後屋,35.726353,139.804184,point,清川二丁目１番５号,台東区,清川,2934,台東区 食品衛生営業施設一覧,1457,浅草寺
飲食店,食べる,飲食店営業（一般・食堂）,ごはんやｃａｆｅ　膳菜,35.701168,139.789581,point,蔵前一丁目７番１０号,台東区,蔵前,2105,台東区 食品衛生営業施設一覧,1249,雷門
飲食店,食べる,飲食店営業（一般・食堂）,樅（もみ）,35.702599,139.79039,point,蔵前二丁目４番３号,台東区,蔵前,2037,台東区 食品衛生営業施設一覧,1075,雷門
飲食店,食べる,飲食店営業（一般・食堂）,やよい軒蔵前店,35.703598,139.791565,point,蔵前二丁目６番４号,台東区,蔵前,2038,台東区 食品衛生営業施設一覧,925,雷門
飲食店,食べる,飲食店営業（一般・食堂）,ほっこりごはん　くぼやん,35.704899,139.793671,point,蔵前二丁目１８番８号,台東区,蔵前,2100,台東区 食品衛生営業施設一覧,711,雷門
飲食店,食べる,飲食店営業（一般・食堂）,壱角家　蔵前店,35.704063,139.791718,point,蔵前三丁目１２番１０号,台東区,蔵前,2016,台東区 食品衛生営業施設一覧,874,雷門
飲食店,食べる,飲食店営業（一般・食堂）,海鮮丼　ころ九,35.704597,139.789871,point,蔵前四丁目２０番７号,台東区,蔵前,1850,台東区 食品衛生営業施設一覧,925,雷門
飲食店,食べる,飲食店営業（一般・食堂）,しがし屋,35.706264,139.790283,point,寿一丁目１番２号,台東区,寿,1763,台東区 食品衛生営業施設一覧,768,雷門
飲食店,食べる,飲食店営業（一般・食堂）,とろけるハンバーグ福よし　浅草蔵前店,35.707176,139.790741,point,寿一丁目６番７号,台東区,寿,1740,台東区 食品衛生営業施設一覧,672,雷門
飲食店,食べる,飲食店営業（一般・食堂）,タイ料理　ガパオ,35.706898,139.793106,point,寿三丁目１５番２号,台東区,寿,1939,台東区 食品衛生営業施設一覧,542,雷門
飲食店,食べる,飲食店営業（一般・食堂）,やよい軒浅草田原町店,35.708931,139.791504,point,寿四丁目７番７号,台東区,寿,1705,台東区 食品衛生営業施設一覧,513,雷門
飲食店,食べる,飲食店営業（一般・食堂）,伊勢龍,35.707191,139.793747,point,駒形一丁目５番６号,台東区,駒形,1973,台東区 食品衛生営業施設一覧,482,雷門
飲食店,食べる,飲食店営業（一般・食堂）,京都銀ゆば　浅草蔵前店,35.705769,139.794067,point,駒形二丁目４番６号,台東区,駒形,2078,台東区 食品衛生営業施設一覧,608,雷門
飲食店,食べる,飲食店営業（一般・食堂）,いらっしゃい,35.720398,139.781677,point,下谷一丁目１３番１０号,台東区,下谷,839,台東区 食品衛生営業施設一覧,933,上野公園
飲食店,食べる,飲食店営業（一般・食堂）,ホシのキッチン,35.72171,139.789505,point,千束二丁目２８番６号,台東区,千束,1515,台東区 食品衛生営業施設一覧,1016,浅草寺
飲食店,食べる,飲食店営業（一般・食堂）,レストラン　幸鶴,35.723766,139.794769,point,千束四丁目３１番４号,台東区,千束,2043,台東区 食品衛生営業施設一覧,1022,浅草寺
飲食店,食べる,飲食店営業（一般・食堂）,佳照庵,35.702785,139.779633,point,台東二丁目３番７号,台東区,台東,1498,台東区 食品衛生営業施設一覧,774,アメヤ横丁
飲食店,食べる,飲食店営業（一般・食堂）,たまねぎ本舗さすらい屋,35.702599,139.778076,point,台東二丁目５番３号,台東区,台東,1481,台東区 食品衛生営業施設一覧,716,アメヤ横丁
飲食店,食べる,飲食店営業（一般・食堂）,Ｗａｇｙｕ（Ｈａｌａｌ）　Ｂｕｒｇｅｒ－Ｓｔｅａｋ＆Ｒａｍｅｎ－Ｓｕｋｉｙａｋｉ　Ｇｏｄａｉｍｅ　Ｗａｇｙｕ　Ｔｏｋｙｏ　ＡｋｉｈａｂａｒａＵｅｎｏ　Ｒｅｓｔａｕｒａｎｔ,35.702599,139.778076,point,台東二丁目５番３号,台東区,台東,1481,台東区 食品衛生営業施設一覧,716,アメヤ横丁
飲食店,食べる,飲食店営業（一般・食堂）,御徒町　小町食堂,35.704262,139.77626,point,台東三丁目１５番１号,台東区,台東,1271,台東区 食品衛生営業施設一覧,479,アメヤ横丁
飲食店,食べる,飲食店営業（一般・食堂）,Ｒｉｖｅｒ　ｗｉｎｄ,35.705059,139.776825,point,台東三丁目１７番６号,台東区,台東,1191,台東区 食品衛生営業施設一覧,422,アメヤ横丁
飲食店,食べる,飲食店営業（一般・食堂）,イルカ,35.705132,139.776459,point,台東三丁目４１番２号,台東区,台東,1177,台東区 食品衛生営業施設一覧,398,アメヤ横丁
飲食店,食べる,飲食店営業（一般・食堂）,元祖　豚丼屋　ＴＯＮＴＯＮ　御徒町店,35.707314,139.778381,point,台東四丁目２９番１０号,台東区,台東,986,台東区 食品衛生営業施設一覧,376,アメヤ横丁
飲食店,食べる,飲食店営業（一般・食堂）,ＨＡＬＡＬ　ＷＡＧＹＵ　ＳＵＫＩＹＡＫＩ　浅草店,35.710526,139.791306,point,西浅草一丁目１番１３号,台東区,西浅草,1619,台東区 食品衛生営業施設一覧,488,雷門
飲食店,食べる,飲食店営業（一般・食堂）,藤福,35.71188,139.790985,point,西浅草二丁目２番１号,台東区,西浅草,1545,台東区 食品衛生営業施設一覧,507,仲見世通り
飲食店,食べる,飲食店営業（一般・食堂）,越後家,35.715286,139.790909,point,西浅草三丁目１４番８号,台東区,西浅草,1482,台東区 食品衛生営業施設一覧,531,浅草寺
飲食店,食べる,飲食店営業（一般・食堂）,レストラン　シャトレ,35.725559,139.799484,point,日本堤一丁目３番２号,台東区,日本堤,2513,台東区 食品衛生営業施設一覧,1230,浅草寺
飲食店,食べる,飲食店営業（一般・食堂）,華学園　華調理製菓専門学校　６号館４階　　総合調理室,35.720577,139.779846,point,根岸一丁目１番１２号,台東区,根岸,734,台東区 食品衛生営業施設一覧,820,上野公園
飲食店,食べる,飲食店営業（一般・食堂）,食事処　こもれび,35.724251,139.777832,point,根岸二丁目１３番１３号,台東区,根岸,1008,台東区 食品衛生営業施設一覧,1064,上野公園
飲食店,食べる,飲食店営業（一般・食堂）,ＫＩＷＡＭＩ　ＥＸＰＲＥＳＳ,35.724407,139.778671,point,根岸二丁目１６番１１号,台東区,根岸,1049,台東区 食品衛生営業施設一覧,1111,上野公園
飲食店,食べる,飲食店営業（一般・食堂）,温気瑠　大野,35.726097,139.775131,point,根岸二丁目２０番１０号,台東区,根岸,1169,台東区 食品衛生営業施設一覧,1202,上野公園
飲食店,食べる,飲食店営業（一般・食堂）,レストラン香味屋,35.724102,139.783554,point,根岸三丁目１８番１８号,台東区,根岸,1250,台東区 食品衛生営業施設一覧,1334,上野公園
飲食店,食べる,飲食店営業（一般・食堂）,ＴａＲｉＴｏ,35.723812,139.78392,point,根岸三丁目１８番２１号,台東区,根岸,1248,台東区 食品衛生営業施設一覧,1335,上野公園
飲食店,食べる,飲食店営業（一般・食堂）,ステーキ定谷,35.724876,139.783691,point,根岸四丁目３番２号,台東区,根岸,1324,台東区 食品衛生営業施設一覧,1406,上野公園
飲食店,食べる,飲食店営業（一般・食堂）,やよい軒　三ノ輪店,35.730965,139.791992,point,根岸五丁目２４番８号,台東区,根岸,2326,台東区 食品衛生営業施設一覧,1857,浅草寺
飲食店,食べる,飲食店営業（一般・食堂）,わたなべ食堂,35.725868,139.806488,point,橋場一丁目３３番９号,台東区,橋場,3105,台東区 食品衛生営業施設一覧,1520,浅草寺
飲食店,食べる,飲食店営業（一般・食堂）,６６ＤＩＮＩＮＧ六本木六丁目食堂浅草ＥＫＩＭＩＳＥ店,35.71122,139.797836,point,花川戸一丁目４番１号,台東区,花川戸,2162,台東区 食品衛生営業施設一覧,113,雷門
飲食店,食べる,飲食店営業（一般・食堂）,彩,35.714382,139.800354,point,花川戸二丁目１１番１５号,台東区,花川戸,2338,台東区 食品衛生営業施設一覧,328,浅草寺
飲食店,食べる,飲食店営業（一般・食堂）,ＲＡＮＴＩＳＢＯＨＹＡ,35.714962,139.801453,point,花川戸二丁目１６番１１号,台東区,花川戸,2434,台東区 食品衛生営業施設一覧,425,浅草寺
飲食店,食べる,飲食店営業（一般・食堂）,音楽喫茶　銀河ＪＯＹ,35.708481,139.779648,point,東上野一丁目２４番５号,台東区,東上野,918,台東区 食品衛生営業施設一覧,474,アメヤ横丁
飲食店,食べる,飲食店営業（一般・食堂）,釜山食堂,35.709724,139.77739,point,東上野二丁目１５番７号,台東区,東上野,704,台東区 食品衛生営業施設一覧,313,アメヤ横丁
飲食店,食べる,飲食店営業（一般・食堂）,やよい軒　東上野店,35.711723,139.779465,point,東上野三丁目３７番９号,台東区,東上野,622,台東区 食品衛生営業施設一覧,595,アメヤ横丁
飲食店,食べる,飲食店営業（一般・食堂）,アンドラ,35.713623,139.781281,point,東上野五丁目１３番７号,台東区,東上野,650,台東区 食品衛生営業施設一覧,738,上野公園
飲食店,食べる,飲食店営業（一般・食堂）,ネパール・インドレストラン　セワ,35.718567,139.787598,point,松が谷四丁目２７番１６号,台東区,松が谷,1228,台東区 食品衛生営業施設一覧,930,浅草寺
飲食店,食べる,飲食店営業（一般・食堂）,和心中式食堂,35.728924,139.791595,point,三ノ輪一丁目２８番２号,台東区,三ノ輪,2139,台東区 食品衛生営業施設一覧,1647,浅草寺
飲食店,食べる,飲食店営業（一般・食堂）,八代目傳左衛門めし屋,35.721413,139.77066,point,谷中六丁目１番２７号,台東区,谷中,733,台東区 食品衛生営業施設一覧,715,上野公園
飲食店,食べる,飲食店営業（一般・食堂）,山本肉炭,35.696552,139.786591,point,柳橋一丁目５番７号,台東区,柳橋,2383,台東区 食品衛生営業施設一覧,1708,アメヤ横丁
飲食店,食べる,飲食店営業（一般・食堂）,歩゜里,35.697937,139.788742,point,柳橋二丁目３番８号,台東区,柳橋,2348,台東区 食品衛生営業施設一覧,1601,雷門
飲食店,食べる,飲食店営業（一般・食堂）,Ｏｙｓｔｅｒ　Ｌｏｖｅｒｓ　Ｇａｎｇ,35.699551,139.787918,point,柳橋二丁目１４番４号,台東区,柳橋,2157,台東区 食品衛生営業施設一覧,1481,雷門
飲食店,食べる,飲食店営業（一般・食堂）,ＰＩＮＴＯ,35.699551,139.787918,point,柳橋二丁目１４番４号,台東区,柳橋,2157,台東区 食品衛生営業施設一覧,1481,雷門
飲食店,食べる,飲食店営業（一般・食堂）,早稲田文化館　カフェテリア,35.698944,139.789017,point,柳橋二丁目１８番９号,台東区,柳橋,2269,台東区 食品衛生営業施設一覧,1490,雷門
飲食店,食べる,飲食店営業（一般・食堂）,ツインツリー,35.724087,139.787338,point,竜泉一丁目２７番５号,台東区,竜泉,1495,台東区 食品衛生営業施設一覧,1344,浅草寺
飲食店,食べる,飲食店営業（一般・食堂）,小川や食堂,35.724586,139.787735,point,竜泉一丁目２９番４号,台東区,竜泉,1558,台東区 食品衛生営業施設一覧,1366,浅草寺
飲食店,食べる,飲食店営業（一般・中華料理）,和合餃子,35.702267,139.77478,point,秋葉原３番７号,台東区,秋葉原,1483,台東区 食品衛生営業施設一覧,672,アメヤ横丁
飲食店,食べる,飲食店営業（一般・中華料理）,王牌厨房,35.711246,139.794495,point,浅草一丁目５番１号,台東区,浅草,1869,台東区 食品衛生営業施設一覧,203,仲見世通り
飲食店,食べる,飲食店営業（一般・中華料理）,浅草坦々亭,35.711426,139.793686,point,浅草一丁目７番６号,台東区,浅草,1793,台東区 食品衛生営業施設一覧,268,仲見世通り
飲食店,食べる,飲食店営業（一般・中華料理）,博雅,35.711647,139.793854,point,浅草一丁目１５番２号,台東区,浅草,1802,台東区 食品衛生営業施設一覧,250,仲見世通り
飲食店,食べる,飲食店営業（一般・中華料理）,大吉麻辣湯,35.71162,139.794647,point,浅草一丁目１６番１１号,台東区,浅草,1872,台東区 食品衛生営業施設一覧,179,仲見世通り
飲食店,食べる,飲食店営業（一般・中華料理）,中華食堂　一番館　浅草ＲＯＸ前店,35.71249,139.793015,point,浅草一丁目２５番１号,台東区,浅草,1707,台東区 食品衛生営業施設一覧,330,仲見世通り
飲食店,食べる,飲食店営業（一般・中華料理）,浅草タイガー,35.712662,139.793106,point,浅草一丁目２５番１７号,台東区,浅草,1711,台東区 食品衛生営業施設一覧,327,仲見世通り
飲食店,食べる,飲食店営業（一般・中華料理）,餃子の王さま,35.712143,139.795639,point,浅草一丁目３０番８号,台東区,浅草,1947,台東区 食品衛生営業施設一覧,91,仲見世通り
飲食店,食べる,飲食店営業（一般・中華料理）,江戸豊,35.712166,139.796616,point,浅草一丁目３２番６号,台東区,浅草,2033,台東区 食品衛生営業施設一覧,30,仲見世通り
飲食店,食べる,飲食店営業（一般・中華料理）,中華料理　康楽,35.713402,139.793686,point,浅草二丁目４番５号,台東区,浅草,1749,台東区 食品衛生営業施設一覧,312,仲見世通り
飲食店,食べる,飲食店営業（一般・中華料理）,居酒屋　全品３００円や,35.713596,139.793793,point,浅草二丁目５番３号,台東区,浅草,1756,台東区 食品衛生営業施設一覧,295,浅草寺
飲食店,食べる,飲食店営業（一般・中華料理）,北海道らーめん　なまら,35.714573,139.794113,point,浅草二丁目７番１３号,台東区,浅草,1774,台東区 食品衛生営業施設一覧,239,浅草寺
飲食店,食べる,飲食店営業（一般・中華料理）,宝来,35.714573,139.794113,point,浅草二丁目７番１３号,台東区,浅草,1774,台東区 食品衛生営業施設一覧,239,浅草寺
飲食店,食べる,飲食店営業（一般・中華料理）,日進,35.715588,139.793716,point,浅草二丁目１５番３号,台東区,浅草,1735,台東区 食品衛生営業施設一覧,290,浅草寺
飲食店,食べる,飲食店営業（一般・中華料理）,浅草中華そば　わたなべ,35.715611,139.794067,point,浅草二丁目１５番７号,台東区,浅草,1767,台東区 食品衛生営業施設一覧,262,浅草寺
飲食店,食べる,飲食店営業（一般・中華料理）,中華料理　青山,35.716019,139.793259,point,浅草二丁目１７番４号,台東区,浅草,1694,台東区 食品衛生営業施設一覧,347,浅草寺
飲食店,食べる,飲食店営業（一般・中華料理）,中国料理　華春楼,35.717003,139.793442,point,浅草二丁目２０番８号,台東区,浅草,1717,台東区 食品衛生営業施設一覧,392,浅草寺
飲食店,食べる,飲食店営業（一般・中華料理）,晴々居酒屋,35.716312,139.793945,point,浅草二丁目２３番４号,台東区,浅草,1757,台東区 食品衛生営業施設一覧,309,浅草寺
飲食店,食べる,飲食店営業（一般・中華料理）,新楽園,35.715084,139.795425,point,浅草二丁目２９番２号,台東区,浅草,1890,台東区 食品衛生営業施設一覧,126,浅草寺
飲食店,食べる,飲食店営業（一般・中華料理）,龍王,35.716896,139.795486,point,浅草三丁目７番４号,台東区,浅草,1900,台東区 食品衛生営業施設一覧,268,浅草寺
飲食店,食べる,飲食店営業（一般・中華料理）,中華料理　あさひ,35.717609,139.796677,point,浅草三丁目３３番６号,台東区,浅草,2015,台東区 食品衛生営業施設一覧,321,浅草寺
飲食店,食べる,飲食店営業（一般・中華料理）,中華　カド,35.718773,139.792938,point,浅草四丁目２５番５号,台東区,浅草,1702,台東区 食品衛生営業施設一覧,567,浅草寺
飲食店,食べる,飲食店営業（一般・中華料理）,珠玉,35.71946,139.796951,point,浅草五丁目６番２号,台東区,浅草,2072,台東区 食品衛生営業施設一覧,527,浅草寺
飲食店,食べる,飲食店営業（一般・中華料理）,楽番,35.719955,139.795441,point,浅草五丁目９番４号,台東区,浅草,1952,台東区 食品衛生営業施設一覧,594,浅草寺
飲食店,食べる,飲食店営業（一般・中華料理）,末っ子,35.720444,139.795609,point,浅草五丁目１７番８号,台東区,浅草,1980,台東区 食品衛生営業施設一覧,645,浅草寺
飲食店,食べる,飲食店営業（一般・中華料理）,上海料理　広華,35.721573,139.796631,point,浅草五丁目３６番７号,台東区,浅草,2105,台東区 食品衛生営業施設一覧,762,浅草寺
飲食店,食べる,飲食店営業（一般・中華料理）,孫二娘,35.721352,139.797012,point,浅草五丁目５３番２号,台東区,浅草,2131,台東区 食品衛生営業施設一覧,738,浅草寺
飲食店,食べる,飲食店営業（一般・中華料理）,やよい,35.722336,139.79715,point,浅草五丁目６０番１号,台東区,浅草,2178,台東区 食品衛生営業施設一覧,848,浅草寺
飲食店,食べる,飲食店営業（一般・中華料理）,浅草製?所,35.715862,139.79921,point,浅草六丁目９番４号,台東区,浅草,2231,台東区 食品衛生営業施設一覧,256,浅草寺
飲食店,食べる,飲食店営業（一般・中華料理）,牛門ラーメン　浅草店,35.716732,139.799088,point,浅草六丁目１２番５号,台東区,浅草,2223,台東区 食品衛生営業施設一覧,308,浅草寺
飲食店,食べる,飲食店営業（一般・中華料理）,味噌一,35.718765,139.801743,point,浅草六丁目３６番１７号,台東区,浅草,2485,台東区 食品衛生営業施設一覧,637,浅草寺
飲食店,食べる,飲食店営業（一般・中華料理）,繁花　上海の蔵,35.718784,139.800201,point,浅草六丁目３９番１号,台東区,浅草,2347,台東区 食品衛生営業施設一覧,549,浅草寺
飲食店,食べる,飲食店営業（一般・中華料理）,海港美食,35.697254,139.784912,point,浅草橋一丁目１０番８号,台東区,浅草橋,2246,台東区 食品衛生営業施設一覧,1552,アメヤ横丁
飲食店,食べる,飲食店営業（一般・中華料理）,餃子の王将　浅草橋駅前店,35.697563,139.783218,point,浅草橋一丁目１４番６号,台東区,浅草橋,2155,台東区 食品衛生営業施設一覧,1435,アメヤ横丁
飲食店,食べる,飲食店営業（一般・中華料理）,朝天門,35.69772,139.786316,point,浅草橋一丁目１８番９号,台東区,浅草橋,2256,台東区 食品衛生営業施設一覧,1594,アメヤ横丁
飲食店,食べる,飲食店営業（一般・中華料理）,楊國福マーラータン,35.697613,139.78624,point,浅草橋一丁目１８番１０号,台東区,浅草橋,2264,台東区 食品衛生営業施設一覧,1598,アメヤ横丁
飲食店,食べる,飲食店営業（一般・中華料理）,東僑飯店,35.69775,139.785416,point,浅草橋一丁目２０番７号,台東区,浅草橋,2216,台東区 食品衛生営業施設一覧,1538,アメヤ横丁
飲食店,食べる,飲食店営業（一般・中華料理）,唐福,35.697498,139.784988,point,浅草橋一丁目２１番１号,台東区,浅草橋,2224,台東区 食品衛生営業施設一覧,1535,アメヤ横丁
飲食店,食べる,飲食店営業（一般・中華料理）,桃源郷,35.69751,139.784805,point,浅草橋一丁目２１番２号,台東区,浅草橋,2216,台東区 食品衛生営業施設一覧,1524,アメヤ横丁
飲食店,食べる,飲食店営業（一般・中華料理）,来々軒,35.697594,139.783752,point,浅草橋一丁目２３番２号,台東区,浅草橋,2169,台東区 食品衛生営業施設一覧,1460,アメヤ横丁
飲食店,食べる,飲食店営業（一般・中華料理）,四川食堂　ＫＡＲｙｕ,35.697681,139.783524,point,浅草橋一丁目２３番４号,台東区,浅草橋,2153,台東区 食品衛生営業施設一覧,1440,アメヤ横丁
飲食店,食べる,飲食店営業（一般・中華料理）,開口笑炒飯,35.697681,139.783524,point,浅草橋一丁目２３番４号,台東区,浅草橋,2153,台東区 食品衛生営業施設一覧,1440,アメヤ横丁
飲食店,食べる,飲食店営業（一般・中華料理）,ＭＡＧＯＫＯＲＯ　ＤＩＮＩＮＧ　浅草橋,35.698002,139.783951,point,浅草橋一丁目２６番１号,台東区,浅草橋,2135,台東区 食品衛生営業施設一覧,1434,アメヤ横丁
飲食店,食べる,飲食店営業（一般・中華料理）,浅草橋　川の味,35.698254,139.785309,point,浅草橋一丁目２８番６号,台東区,浅草橋,2162,台東区 食品衛生営業施設一覧,1489,アメヤ横丁
飲食店,食べる,飲食店営業（一般・中華料理）,中国菜　仁,35.69849,139.784775,point,浅草橋一丁目３３番３号,台東区,浅草橋,2117,台東区 食品衛生営業施設一覧,1438,アメヤ横丁
飲食店,食べる,飲食店営業（一般・中華料理）,水新菜館,35.698559,139.786774,point,浅草橋二丁目１番１号,台東区,浅草橋,2195,台東区 食品衛生営業施設一覧,1556,アメヤ横丁
飲食店,食べる,飲食店営業（一般・中華料理）,食楽,35.699692,139.78476,point,浅草橋二丁目１６番８号,台東区,浅草橋,1997,台東区 食品衛生営業施設一覧,1338,アメヤ横丁
飲食店,食べる,飲食店営業（一般・中華料理）,大勝軒,35.700058,139.786865,point,浅草橋二丁目２８番１０号,台東区,浅草橋,2057,台東区 食品衛生営業施設一覧,1451,アメヤ横丁
飲食店,食べる,飲食店営業（一般・中華料理）,中華料理　龍園,35.700069,139.78743,point,浅草橋三丁目１番３号,台東区,浅草橋,2085,台東区 食品衛生営業施設一覧,1458,雷門
飲食店,食べる,飲食店営業（一般・中華料理）,上海ブラッセリー,35.69812,139.781021,point,浅草橋四丁目７番２号,台東区,浅草橋,2031,台東区 食品衛生営業施設一覧,1280,アメヤ横丁
飲食店,食べる,飲食店営業（一般・中華料理）,みなと亭,35.698574,139.782181,point,浅草橋四丁目１２番６号,台東区,浅草橋,2016,台東区 食品衛生営業施設一覧,1290,アメヤ横丁
飲食店,食べる,飲食店営業（一般・中華料理）,江南,35.699078,139.780472,point,浅草橋四丁目１６番６号,台東区,浅草橋,1915,台東区 食品衛生営業施設一覧,1163,アメヤ横丁
飲食店,食べる,飲食店営業（一般・中華料理）,番茄妹,35.699078,139.780472,point,浅草橋四丁目１６番６号,台東区,浅草橋,1915,台東区 食品衛生営業施設一覧,1163,アメヤ横丁
飲食店,食べる,飲食店営業（一般・中華料理）,桜坊,35.698952,139.782211,point,浅草橋四丁目１９番７号,台東区,浅草橋,1978,台東区 食品衛生営業施設一覧,1256,アメヤ横丁
飲食店,食べる,飲食店営業（一般・中華料理）,雅亭　食彩云南,35.708813,139.769638,point,池之端一丁目１番１号,台東区,池之端,873,台東区 食品衛生営業施設一覧,434,アメヤ横丁
飲食店,食べる,飲食店営業（一般・中華料理）,中国料理　ルーキスガーデン　（ＬＵＣＩＳ　ＧＡＲＤＥＮ）,35.710407,139.768585,point,池之端一丁目４番１号,台東区,池之端,787,台東区 食品衛生営業施設一覧,575,アメヤ横丁
飲食店,食べる,飲食店営業（一般・中華料理）,池之端　松島,35.715878,139.766342,point,池之端二丁目７番５号,台東区,池之端,737,台東区 食品衛生営業施設一覧,640,上野公園
飲食店,食べる,飲食店営業（一般・中華料理）,日増屋,35.716297,139.766571,point,池之端二丁目７番１４号,台東区,池之端,720,台東区 食品衛生営業施設一覧,625,上野公園
飲食店,食べる,飲食店営業（一般・中華料理）,美華,35.718391,139.766907,point,池之端四丁目２５番１１号,台東区,池之端,752,台東区 食品衛生営業施設一覧,675,上野公園
飲食店,食べる,飲食店営業（一般・中華料理）,北京福屋,35.722744,139.804672,point,今戸二丁目３３番７号,台東区,今戸,2837,台東区 食品衛生営業施設一覧,1143,浅草寺
飲食店,食べる,飲食店営業（一般・中華料理）,栄龍,35.721333,139.785629,point,入谷一丁目２６番１号,台東区,入谷,1190,台東区 食品衛生営業施設一覧,1244,浅草寺
飲食店,食べる,飲食店営業（一般・中華料理）,入谷大勝軒,35.719578,139.787689,point,入谷二丁目１５番４号,台東区,入谷,1270,台東区 食品衛生営業施設一覧,980,浅草寺
飲食店,食べる,飲食店営業（一般・中華料理）,龍艶閣,35.721874,139.789246,point,入谷二丁目３０番８号,台東区,入谷,1503,台東区 食品衛生営業施設一覧,1045,浅草寺
飲食店,食べる,飲食店営業（一般・中華料理）,中華料理　　福錦,35.705349,139.769989,point,上野一丁目５番３号,台東区,上野,1210,台東区 食品衛生営業施設一覧,516,アメヤ横丁
飲食店,食べる,飲食店営業（一般・中華料理）,登龍閣,35.706158,139.771896,point,上野一丁目１０番１０号,台東区,上野,1076,台東区 食品衛生営業施設一覧,328,アメヤ横丁
飲食店,食べる,飲食店営業（一般・中華料理）,味坊鉄鍋荘,35.70636,139.770966,point,上野一丁目１２番９号,台東区,上野,1076,台東区 食品衛生営業施設一覧,378,アメヤ横丁
飲食店,食べる,飲食店営業（一般・中華料理）,玖玖老火鍋,35.707226,139.771317,point,上野一丁目１６番１６号,台東区,上野,974,台東区 食品衛生営業施設一覧,303,アメヤ横丁
飲食店,食べる,飲食店営業（一般・中華料理）,羊不同,35.707287,139.772476,point,上野一丁目２０番１号,台東区,上野,942,台東区 食品衛生営業施設一覧,207,アメヤ横丁
飲食店,食べる,飲食店営業（一般・中華料理）,唇辣道,35.708267,139.772949,point,上野二丁目１番９号,台東区,上野,827,台東区 食品衛生営業施設一覧,131,アメヤ横丁
飲食店,食べる,飲食店営業（一般・中華料理）,煮?官,35.708267,139.772949,point,上野二丁目１番９号,台東区,上野,827,台東区 食品衛生営業施設一覧,131,アメヤ横丁
飲食店,食べる,飲食店営業（一般・中華料理）,好上頭,35.708267,139.772949,point,上野二丁目１番９号,台東区,上野,827,台東区 食品衛生営業施設一覧,131,アメヤ横丁
飲食店,食べる,飲食店営業（一般・中華料理）,玖玖老火鍋,35.708267,139.772949,point,上野二丁目１番９号,台東区,上野,827,台東区 食品衛生営業施設一覧,131,アメヤ横丁
飲食店,食べる,飲食店営業（一般・中華料理）,四川本格火鍋専門店,35.708607,139.772446,point,上野二丁目６番４号,台東区,上野,799,台東区 食品衛生営業施設一覧,180,アメヤ横丁
飲食店,食べる,飲食店営業（一般・中華料理）,上海料理　再來宴,35.70927,139.772263,point,上野二丁目９番６号,台東区,上野,732,台東区 食品衛生営業施設一覧,221,アメヤ横丁
飲食店,食べる,飲食店営業（一般・中華料理）,五虎上将,35.708874,139.77005,point,上野二丁目１１番９号,台東区,上野,849,台東区 食品衛生営業施設一覧,398,アメヤ横丁
飲食店,食べる,飲食店営業（一般・中華料理）,大福源　湯島店,35.708874,139.77005,point,上野二丁目１１番９号,台東区,上野,849,台東区 食品衛生営業施設一覧,398,アメヤ横丁
飲食店,食べる,飲食店営業（一般・中華料理）,喜羊門　上野店,35.70956,139.773148,point,上野二丁目１２番１号,台東区,上野,683,台東区 食品衛生営業施設一覧,180,アメヤ横丁
飲食店,食べる,飲食店営業（一般・中華料理）,飄香居,35.70953,139.771652,point,上野二丁目１２番１５号,台東区,上野,722,台東区 食品衛生営業施設一覧,283,アメヤ横丁
飲食店,食べる,飲食店営業（一般・中華料理）,居酒屋　池前,35.70953,139.771652,point,上野二丁目１２番１５号,台東区,上野,722,台東区 食品衛生営業施設一覧,283,アメヤ横丁
飲食店,食べる,飲食店営業（一般・中華料理）,火鍋　真巴石,35.709709,139.772934,point,上野二丁目１２番２３号,台東区,上野,670,台東区 食品衛生営業施設一覧,205,アメヤ横丁
飲食店,食べる,飲食店営業（一般・中華料理）,ＳＡＩＮＵＵ　氷煮羊炉,35.709709,139.772934,point,上野二丁目１２番２３号,台東区,上野,670,台東区 食品衛生営業施設一覧,205,アメヤ横丁
飲食店,食べる,飲食店営業（一般・中華料理）,蓬莱閣,35.71088,139.773193,point,上野二丁目１４番２９号,台東区,上野,538,台東区 食品衛生営業施設一覧,307,アメヤ横丁
飲食店,食べる,飲食店営業（一般・中華料理）,望水楼,35.710747,139.773224,point,上野二丁目１４番３０号,台東区,上野,552,台東区 食品衛生営業施設一覧,292,アメヤ横丁
飲食店,食べる,飲食店営業（一般・中華料理）,麻辣大学,35.710613,139.773239,point,上野二丁目１４番３１号,台東区,上野,566,台東区 食品衛生営業施設一覧,278,アメヤ横丁
飲食店,食べる,飲食店営業（一般・中華料理）,四川史菜　　彩芳,35.703533,139.773438,point,上野三丁目３番１０号,台東区,上野,1345,台東区 食品衛生営業施設一覧,537,アメヤ横丁
飲食店,食べる,飲食店営業（一般・中華料理）,清華,35.703976,139.773926,point,上野三丁目５番１０号,台東区,上野,1294,台東区 食品衛生営業施設一覧,483,アメヤ横丁
飲食店,食べる,飲食店営業（一般・中華料理）,中国料理　福萬年,35.704441,139.773483,point,上野三丁目７番１号,台東区,上野,1244,台東区 食品衛生営業施設一覧,437,アメヤ横丁
飲食店,食べる,飲食店営業（一般・中華料理）,三源晟,35.705215,139.773331,point,上野三丁目１１番４号,台東区,上野,1160,台東区 食品衛生営業施設一覧,356,アメヤ横丁
飲食店,食べる,飲食店営業（一般・中華料理）,羊香味坊,35.705627,139.773666,point,上野三丁目１２番６号,台東区,上野,1112,台東区 食品衛生営業施設一覧,305,アメヤ横丁
飲食店,食べる,飲食店営業（一般・中華料理）,沙県小吃,35.705997,139.7724,point,上野三丁目１７番５号,台東区,上野,1085,台東区 食品衛生営業施設一覧,313,アメヤ横丁
飲食店,食べる,飲食店営業（一般・中華料理）,大福楼,35.70623,139.772537,point,上野三丁目１７番７号,台東区,上野,1057,台東区 食品衛生営業施設一覧,285,アメヤ横丁
飲食店,食べる,飲食店営業（一般・中華料理）,川蜀冒菜,35.706264,139.774292,point,上野三丁目２１番１０号,台東区,上野,1038,台東区 食品衛生営業施設一覧,227,アメヤ横丁
飲食店,食べる,飲食店営業（一般・中華料理）,楽福居,35.707684,139.774155,point,上野三丁目２７番７号,台東区,上野,881,台東区 食品衛生営業施設一覧,72,アメヤ横丁
飲食店,食べる,飲食店営業（一般・中華料理）,蘭の拾璞,35.707405,139.77446,point,上野三丁目２７番１２号,台東区,上野,911,台東区 食品衛生営業施設一覧,100,アメヤ横丁
飲食店,食べる,飲食店営業（一般・中華料理）,松坂屋　上野店　ＰＡＯＰＡＯ,35.707314,139.773682,point,上野三丁目２８番４号,台東区,上野,924,台東区 食品衛生営業施設一覧,127,アメヤ横丁
飲食店,食べる,飲食店営業（一般・中華料理）,珍寳海鮮舫,35.707577,139.773743,point,上野三丁目２８番６号,台東区,上野,895,台東区 食品衛生営業施設一覧,100,アメヤ横丁
飲食店,食べる,飲食店営業（一般・中華料理）,羊炭長上野本店,35.707577,139.773743,point,上野三丁目２８番６号,台東区,上野,895,台東区 食品衛生営業施設一覧,100,アメヤ横丁
飲食店,食べる,飲食店営業（一般・中華料理）,珍満,35.707718,139.774109,point,上野三丁目２８番１０号,台東区,上野,877,台東区 食品衛生営業施設一覧,70,アメヤ横丁
飲食店,食べる,飲食店営業（一般・中華料理）,羊貴妃羊湯館（ようきひ　やんたんかん）,35.708054,139.7742,point,上野四丁目１番３号,台東区,上野,840,台東区 食品衛生営業施設一覧,33,アメヤ横丁
飲食店,食べる,飲食店営業（一般・中華料理）,王さん私家菜,35.708496,139.774231,point,上野四丁目２番８号,台東区,上野,790,台東区 食品衛生営業施設一覧,27,アメヤ横丁
飲食店,食べる,飲食店営業（一般・中華料理）,凡姐老火鍋,35.708382,139.773865,point,上野四丁目３番８号,台東区,上野,805,台東区 食品衛生営業施設一覧,49,アメヤ横丁
飲食店,食べる,飲食店営業（一般・中華料理）,小河?川菜　上野店,35.708313,139.773361,point,上野四丁目４番４号,台東区,上野,817,台東区 食品衛生営業施設一覧,94,アメヤ横丁
飲食店,食べる,飲食店営業（一般・中華料理）,鼎上記,35.708447,139.773392,point,上野四丁目４番５号,台東区,上野,802,台東区 食品衛生営業施設一覧,92,アメヤ横丁
飲食店,食べる,飲食店営業（一般・中華料理）,何鮮菇,35.708447,139.773392,point,上野四丁目４番５号,台東区,上野,802,台東区 食品衛生営業施設一覧,92,アメヤ横丁
飲食店,食べる,飲食店営業（一般・中華料理）,盛興順鉄鍋?,35.708447,139.773392,point,上野四丁目４番５号,台東区,上野,802,台東区 食品衛生営業施設一覧,92,アメヤ横丁
飲食店,食べる,飲食店営業（一般・中華料理）,翠雲特製水煮魚,35.708447,139.773392,point,上野四丁目４番５号,台東区,上野,802,台東区 食品衛生営業施設一覧,92,アメヤ横丁
飲食店,食べる,飲食店営業（一般・中華料理）,九年食班,35.708447,139.773392,point,上野四丁目４番５号,台東区,上野,802,台東区 食品衛生営業施設一覧,92,アメヤ横丁
飲食店,食べる,飲食店営業（一般・中華料理）,粤港美食　上野店,35.708447,139.773392,point,上野四丁目４番５号,台東区,上野,802,台東区 食品衛生営業施設一覧,92,アメヤ横丁
飲食店,食べる,飲食店営業（一般・中華料理）,蛙吃傲美蛙肥腸魚,35.708447,139.773392,point,上野四丁目４番５号,台東区,上野,802,台東区 食品衛生営業施設一覧,92,アメヤ横丁
飲食店,食べる,飲食店営業（一般・中華料理）,香港飯店　上野店,35.708447,139.773392,point,上野四丁目４番５号,台東区,上野,802,台東区 食品衛生営業施設一覧,92,アメヤ横丁
飲食店,食べる,飲食店営業（一般・中華料理）,楼上重慶火鍋　上野店,35.708447,139.773392,point,上野四丁目４番５号,台東区,上野,802,台東区 食品衛生営業施設一覧,92,アメヤ横丁
飲食店,食べる,飲食店営業（一般・中華料理）,大鮮火鍋,35.708447,139.773392,point,上野四丁目４番５号,台東区,上野,802,台東区 食品衛生営業施設一覧,92,アメヤ横丁
飲食店,食べる,飲食店営業（一般・中華料理）,親愛的麻辣?,35.708447,139.773392,point,上野四丁目４番５号,台東区,上野,802,台東区 食品衛生営業施設一覧,92,アメヤ横丁
飲食店,食べる,飲食店営業（一般・中華料理）,撒椒小酒館,35.708599,139.773438,point,上野四丁目４番６号,台東区,上野,784,台東区 食品衛生営業施設一覧,93,アメヤ横丁
飲食店,食べる,飲食店営業（一般・中華料理）,ＴＯＰ,35.708599,139.773438,point,上野四丁目４番６号,台東区,上野,784,台東区 食品衛生営業施設一覧,93,アメヤ横丁
飲食店,食べる,飲食店営業（一般・中華料理）,天府李米線,35.708599,139.773438,point,上野四丁目４番６号,台東区,上野,784,台東区 食品衛生営業施設一覧,93,アメヤ横丁
飲食店,食べる,飲食店営業（一般・中華料理）,海龍宮重慶火鍋,35.70911,139.77356,point,上野四丁目５番６号,台東区,上野,727,台東区 食品衛生営業施設一覧,118,アメヤ横丁
飲食店,食べる,飲食店営業（一般・中華料理）,Ｊ．ＣＨＩＣＫＥＮ,35.709076,139.774002,point,上野四丁目５番９号,台東区,上野,727,台東区 食品衛生営業施設一覧,93,アメヤ横丁
飲食店,食べる,飲食店営業（一般・中華料理）,香港式お粥専門店　五千,35.70895,139.774155,point,上野四丁目６番７号,台東区,上野,740,台東区 食品衛生営業施設一覧,76,アメヤ横丁
飲食店,食べる,飲食店営業（一般・中華料理）,熊猫火鍋　上野店,35.708958,139.774414,point,上野四丁目６番９号,台東区,上野,739,台東区 食品衛生営業施設一覧,73,アメヤ横丁
飲食店,食べる,飲食店営業（一般・中華料理）,破店　上野店,35.708958,139.774414,point,上野四丁目６番９号,台東区,上野,739,台東区 食品衛生営業施設一覧,73,アメヤ横丁
飲食店,食べる,飲食店営業（一般・中華料理）,達磨焼鳥２号店,35.709705,139.774414,point,上野四丁目７番８号,台東区,上野,656,台東区 食品衛生営業施設一覧,156,アメヤ横丁
飲食店,食べる,飲食店営業（一般・中華料理）,四季香　上野店,35.709614,139.773682,point,上野四丁目８番６号,台東区,上野,670,台東区 食品衛生営業施設一覧,160,アメヤ横丁
飲食店,食べる,飲食店営業（一般・中華料理）,蓉城飯局,35.709614,139.773682,point,上野四丁目８番６号,台東区,上野,670,台東区 食品衛生営業施設一覧,160,アメヤ横丁
飲食店,食べる,飲食店営業（一般・中華料理）,牛魔王　牛肉麺,35.709881,139.773834,point,上野四丁目８番９号,台東区,上野,639,台東区 食品衛生営業施設一覧,183,アメヤ横丁
飲食店,食べる,飲食店営業（一般・中華料理）,譚鴨血（タン・ヤー・シェ）,35.710735,139.77417,point,上野四丁目１０番５号,台東区,上野,542,台東区 食品衛生営業施設一覧,272,アメヤ横丁
飲食店,食べる,飲食店営業（一般・中華料理）,味上湖南菜館,35.710735,139.77417,point,上野四丁目１０番５号,台東区,上野,542,台東区 食品衛生営業施設一覧,272,アメヤ横丁
飲食店,食べる,飲食店営業（一般・中華料理）,慶豊,35.705498,139.774277,point,上野五丁目１０番１１号,台東区,上野,1123,台東区 食品衛生営業施設一覧,312,アメヤ横丁
飲食店,食べる,飲食店営業（一般・中華料理）,老酒舗,35.705631,139.774307,point,上野五丁目１０番１２号,台東区,上野,1109,台東区 食品衛生営業施設一覧,297,アメヤ横丁
飲食店,食べる,飲食店営業（一般・中華料理）,マルヤス酒場　御徒町,35.705879,139.775024,point,上野五丁目１９番６号,台東区,上野,1082,台東区 食品衛生営業施設一覧,275,アメヤ横丁
飲食店,食べる,飲食店営業（一般・中華料理）,縁味屋,35.706379,139.775909,point,上野五丁目２３番１１号,台東区,上野,1033,台東区 食品衛生営業施設一覧,253,アメヤ横丁
飲食店,食べる,飲食店営業（一般・中華料理）,回転火鍋　なべ丸　上野本店,35.706879,139.775558,point,上野五丁目２５番１７号,台東区,上野,974,台東区 食品衛生営業施設一覧,189,アメヤ横丁
飲食店,食べる,飲食店営業（一般・中華料理）,大阪王将　御徒町駅前店,35.707539,139.775101,point,上野五丁目２６番８号,台東区,上野,898,台東区 食品衛生営業施設一覧,106,アメヤ横丁
飲食店,食べる,飲食店営業（一般・中華料理）,中国家常菜　　胡同１０１,35.708332,139.775421,point,上野六丁目２番６号,台東区,上野,812,台東区 食品衛生営業施設一覧,92,アメヤ横丁
飲食店,食べる,飲食店営業（一般・中華料理）,故郷味,35.708462,139.775421,point,上野六丁目２番７号,台東区,上野,798,台東区 食品衛生営業施設一覧,94,アメヤ横丁
飲食店,食べる,飲食店営業（一般・中華料理）,中華料理　大興,35.70808,139.775696,point,上野六丁目２番１４号,台東区,上野,843,台東区 食品衛生営業施設一覧,120,アメヤ横丁
飲食店,食べる,飲食店営業（一般・中華料理）,歳歳紅　上野店,35.708248,139.775345,point,上野六丁目３番１３号,台東区,上野,821,台東区 食品衛生営業施設一覧,86,アメヤ横丁
飲食店,食べる,飲食店営業（一般・中華料理）,２１００Ｋ冒鴨?肚　上野店,35.708248,139.775345,point,上野六丁目３番１３号,台東区,上野,821,台東区 食品衛生営業施設一覧,86,アメヤ横丁
飲食店,食べる,飲食店営業（一般・中華料理）,楊國福マーラータン,35.70813,139.77533,point,上野六丁目３番１４号,台東区,上野,834,台東区 食品衛生営業施設一覧,86,アメヤ横丁
飲食店,食べる,飲食店営業（一般・中華料理）,中国本場料理・飲茶　八仙宮,35.708652,139.775681,point,上野六丁目５番１号,台東区,上野,780,台東区 食品衛生営業施設一覧,122,アメヤ横丁
飲食店,食べる,飲食店営業（一般・中華料理）,馬さん餃子酒場　上野店,35.708961,139.775925,point,上野六丁目７番２号,台東区,上野,749,台東区 食品衛生営業施設一覧,156,アメヤ横丁
飲食店,食べる,飲食店営業（一般・中華料理）,新東洋,35.708977,139.774902,point,上野六丁目１０番２号,台東区,上野,737,台東区 食品衛生営業施設一覧,88,アメヤ横丁
飲食店,食べる,飲食店営業（一般・中華料理）,福楽,35.709587,139.774704,point,上野六丁目１０番７号,台東区,上野,669,台東区 食品衛生営業施設一覧,146,アメヤ横丁
飲食店,食べる,飲食店営業（一般・中華料理）,有限会社　昇龍,35.710354,139.774841,point,上野六丁目１０番１４号,台東区,上野,584,台東区 食品衛生営業施設一覧,232,アメヤ横丁
飲食店,食べる,飲食店営業（一般・中華料理）,京味居　北京料理,35.711098,139.774582,point,上野六丁目１１番７号,台東区,上野,501,台東区 食品衛生営業施設一覧,312,アメヤ横丁
飲食店,食べる,飲食店営業（一般・中華料理）,珍々軒,35.710499,139.774826,point,上野六丁目１２番２号,台東区,上野,568,台東区 食品衛生営業施設一覧,248,アメヤ横丁
飲食店,食べる,飲食店営業（一般・中華料理）,阿?,35.710541,139.775528,point,上野六丁目１３番１４号,台東区,上野,570,台東区 食品衛生営業施設一覧,269,アメヤ横丁
飲食店,食べる,飲食店営業（一般・中華料理）,中国飲茶　楼蘭,35.71014,139.776077,point,上野六丁目１６番２号,台東区,上野,624,台東区 食品衛生営業施設一覧,255,アメヤ横丁
飲食店,食べる,飲食店営業（一般・中華料理）,?頓香鉄鍋?,35.710651,139.776016,point,上野六丁目１６番７号,台東区,上野,567,台東区 食品衛生営業施設一覧,299,アメヤ横丁
飲食店,食べる,飲食店営業（一般・中華料理）,タコライス専門店,35.710651,139.776016,point,上野六丁目１６番７号,台東区,上野,567,台東区 食品衛生営業施設一覧,299,アメヤ横丁
飲食店,食べる,飲食店営業（一般・中華料理）,??盛宴,35.710651,139.776016,point,上野六丁目１６番７号,台東区,上野,567,台東区 食品衛生営業施設一覧,299,アメヤ横丁
飲食店,食べる,飲食店営業（一般・中華料理）,ヨナマウル,35.711121,139.776291,point,上野六丁目１６番１５号,台東区,上野,524,台東区 食品衛生営業施設一覧,357,アメヤ横丁
飲食店,食べる,飲食店営業（一般・中華料理）,李厨,35.71236,139.777695,point,上野七丁目３番２号,台東区,上野,462,台東区 食品衛生営業施設一覧,513,上野公園
飲食店,食べる,飲食店営業（一般・中華料理）,小龍坎火鍋上野店,35.71236,139.777695,point,上野七丁目３番２号,台東区,上野,462,台東区 食品衛生営業施設一覧,513,上野公園
飲食店,食べる,飲食店営業（一般・中華料理）,三羊開泰,35.71236,139.777695,point,上野七丁目３番２号,台東区,上野,462,台東区 食品衛生営業施設一覧,513,上野公園
飲食店,食べる,飲食店営業（一般・中華料理）,安老爺炭火蛙鍋,35.71236,139.777695,point,上野七丁目３番２号,台東区,上野,462,台東区 食品衛生営業施設一覧,513,上野公園
飲食店,食べる,飲食店営業（一般・中華料理）,恵園,35.713879,139.778198,point,上野七丁目７番５号,台東区,上野,385,台東区 食品衛生営業施設一覧,464,上野公園
飲食店,食べる,飲食店営業（一般・中華料理）,中国料理　祥龍　刀削麺荘,35.713863,139.778946,point,上野七丁目８番１号,台東区,上野,445,台東区 食品衛生営業施設一覧,528,上野公園
飲食店,食べる,飲食店営業（一般・中華料理）,晴々飯店,35.714684,139.779556,point,上野七丁目８番１６号,台東区,上野,468,台東区 食品衛生営業施設一覧,561,上野公園
飲食店,食べる,飲食店営業（一般・中華料理）,中華料理　大多喜,35.715073,139.779892,point,上野七丁目９番１６号,台東区,上野,490,台東区 食品衛生営業施設一覧,587,上野公園
飲食店,食べる,飲食店営業（一般・中華料理）,中華料理　葉月,35.715073,139.779892,point,上野七丁目９番１６号,台東区,上野,490,台東区 食品衛生営業施設一覧,587,上野公園
飲食店,食べる,飲食店営業（一般・中華料理）,中華料理　旭日,35.715073,139.779892,point,上野七丁目９番１６号,台東区,上野,490,台東区 食品衛生営業施設一覧,587,上野公園
飲食店,食べる,飲食店営業（一般・中華料理）,天山焼?,35.715073,139.779892,point,上野七丁目９番１６号,台東区,上野,490,台東区 食品衛生営業施設一覧,587,上野公園
飲食店,食べる,飲食店営業（一般・中華料理）,過門香　上野バンブーガーデン店,35.71233,139.774841,point,上野公園１番５２号,台東区,上野公園,365,台東区 食品衛生営業施設一覧,363,上野公園
飲食店,食べる,飲食店営業（一般・中華料理）,梅蘭　上野店,35.712082,139.774704,point,上野公園１番５４号,台東区,上野公園,392,台東区 食品衛生営業施設一覧,385,上野公園
飲食店,食べる,飲食店営業（一般・中華料理）,北京ダック専門店　上野店,35.711739,139.77449,point,上野公園１番５７号,台東区,上野公園,429,台東区 食品衛生営業施設一覧,382,アメヤ横丁
飲食店,食べる,飲食店営業（一般・中華料理）,山城辣妹子火鍋,35.711739,139.77449,point,上野公園１番５７号,台東区,上野公園,429,台東区 食品衛生営業施設一覧,382,アメヤ横丁
飲食店,食べる,飲食店営業（一般・中華料理）,火焔山新疆・味道　上野店,35.711739,139.77449,point,上野公園１番５７号,台東区,上野公園,429,台東区 食品衛生営業施設一覧,382,アメヤ横丁
飲食店,食べる,飲食店営業（一般・中華料理）,香港楼,35.710064,139.791794,point,雷門一丁目６番７号,台東区,雷門,1678,台東区 食品衛生営業施設一覧,450,雷門
飲食店,食べる,飲食店営業（一般・中華料理）,ファミリー中華レストラン　パンダ,35.710678,139.791931,point,雷門一丁目８番５号,台東区,雷門,1666,台東区 食品衛生営業施設一覧,431,雷門
飲食店,食べる,飲食店営業（一般・中華料理）,雷餃子Ｊａｓｍｉｎｅ,35.711212,139.792847,point,雷門一丁目１５番９号,台東区,雷門,1727,台東区 食品衛生営業施設一覧,347,仲見世通り
飲食店,食べる,飲食店営業（一般・中華料理）,和・洋・中　太陽楼レストラン,35.711212,139.792847,point,雷門一丁目１５番９号,台東区,雷門,1727,台東区 食品衛生営業施設一覧,347,仲見世通り
飲食店,食べる,飲食店営業（一般・中華料理）,香港亭浅草店,35.709789,139.797226,point,雷門二丁目２番１０号,台東区,雷門,2151,台東区 食品衛生営業施設一覧,122,雷門
飲食店,食べる,飲食店営業（一般・中華料理）,新加坡中華料理　煌栄楼,35.715961,139.781906,point,北上野一丁目４番２号,台東区,北上野,670,台東区 食品衛生営業施設一覧,771,上野公園
飲食店,食べる,飲食店営業（一般・中華料理）,栄来軒,35.715637,139.784424,point,北上野二丁目２番４号,台東区,北上野,896,台東区 食品衛生営業施設一覧,996,上野公園
飲食店,食べる,飲食店営業（一般・中華料理）,金華閣,35.717903,139.785233,point,北上野二丁目２１番２号,台東区,北上野,1002,台東区 食品衛生営業施設一覧,1098,浅草寺
飲食店,食べる,飲食店営業（一般・中華料理）,中華料理　一品香,35.728889,139.802292,point,清川二丁目３６番１２号,台東区,清川,2912,台東区 食品衛生営業施設一覧,1653,浅草寺
飲食店,食べる,飲食店営業（一般・中華料理）,泉,35.728882,139.799683,point,清川二丁目３９番５号,台東区,清川,2711,台東区 食品衛生営業施設一覧,1597,浅草寺
飲食店,食べる,飲食店営業（一般・中華料理）,餃子上々,35.700825,139.788803,point,蔵前一丁目５番８号,台東区,蔵前,2090,台東区 食品衛生営業施設一覧,1319,雷門
飲食店,食べる,飲食店営業（一般・中華料理）,中華料理　福和,35.700825,139.788803,point,蔵前一丁目５番８号,台東区,蔵前,2090,台東区 食品衛生営業施設一覧,1319,雷門
飲食店,食べる,飲食店営業（一般・中華料理）,蜀の家,35.700825,139.788803,point,蔵前一丁目５番８号,台東区,蔵前,2090,台東区 食品衛生営業施設一覧,1319,雷門
飲食店,食べる,飲食店営業（一般・中華料理）,上海亭,35.70203,139.788132,point,蔵前四丁目３番３号,台東区,蔵前,1947,台東区 食品衛生営業施設一覧,1245,雷門
飲食店,食べる,飲食店営業（一般・中華料理）,男子厨房酒場　蔵の灯／とり鮮,35.702038,139.788773,point,蔵前四丁目５番４号,台東区,蔵前,1984,台東区 食品衛生営業施設一覧,1209,雷門
飲食店,食べる,飲食店営業（一般・中華料理）,太白楼,35.706226,139.788773,point,蔵前四丁目３６番１０号,台東区,蔵前,1657,台東区 食品衛生営業施設一覧,878,雷門
飲食店,食べる,飲食店営業（一般・中華料理）,中国料理　　十八番飯店,35.703644,139.783035,point,小島一丁目３番３号,台東区,小島,1537,台東区 食品衛生営業施設一覧,936,アメヤ横丁
飲食店,食べる,飲食店営業（一般・中華料理）,梅里,35.707035,139.790726,point,寿一丁目６番８号,台東区,寿,1747,台東区 食品衛生営業施設一覧,683,雷門
飲食店,食べる,飲食店営業（一般・中華料理）,菜香,35.709629,139.790878,point,寿二丁目１０番１１号,台東区,寿,1621,台東区 食品衛生営業施設一覧,542,雷門
飲食店,食べる,飲食店営業（一般・中華料理）,田原酒場,35.709629,139.790878,point,寿二丁目１０番１１号,台東区,寿,1621,台東区 食品衛生営業施設一覧,542,雷門
飲食店,食べる,飲食店営業（一般・中華料理）,ＮＯＴ　Ａ　ＨＯＴＥＬ　ＡＳＡＫＵＳＡ,35.709419,139.791153,point,寿二丁目１０番１４号,台東区,寿,1653,台東区 食品衛生営業施設一覧,524,雷門
飲食店,食べる,飲食店営業（一般・中華料理）,中国飯店　茉莉,35.707291,139.791138,point,寿三丁目９番６号,台東区,寿,1764,台東区 食品衛生営業施設一覧,636,雷門
飲食店,食べる,飲食店営業（一般・中華料理）,千鶴屋,35.707447,139.791275,point,寿三丁目１９番２号,台東区,寿,1765,台東区 食品衛生営業施設一覧,616,雷門
飲食店,食べる,飲食店営業（一般・中華料理）,中華居酒屋　祥瑞坊,35.705654,139.793579,point,駒形一丁目１番１０号,台東区,駒形,2047,台東区 食品衛生営業施設一覧,638,雷門
飲食店,食べる,飲食店営業（一般・中華料理）,楽宴,35.707684,139.794266,point,駒形一丁目６番２号,台東区,駒形,1990,台東区 食品衛生営業施設一覧,410,雷門
飲食店,食べる,飲食店営業（一般・中華料理）,火炎香港創作料理,35.708317,139.794754,point,駒形一丁目９番９号,台東区,駒形,2000,台東区 食品衛生営業施設一覧,327,雷門
飲食店,食べる,飲食店営業（一般・中華料理）,逸品房,35.719929,139.781601,point,下谷一丁目１３番２号,台東区,下谷,802,台東区 食品衛生営業施設一覧,897,上野公園
飲食店,食べる,飲食店営業（一般・中華料理）,土々食堂,35.720253,139.782013,point,下谷一丁目１３番１３号,台東区,下谷,853,台東区 食品衛生営業施設一覧,948,上野公園
飲食店,食べる,飲食店営業（一般・中華料理）,元気薬膳食堂,35.720543,139.782486,point,下谷二丁目３番９号,台東区,下谷,907,台東区 食品衛生営業施設一覧,1001,上野公園
飲食店,食べる,飲食店営業（一般・中華料理）,四川料理　蜀香坊,35.721096,139.781876,point,下谷二丁目５番１１号,台東区,下谷,904,台東区 食品衛生営業施設一覧,995,上野公園
飲食店,食べる,飲食店営業（一般・中華料理）,中華料理　小香港,35.721046,139.784592,point,下谷二丁目８番１１号,台東区,下谷,1094,台東区 食品衛生営業施設一覧,1191,上野公園
飲食店,食べる,飲食店営業（一般・中華料理）,金利苑　入谷店,35.722305,139.785553,point,下谷二丁目２４番１１号,台東区,下谷,1246,台東区 食品衛生営業施設一覧,1316,浅草寺
飲食店,食べる,飲食店営業（一般・中華料理）,長安刀削麺,35.724209,139.786987,point,下谷三丁目１０番１１号,台東区,下谷,1479,台東区 食品衛生営業施設一覧,1375,浅草寺
飲食店,食べる,飲食店営業（一般・中華料理）,一兆,35.725342,139.787521,point,下谷三丁目１６番２号,台東区,下谷,1599,台東区 食品衛生営業施設一覧,1445,浅草寺
飲食店,食べる,飲食店営業（一般・中華料理）,次幸,35.726994,139.788635,point,下谷三丁目１９番６号,台東区,下谷,1798,台東区 食品衛生営業施設一覧,1549,浅草寺
飲食店,食べる,飲食店営業（一般・中華料理）,新珍,35.727642,139.789261,point,下谷三丁目２０番８号,台東区,下谷,1889,台東区 食品衛生営業施設一覧,1588,浅草寺
飲食店,食べる,飲食店営業（一般・中華料理）,中華料理　豊龍,35.718693,139.792419,point,千束一丁目１５番７号,台東区,千束,1654,台東区 食品衛生営業施設一覧,590,浅草寺
飲食店,食べる,飲食店営業（一般・中華料理）,カドヤ,35.722569,139.789917,point,千束二丁目３５番５号,台東区,千束,1593,台東区 食品衛生営業施設一覧,1069,浅草寺
飲食店,食べる,飲食店営業（一般・中華料理）,周礼,35.720917,139.794189,point,千束三丁目４番１号,台東区,千束,1873,台東区 食品衛生営業施設一覧,727,浅草寺
飲食店,食べる,飲食店営業（一般・中華料理）,萬福記餃子,35.723511,139.79155,point,千束三丁目３３番８号,台東区,千束,1773,台東区 食品衛生営業施設一覧,1084,浅草寺
飲食店,食べる,飲食店営業（一般・中華料理）,蜀食成都,35.723663,139.794998,point,千束四丁目３１番２号,台東区,千束,2056,台東区 食品衛生営業施設一覧,1007,浅草寺
飲食店,食べる,飲食店営業（一般・中華料理）,聚豊園,35.701084,139.780533,point,台東一丁目１番１０号,台東区,台東,1704,台東区 食品衛生営業施設一覧,975,アメヤ横丁
飲食店,食べる,飲食店営業（一般・中華料理）,仙丹坊,35.700336,139.780457,point,台東一丁目１番１６号,台東区,台東,1780,台東区 食品衛生営業施設一覧,1041,アメヤ横丁
飲食店,食べる,飲食店営業（一般・中華料理）,中国料理　向来,35.700348,139.779404,point,台東一丁目３番１号,台東区,台東,1753,台東区 食品衛生営業施設一覧,993,アメヤ横丁
飲食店,食べる,飲食店営業（一般・中華料理）,中華料理　順順餃子房,35.700573,139.776657,point,台東一丁目７番２号,台東区,台東,1682,台東区 食品衛生営業施設一覧,883,アメヤ横丁
飲食店,食べる,飲食店営業（一般・中華料理）,叙香苑,35.700592,139.776291,point,台東一丁目８番２号,台東区,台東,1677,台東区 食品衛生営業施設一覧,874,アメヤ横丁
飲食店,食べる,飲食店営業（一般・中華料理）,中華ｎａきもち,35.700947,139.776321,point,台東一丁目１１番２号,台東区,台東,1638,台東区 食品衛生営業施設一覧,836,アメヤ横丁
飲食店,食べる,飲食店営業（一般・中華料理）,林ちゃん厨房,35.701126,139.776932,point,台東一丁目１２番１１号,台東区,台東,1624,台東区 食品衛生営業施設一覧,830,アメヤ横丁
飲食店,食べる,飲食店営業（一般・中華料理）,中華料理　生駒軒,35.701813,139.780487,point,台東一丁目１８番５号,台東区,台東,1626,台東区 食品衛生営業施設一覧,907,アメヤ横丁
飲食店,食べる,飲食店営業（一般・中華料理）,南國苑,35.702106,139.780777,point,台東一丁目３８番７号,台東区,台東,1604,台東区 食品衛生営業施設一覧,898,アメヤ横丁
飲食店,食べる,飲食店営業（一般・中華料理）,美膳房,35.702705,139.77655,point,台東二丁目７番４号,台東区,台東,1446,台東区 食品衛生営業施設一覧,652,アメヤ横丁
飲食店,食べる,飲食店営業（一般・中華料理）,㈲まる八,35.703827,139.780884,point,台東二丁目１９番６号,台東区,台東,1430,台東区 食品衛生営業施設一覧,768,アメヤ横丁
飲食店,食べる,飲食店営業（一般・中華料理）,勝太楼,35.703842,139.779663,point,台東二丁目２２番７号,台東区,台東,1388,台東区 食品衛生営業施設一覧,687,アメヤ横丁
飲食店,食べる,飲食店営業（一般・中華料理）,東興餃子軒,35.704231,139.779373,point,台東三丁目５番１０号,台東区,台東,1339,台東区 食品衛生営業施設一覧,637,アメヤ横丁
飲食店,食べる,飲食店営業（一般・中華料理）,にじ,35.705521,139.776688,point,台東三丁目４２番１号,台東区,台東,1138,台東区 食品衛生営業施設一覧,372,アメヤ横丁
飲食店,食べる,飲食店営業（一般・中華料理）,福徳,35.706669,139.776443,point,台東四丁目１１番２号,台東区,台東,1008,台東区 食品衛生営業施設一覧,259,アメヤ横丁
飲食店,食べる,飲食店営業（一般・中華料理）,盛興園,35.706326,139.781204,point,台東四丁目２２番９号,台東区,台東,1196,台東区 食品衛生営業施設一覧,652,アメヤ横丁
飲食店,食べる,飲食店営業（一般・中華料理）,中華料理　一番,35.706661,139.781326,point,台東四丁目２４番４号,台東区,台東,1170,台東区 食品衛生営業施設一覧,651,アメヤ横丁
飲食店,食べる,飲食店営業（一般・中華料理）,山海楼　御徒町店,35.706898,139.779648,point,台東四丁目２８番２号,台東区,台東,1073,台東区 食品衛生営業施設一覧,499,アメヤ横丁
飲食店,食べる,飲食店営業（一般・中華料理）,中華料理　雅亭,35.707027,139.778381,point,台東四丁目２９番５号,台東区,台東,1016,台東区 食品衛生営業施設一覧,386,アメヤ横丁
飲食店,食べる,飲食店営業（一般・中華料理）,韓日プラザ,35.707027,139.778381,point,台東四丁目２９番５号,台東区,台東,1016,台東区 食品衛生営業施設一覧,386,アメヤ横丁
飲食店,食べる,飲食店営業（一般・中華料理）,焼小籠包ドラゴン,35.702076,139.787857,point,鳥越二丁目１番９号,台東区,鳥越,1928,台東区 食品衛生営業施設一覧,1256,雷門
飲食店,食べる,飲食店営業（一般・中華料理）,中華料理　味原,35.710629,139.78981,point,西浅草一丁目３番１５号,台東区,西浅草,1489,台東区 食品衛生営業施設一覧,622,雷門
飲食店,食べる,飲食店営業（一般・中華料理）,焼小籠包ドラゴン浅草店,35.710606,139.79129,point,西浅草一丁目７番２号,台東区,西浅草,1614,台東区 食品衛生営業施設一覧,489,雷門
飲食店,食べる,飲食店営業（一般・中華料理）,餃子の王国,35.710934,139.791641,point,西浅草一丁目７番１８号,台東区,西浅草,1632,台東区 食品衛生営業施設一覧,457,雷門
飲食店,食べる,飲食店営業（一般・中華料理）,中華料理　座１３５,35.711533,139.791824,point,西浅草一丁目８番１３号,台東区,西浅草,1628,台東区 食品衛生営業施設一覧,433,仲見世通り
飲食店,食べる,飲食店営業（一般・中華料理）,中国料理　好味苑,35.712925,139.789154,point,西浅草二丁目７番５号,台東区,西浅草,1356,台東区 食品衛生営業施設一覧,682,仲見世通り
飲食店,食べる,飲食店営業（一般・中華料理）,北方餃子坊,35.712925,139.789154,point,西浅草二丁目７番５号,台東区,西浅草,1356,台東区 食品衛生営業施設一覧,682,仲見世通り
飲食店,食べる,飲食店営業（一般・中華料理）,イロハスイーツ（Ｉｒｏｈａ　Ｓｗｅｅｔｓ）,35.713314,139.792038,point,西浅草二丁目１４番１３号,台東区,西浅草,1604,台東区 食品衛生営業施設一覧,441,仲見世通り
飲食店,食べる,飲食店営業（一般・中華料理）,花蒋,35.712963,139.791306,point,西浅草二丁目１５番１３号,台東区,西浅草,1545,台東区 食品衛生営業施設一覧,492,仲見世通り
飲食店,食べる,飲食店営業（一般・中華料理）,上海食堂,35.712963,139.791306,point,西浅草二丁目１５番１３号,台東区,西浅草,1545,台東区 食品衛生営業施設一覧,492,仲見世通り
飲食店,食べる,飲食店営業（一般・中華料理）,点心　爛漫,35.712971,139.790085,point,西浅草二丁目１７番２号,台東区,西浅草,1437,台東区 食品衛生営業施設一覧,600,仲見世通り
飲食店,食べる,飲食店営業（一般・中華料理）,中華十八番,35.713703,139.789749,point,西浅草二丁目１８番７号,台東区,西浅草,1393,台東区 食品衛生営業施設一覧,642,浅草寺
飲食店,食べる,飲食店営業（一般・中華料理）,佳鼎火鍋屋,35.713417,139.79216,point,西浅草二丁目２６番１０号,台東区,西浅草,1613,台東区 食品衛生営業施設一覧,435,仲見世通り
飲食店,食べる,飲食店営業（一般・中華料理）,龍圓,35.71431,139.792313,point,西浅草三丁目１番９号,台東区,西浅草,1615,台東区 食品衛生営業施設一覧,403,浅草寺
飲食店,食べる,飲食店営業（一般・中華料理）,中華ダイニング　いい田,35.71452,139.791641,point,西浅草三丁目２番９号,台東区,西浅草,1552,台東区 食品衛生営業施設一覧,462,浅草寺
飲食店,食べる,飲食店営業（一般・中華料理）,Ｓｍｉｌｅ,35.714996,139.791977,point,西浅草三丁目１５番１３号,台東区,西浅草,1579,台東区 食品衛生営業施設一覧,432,浅草寺
飲食店,食べる,飲食店営業（一般・中華料理）,榕億,35.726318,139.798645,point,日本堤一丁目１８番５号,台東区,日本堤,2484,台東区 食品衛生営業施設一覧,1301,浅草寺
飲食店,食べる,飲食店営業（一般・中華料理）,中福楼,35.727108,139.800247,point,日本堤一丁目２４番１６号,台東区,日本堤,2653,台東区 食品衛生営業施設一覧,1413,浅草寺
飲食店,食べる,飲食店営業（一般・中華料理）,丸家（中華料理）,35.725494,139.796707,point,日本堤一丁目３２番３号,台東区,日本堤,2287,台東区 食品衛生営業施設一覧,1198,浅草寺
飲食店,食べる,飲食店営業（一般・中華料理）,中国料理　　錦華楼,35.720856,139.780182,point,根岸一丁目１番１５号,台東区,根岸,778,台東区 食品衛生営業施設一覧,864,上野公園
飲食店,食べる,飲食店営業（一般・中華料理）,日高屋鶯谷店,35.72105,139.780411,point,根岸一丁目１番１７号,台東区,根岸,807,台東区 食品衛生営業施設一覧,893,上野公園
飲食店,食べる,飲食店営業（一般・中華料理）,中華料理　華府,35.720394,139.781036,point,根岸一丁目１番２６号,台東区,根岸,795,台東区 食品衛生営業施設一覧,887,上野公園
飲食店,食べる,飲食店営業（一般・中華料理）,点心すや,35.720844,139.7798,point,根岸一丁目３番２０号,台東区,根岸,754,台東区 食品衛生営業施設一覧,838,上野公園
飲食店,食べる,飲食店営業（一般・中華料理）,美叙飯店,35.722549,139.779114,point,根岸一丁目５番１３号,台東区,根岸,878,台東区 食品衛生営業施設一覧,950,上野公園
飲食店,食べる,飲食店営業（一般・中華料理）,台湾料理　　桃園,35.722271,139.779434,point,根岸一丁目５番１６号,台東区,根岸,865,台東区 食品衛生営業施設一覧,940,上野公園
飲食店,食べる,飲食店営業（一般・中華料理）,中華居酒屋　東瀛,35.722763,139.778625,point,根岸一丁目６番１２号,台東区,根岸,879,台東区 食品衛生営業施設一覧,947,上野公園
飲食店,食べる,飲食店営業（一般・中華料理）,麻辣屋,35.722713,139.778763,point,根岸一丁目６番１３号,台東区,根岸,880,台東区 食品衛生営業施設一覧,948,上野公園
飲食店,食べる,飲食店営業（一般・中華料理）,阿奈マーラータン酒場,35.721592,139.781158,point,根岸三丁目４番１３号,台東区,根岸,897,台東区 食品衛生営業施設一覧,984,上野公園
飲食店,食べる,飲食店営業（一般・中華料理）,ＶＥＧＡＮ　ＧＹＯＺＡ,35.724419,139.779602,point,根岸三丁目１１番１７号,台東区,根岸,1083,台東区 食品衛生営業施設一覧,1151,上野公園
飲食店,食べる,飲食店営業（一般・中華料理）,中華料理　華宝,35.723495,139.783936,point,根岸三丁目１８番２４号,台東区,根岸,1223,台東区 食品衛生営業施設一覧,1311,上野公園
飲食店,食べる,飲食店営業（一般・中華料理）,ふじ,35.724133,139.784714,point,根岸四丁目１番２６号,台東区,根岸,1323,台東区 食品衛生営業施設一覧,1411,上野公園
飲食店,食べる,飲食店営業（一般・中華料理）,山月中華料理,35.725037,139.781982,point,根岸四丁目７番４号,台東区,根岸,1248,台東区 食品衛生営業施設一覧,1324,上野公園
飲食店,食べる,飲食店営業（一般・中華料理）,中華料理　味道屋　三ノ輪店,35.729538,139.791077,point,根岸五丁目１９番８号,台東区,根岸,2154,台東区 食品衛生営業施設一覧,1725,浅草寺
飲食店,食べる,飲食店営業（一般・中華料理）,上野軒,35.729538,139.791077,point,根岸五丁目１９番８号,台東区,根岸,2154,台東区 食品衛生営業施設一覧,1725,浅草寺
飲食店,食べる,飲食店営業（一般・中華料理）,勝生　中華料理,35.729656,139.791199,point,根岸五丁目２２番１２号,台東区,根岸,2171,台東区 食品衛生営業施設一覧,1735,浅草寺
飲食店,食べる,飲食店営業（一般・中華料理）,香港楼,35.731045,139.791748,point,根岸五丁目２４番５号,台東区,根岸,2318,台東区 食品衛生営業施設一覧,1871,浅草寺
飲食店,食べる,飲食店営業（一般・中華料理）,中国老舗　天津飯店,35.71122,139.797836,point,花川戸一丁目４番１号,台東区,花川戸,2162,台東区 食品衛生営業施設一覧,113,雷門
飲食店,食べる,飲食店営業（一般・中華料理）,ＣＨＩＮＥＳＥ　ＤＩＮＩＮＧ　嘉賓,35.71122,139.797836,point,花川戸一丁目４番１号,台東区,花川戸,2162,台東区 食品衛生営業施設一覧,113,雷門
飲食店,食べる,飲食店営業（一般・中華料理）,ぼたん,35.712624,139.798416,point,花川戸一丁目８番１号,台東区,花川戸,2184,台東区 食品衛生営業施設一覧,183,仲見世通り
飲食店,食べる,飲食店営業（一般・中華料理）,四川ハウス,35.714943,139.798538,point,花川戸二丁目７番４号,台東区,花川戸,2171,台東区 食品衛生営業施設一覧,163,浅草寺
飲食店,食べる,飲食店営業（一般・中華料理）,老上海,35.714859,139.801285,point,花川戸二丁目１６番１号,台東区,花川戸,2420,台東区 食品衛生営業施設一覧,410,浅草寺
飲食店,食べる,飲食店営業（一般・中華料理）,中華料理　浅草華園,35.715527,139.798691,point,花川戸二丁目２１番３号,台東区,花川戸,2184,台東区 食品衛生営業施設一覧,197,浅草寺
飲食店,食べる,飲食店営業（一般・中華料理）,赤龍酒館,35.715527,139.798691,point,花川戸二丁目２１番３号,台東区,花川戸,2184,台東区 食品衛生営業施設一覧,197,浅草寺
飲食店,食べる,飲食店営業（一般・中華料理）,花彫酒家,35.722481,139.801468,point,東浅草一丁目２１番１１号,台東区,東浅草,2552,台東区 食品衛生営業施設一覧,962,浅草寺
飲食店,食べる,飲食店営業（一般・中華料理）,珍来,35.725578,139.800308,point,東浅草二丁目１９番３号,台東区,東浅草,2581,台東区 食品衛生営業施設一覧,1249,浅草寺
飲食店,食べる,飲食店営業（一般・中華料理）,天外天中華料理,35.707775,139.777008,point,東上野一丁目１４番１４号,台東区,東上野,899,台東区 食品衛生営業施設一覧,243,アメヤ横丁
飲食店,食べる,飲食店営業（一般・中華料理）,食光里,35.707775,139.777008,point,東上野一丁目１４番１４号,台東区,東上野,899,台東区 食品衛生営業施設一覧,243,アメヤ横丁
飲食店,食べる,飲食店営業（一般・中華料理）,一笹焼売,35.708298,139.777893,point,東上野一丁目１９番２号,台東区,東上野,868,台東区 食品衛生営業施設一覧,315,アメヤ横丁
飲食店,食べる,飲食店営業（一般・中華料理）,迎食街　インシージェ,35.709332,139.777359,point,東上野二丁目１５番３号,台東区,東上野,743,台東区 食品衛生営業施設一覧,291,アメヤ横丁
飲食店,食べる,飲食店営業（一般・中華料理）,家宴,35.710396,139.777725,point,東上野二丁目２０番６号,台東区,東上野,648,台東区 食品衛生営業施設一覧,380,アメヤ横丁
飲食店,食べる,飲食店営業（一般・中華料理）,中華居酒屋　富貴坊,35.709965,139.777893,point,東上野二丁目２０番１３号,台東区,東上野,697,台東区 食品衛生営業施設一覧,366,アメヤ横丁
飲食店,食べる,飲食店営業（一般・中華料理）,台湾料理　圓山,35.70985,139.780685,point,東上野三丁目６番１号,台東区,東上野,849,台東区 食品衛生営業施設一覧,593,アメヤ横丁
飲食店,食べる,飲食店営業（一般・中華料理）,好美味,35.710033,139.779755,point,東上野三丁目１１番１号,台東区,東上野,780,台東区 食品衛生営業施設一覧,520,アメヤ横丁
飲食店,食べる,飲食店営業（一般・中華料理）,成都館,35.710606,139.778809,point,東上野三丁目１４番４号,台東区,東上野,678,台東区 食品衛生営業施設一覧,474,アメヤ横丁
飲食店,食べる,飲食店営業（一般・中華料理）,中国料亭　翠鳳,35.711399,139.77742,point,東上野三丁目１８番７号,台東区,東上野,536,台東区 食品衛生営業施設一覧,439,アメヤ横丁
飲食店,食べる,飲食店営業（一般・中華料理）,上海陽春麺坊,35.710999,139.778992,point,東上野三丁目２２番３号,台東区,東上野,653,台東区 食品衛生営業施設一覧,512,アメヤ横丁
飲食店,食べる,飲食店営業（一般・中華料理）,川府麻婆,35.710865,139.779663,point,東上野三丁目２４番１号,台東区,東上野,703,台東区 食品衛生営業施設一覧,554,アメヤ横丁
飲食店,食べる,飲食店営業（一般・中華料理）,中国料理　龍城,35.711811,139.778412,point,東上野三丁目３９番５号,台東区,東上野,550,台東区 食品衛生営業施設一覧,533,アメヤ横丁
飲食店,食べる,飲食店営業（一般・中華料理）,山久,35.713303,139.78035,point,東上野四丁目１５番１号,台東区,東上野,587,台東区 食品衛生営業施設一覧,669,上野公園
飲食店,食べる,飲食店営業（一般・中華料理）,朱家餃子酒場,35.713223,139.780594,point,東上野四丁目１６番２号,台東区,東上野,610,台東区 食品衛生営業施設一覧,692,上野公園
飲食店,食べる,飲食店営業（一般・中華料理）,油そば専門店　油楽町,35.711639,139.781601,point,東上野五丁目１番９号,台東区,東上野,778,台東区 食品衛生営業施設一覧,749,アメヤ横丁
飲食店,食べる,飲食店営業（一般・中華料理）,餃子屋台,35.71217,139.782883,point,東上野五丁目４番１９号,台東区,東上野,848,台東区 食品衛生営業施設一覧,879,アメヤ横丁
飲食店,食べる,飲食店営業（一般・中華料理）,中華　紅楽,35.711121,139.784668,point,東上野六丁目１番２号,台東区,東上野,1044,台東区 食品衛生営業施設一覧,979,アメヤ横丁
飲食店,食べる,飲食店営業（一般・中華料理）,大阪王将　稲荷町駅前店,35.711411,139.783173,point,東上野六丁目２番５号,台東区,東上野,911,台東区 食品衛生営業施設一覧,864,アメヤ横丁
飲食店,食べる,飲食店営業（一般・中華料理）,イチバンダイコ,35.711613,139.783142,point,東上野六丁目２番７号,台東区,東上野,897,台東区 食品衛生営業施設一覧,871,アメヤ横丁
飲食店,食べる,飲食店営業（一般・中華料理）,台湾中華料理　稲荷楼,35.715458,139.78334,point,東上野六丁目２３番９号,台東区,東上野,798,台東区 食品衛生営業施設一覧,897,上野公園
飲食店,食べる,飲食店営業（一般・中華料理）,福来軒,35.711044,139.785156,point,松が谷一丁目４番５号,台東区,松が谷,1087,台東区 食品衛生営業施設一覧,1018,アメヤ横丁
飲食店,食べる,飲食店営業（一般・中華料理）,明華,35.718357,139.787643,point,松が谷四丁目２７番１８号,台東区,松が谷,1226,台東区 食品衛生営業施設一覧,916,浅草寺
飲食店,食べる,飲食店営業（一般・中華料理）,生駒軒,35.704361,139.785416,point,三筋一丁目１１番１２号,台東区,三筋,1592,台東区 食品衛生営業施設一覧,1087,アメヤ横丁
飲食店,食べる,飲食店営業（一般・中華料理）,欣欣点心,35.706036,139.787247,point,三筋二丁目１５番１０号,台東区,三筋,1567,台東区 食品衛生営業施設一覧,1005,雷門
飲食店,食べる,飲食店営業（一般・中華料理）,東華?肉　三ノ輪店,35.727501,139.79097,point,三ノ輪一丁目９番４号,台東区,三ノ輪,1990,台東区 食品衛生営業施設一覧,1514,浅草寺
飲食店,食べる,飲食店営業（一般・中華料理）,Ｃ’ｓ　ｄｉｎｉｎｇ　Ｃｌｏｕｄ　９,35.727749,139.791077,point,三ノ輪一丁目１９番２号,台東区,三ノ輪,2016,台東区 食品衛生営業施設一覧,1537,浅草寺
飲食店,食べる,飲食店営業（一般・中華料理）,徳勝楼,35.728413,139.790909,point,三ノ輪一丁目２０番５号,台東区,三ノ輪,2055,台東区 食品衛生営業施設一覧,1611,浅草寺
飲食店,食べる,飲食店営業（一般・中華料理）,ＹＵＭＭＹ　ＤＵＣＫ　麻辣湯　三ノ輪店,35.728508,139.791077,point,三ノ輪一丁目２１番２号,台東区,三ノ輪,2074,台東区 食品衛生営業施設一覧,1616,浅草寺
飲食店,食べる,飲食店営業（一般・中華料理）,過橋米線　上野店,35.709343,139.782501,point,元浅草一丁目２０番５号,台東区,元浅草,1003,台東区 食品衛生営業施設一覧,741,アメヤ横丁
飲食店,食べる,飲食店営業（一般・中華料理）,辛苑,35.709358,139.78273,point,元浅草一丁目２０番７号,台東区,元浅草,1017,台東区 食品衛生営業施設一覧,761,アメヤ横丁
飲食店,食べる,飲食店営業（一般・中華料理）,中国菜～道～ｄａｏ,35.720478,139.769379,point,谷中一丁目１番３１号,台東区,谷中,713,台東区 食品衛生営業施設一覧,673,上野公園
飲食店,食べる,飲食店営業（一般・中華料理）,中華　大使館,35.726227,139.766098,point,谷中三丁目６番１４号,台東区,谷中,1404,台東区 食品衛生営業施設一覧,1375,上野公園
飲食店,食べる,飲食店営業（一般・中華料理）,一寸亭,35.727371,139.765579,point,谷中三丁目１１番７号,台東区,谷中,1537,台東区 食品衛生営業施設一覧,1509,上野公園
飲食店,食べる,飲食店営業（一般・中華料理）,大衆酒場　いっぷく,35.696163,139.785767,point,柳橋一丁目３番７号,台東区,柳橋,2389,台東区 食品衛生営業施設一覧,1696,アメヤ横丁
飲食店,食べる,飲食店営業（一般・中華料理）,君臨天下,35.696812,139.786667,point,柳橋一丁目１２番４号,台東区,柳橋,2360,台東区 食品衛生営業施設一覧,1691,アメヤ横丁
飲食店,食べる,飲食店営業（一般・中華料理）,麺酒房　福林,35.696686,139.786407,point,柳橋一丁目１３番１号,台東区,柳橋,2362,台東区 食品衛生営業施設一覧,1686,アメヤ横丁
飲食店,食べる,飲食店営業（一般・中華料理）,鴻福園,35.696964,139.786255,point,柳橋一丁目１３番４号,台東区,柳橋,2328,台東区 食品衛生営業施設一覧,1654,アメヤ横丁
飲食店,食べる,飲食店営業（一般・中華料理）,逸品閣,35.698029,139.78743,point,柳橋一丁目３２番３号,台東区,柳橋,2276,台東区 食品衛生営業施設一覧,1640,アメヤ横丁
飲食店,食べる,飲食店営業（一般・中華料理）,中国料理　十八番,35.69838,139.788879,point,柳橋二丁目９番５号,台東区,柳橋,2313,台東区 食品衛生営業施設一覧,1551,雷門
飲食店,食べる,飲食店営業（一般・中華料理）,東京火鍋　三ノ輪店,35.725052,139.789291,point,竜泉二丁目５番８号,台東区,竜泉,1699,台東区 食品衛生営業施設一覧,1332,浅草寺
飲食店,食べる,飲食店営業（一般・天ぷら）,雷門三定,35.710972,139.796707,point,浅草一丁目２番２号,台東区,浅草,2070,台東区 食品衛生営業施設一覧,19,雷門
飲食店,食べる,飲食店営業（一般・天ぷら）,雷門三定　新館,35.710972,139.796707,point,浅草一丁目２番２号,台東区,浅草,2070,台東区 食品衛生営業施設一覧,19,雷門
飲食店,食べる,飲食店営業（一般・天ぷら）,株式会社　葵丸進,35.711205,139.79483,point,浅草一丁目４番４号,台東区,浅草,1899,台東区 食品衛生営業施設一覧,175,雷門
飲食店,食べる,飲食店営業（一般・天ぷら）,多から家,35.71225,139.792313,point,浅草一丁目１１番６号,台東区,浅草,1651,台東区 食品衛生営業施設一覧,389,仲見世通り
飲食店,食べる,飲食店営業（一般・天ぷら）,天麩羅　晴光,35.711948,139.793823,point,浅草一丁目１４番８号,台東区,浅草,1791,台東区 食品衛生営業施設一覧,251,仲見世通り
飲食店,食べる,飲食店営業（一般・天ぷら）,浅草　天彩,35.7117,139.795578,point,浅草一丁目２０番７号,台東区,浅草,1952,台東区 食品衛生営業施設一覧,95,仲見世通り
飲食店,食べる,飲食店営業（一般・天ぷら）,浅草大黒家　別館,35.712448,139.795929,point,浅草一丁目３１番１０号,台東区,浅草,1966,台東区 食品衛生営業施設一覧,86,仲見世通り
飲食店,食べる,飲食店営業（一般・天ぷら）,まさる,35.711803,139.796783,point,浅草一丁目３２番２号,台東区,浅草,2056,台東区 食品衛生営業施設一覧,20,仲見世通り
飲食店,食べる,飲食店営業（一般・天ぷら）,大黒家,35.712776,139.795532,point,浅草一丁目３８番１０号,台東区,浅草,1925,台東区 食品衛生営業施設一覧,137,仲見世通り
飲食店,食べる,飲食店営業（一般・天ぷら）,株式会社　中清,35.712605,139.794861,point,浅草一丁目３９番１３号,台東区,浅草,1868,台東区 食品衛生営業施設一覧,175,仲見世通り
飲食店,食べる,飲食店営業（一般・天ぷら）,有限会社　天藤,35.712967,139.794144,point,浅草一丁目４１番１号,台東区,浅草,1798,台東区 食品衛生営業施設一覧,251,仲見世通り
飲食店,食べる,飲食店営業（一般・天ぷら）,徳仙,35.713326,139.793823,point,浅草二丁目４番４号,台東区,浅草,1763,台東区 食品衛生営業施設一覧,297,仲見世通り
飲食店,食べる,飲食店営業（一般・天ぷら）,季の庭　浅草店,35.715088,139.795197,point,浅草二丁目７番２６号,台東区,浅草,1869,台東区 食品衛生営業施設一覧,146,浅草寺
飲食店,食べる,飲食店営業（一般・天ぷら）,串揚　あんばいや,35.700867,139.781921,point,浅草橋五丁目１４番５号,台東区,浅草橋,1770,台東区 食品衛生営業施設一覧,1070,アメヤ横丁
飲食店,食べる,飲食店営業（一般・天ぷら）,天ぷら　大塚,35.719719,139.789337,point,入谷二丁目１２番１１号,台東区,入谷,1416,台東区 食品衛生営業施設一覧,870,浅草寺
飲食店,食べる,飲食店営業（一般・天ぷら）,天すヾ,35.708866,139.772507,point,上野二丁目６番７号,台東区,上野,770,台東区 食品衛生営業施設一覧,182,アメヤ横丁
飲食店,食べる,飲食店営業（一般・天ぷら）,徳仙,35.704922,139.773285,point,上野三丁目７番６号,台東区,上野,1192,台東区 食品衛生営業施設一覧,389,アメヤ横丁
飲食店,食べる,飲食店営業（一般・天ぷら）,天丼　まことや,35.707439,139.773712,point,上野三丁目２８番５号,台東区,上野,910,台東区 食品衛生営業施設一覧,114,アメヤ横丁
飲食店,食べる,飲食店営業（一般・天ぷら）,アメ横天ぷら宮,35.708382,139.773865,point,上野四丁目３番８号,台東区,上野,805,台東区 食品衛生営業施設一覧,49,アメヤ横丁
飲食店,食べる,飲食店営業（一般・天ぷら）,てんや　御徒町店,35.706921,139.774841,point,上野五丁目２７番１号,台東区,上野,966,台東区 食品衛生営業施設一覧,158,アメヤ横丁
飲食店,食べる,飲食店営業（一般・天ぷら）,春日,35.709854,139.794342,point,雷門一丁目２番１１号,台東区,雷門,1902,台東区 食品衛生営業施設一覧,237,雷門
飲食店,食べる,飲食店営業（一般・天ぷら）,天婦羅　あかし,35.710865,139.792465,point,雷門一丁目１６番１号,台東区,雷門,1705,台東区 食品衛生営業施設一覧,382,雷門
飲食店,食べる,飲食店営業（一般・天ぷら）,Ｔｅｍｐｕｒａ　Ａｓａｋｕｓａ　ＳＡＫＵＲＡ,35.710255,139.796799,point,雷門二丁目１８番１６号,台東区,雷門,2099,台東区 食品衛生営業施設一覧,61,雷門
飲食店,食べる,飲食店営業（一般・天ぷら）,天麩羅　蔵前いせや,35.706272,139.788361,point,蔵前四丁目３７番９号,台東区,蔵前,1625,台東区 食品衛生営業施設一覧,906,雷門
飲食店,食べる,飲食店営業（一般・天ぷら）,からくさ,35.721455,139.784073,point,下谷二丁目９番７号,台東区,下谷,1082,台東区 食品衛生営業施設一覧,1177,上野公園
飲食店,食べる,飲食店営業（一般・天ぷら）,いせや,35.721214,139.790359,point,千束二丁目２３番５号,台東区,千束,1562,台東区 食品衛生営業施設一覧,924,浅草寺
飲食店,食べる,飲食店営業（一般・天ぷら）,天ぷら　福岡,35.713028,139.789429,point,西浅草二丁目７番８号,台東区,西浅草,1378,台東区 食品衛生営業施設一覧,659,仲見世通り
飲食店,食べる,飲食店営業（一般・天ぷら）,土手の伊勢屋,35.725098,139.797012,point,日本堤一丁目９番２号,台東区,日本堤,2290,台東区 食品衛生営業施設一覧,1154,浅草寺
飲食店,食べる,飲食店営業（一般・天ぷら）,てんぷら下村,35.70422,139.785416,point,三筋一丁目１１番１３号,台東区,三筋,1604,台東区 食品衛生営業施設一覧,1093,アメヤ横丁
飲食店,食べる,飲食店営業（一般・天ぷら）,みやこし,35.704914,139.786285,point,三筋二丁目５番１０号,台東区,三筋,1595,台東区 食品衛生営業施設一覧,1137,アメヤ横丁
飲食店,食べる,飲食店営業（一般・天ぷら）,天三　中野,35.710552,139.784164,point,元浅草二丁目８番８号,台東区,元浅草,1037,台東区 食品衛生営業施設一覧,916,アメヤ横丁
飲食店,食べる,飲食店営業（一般・天ぷら）,天ぷら　福たろう,35.719219,139.767319,point,谷中一丁目２番１７号,台東区,谷中,763,台東区 食品衛生営業施設一覧,695,上野公園
飲食店,食べる,飲食店営業（一般・天ぷら）,天ぷら　大黒家,35.695477,139.787308,point,柳橋一丁目２番１号,台東区,柳橋,2519,台東区 食品衛生営業施設一覧,1842,アメヤ横丁
飲食店,食べる,飲食店営業（一般・日本料理）,割烹　神谷,35.710876,139.79747,point,浅草一丁目１番１号,台東区,浅草,2139,台東区 食品衛生営業施設一覧,70,雷門
飲食店,食べる,飲食店営業（一般・日本料理）,ここちや浅草店,35.711182,139.797623,point,浅草一丁目１番１６号,台東区,浅草,2145,台東区 食品衛生営業施設一覧,94,雷門
飲食店,食べる,飲食店営業（一般・日本料理）,やきとり道場　東武浅草駅前店,35.711182,139.797623,point,浅草一丁目１番１６号,台東区,浅草,2145,台東区 食品衛生営業施設一覧,94,雷門
飲食店,食べる,飲食店営業（一般・日本料理）,浅草ときわ食堂,35.711086,139.795898,point,浅草一丁目３番３号,台東区,浅草,1996,台東区 食品衛生営業施設一覧,79,雷門
飲食店,食べる,飲食店営業（一般・日本料理）,二葉,35.711533,139.793777,point,浅草一丁目６番４号,台東区,浅草,1798,台東区 食品衛生営業施設一覧,258,仲見世通り
飲食店,食べる,飲食店営業（一般・日本料理）,鳥平,35.711491,139.794052,point,浅草一丁目６番７号,台東区,浅草,1823,台東区 食品衛生営業施設一覧,235,仲見世通り
飲食店,食べる,飲食店営業（一般・日本料理）,ＭＩＳＯＪＹＵ,35.711544,139.793732,point,浅草一丁目７番５号,台東区,浅草,1794,台東区 食品衛生営業施設一覧,262,仲見世通り
飲食店,食べる,飲食店営業（一般・日本料理）,鶏よし,35.711426,139.793152,point,浅草一丁目８番２号,台東区,浅草,1747,台東区 食品衛生営業施設一覧,316,仲見世通り
飲食店,食べる,飲食店営業（一般・日本料理）,浅草　おと,35.711628,139.793091,point,浅草一丁目８番４号,台東区,浅草,1736,台東区 食品衛生営業施設一覧,318,仲見世通り
飲食店,食べる,飲食店営業（一般・日本料理）,江戸定,35.711666,139.79335,point,浅草一丁目８番６号,台東区,浅草,1757,台東区 食品衛生営業施設一覧,295,仲見世通り
飲食店,食べる,飲食店営業（一般・日本料理）,くずし割烹　しま正,35.712112,139.793076,point,浅草一丁目１２番８号,台東区,浅草,1721,台東区 食品衛生営業施設一覧,319,仲見世通り
飲食店,食べる,飲食店営業（一般・日本料理）,京料理　よこい,35.711731,139.793335,point,浅草一丁目１３番１号,台東区,浅草,1754,台東区 食品衛生営業施設一覧,295,仲見世通り
飲食店,食べる,飲食店営業（一般・日本料理）,とんかつ　割烹　だんき,35.711918,139.793503,point,浅草一丁目１４番４号,台東区,浅草,1764,台東区 食品衛生営業施設一覧,280,仲見世通り
飲食店,食べる,飲食店営業（一般・日本料理）,海上,35.711891,139.794434,point,浅草一丁目１６番８号,台東区,浅草,1846,台東区 食品衛生営業施設一覧,196,仲見世通り
飲食店,食べる,飲食店営業（一般・日本料理）,有限会社手打ちうどん家康,35.711769,139.794678,point,浅草一丁目１６番１０号,台東区,浅草,1871,台東区 食品衛生営業施設一覧,174,仲見世通り
飲食店,食べる,飲食店営業（一般・日本料理）,浅草　孝太郎,35.71154,139.795975,point,浅草一丁目１８番１１号,台東区,浅草,1991,台東区 食品衛生営業施設一覧,69,仲見世通り
飲食店,食べる,飲食店営業（一般・日本料理）,玄品　浅草,35.711773,139.796661,point,浅草一丁目１９番６号,台東区,浅草,2046,台東区 食品衛生営業施設一覧,15,仲見世通り
飲食店,食べる,飲食店営業（一般・日本料理）,海鮮丼乙ＡＳＡＫＵＳＡ,35.712357,139.792542,point,浅草一丁目２４番４号,台東区,浅草,1668,台東区 食品衛生営業施設一覧,370,仲見世通り
飲食店,食べる,飲食店営業（一般・日本料理）,和牛刀　浅草２号店,35.712158,139.79451,point,浅草一丁目２８番２号,台東区,浅草,1847,台東区 食品衛生営業施設一覧,191,仲見世通り
飲食店,食べる,飲食店営業（一般・日本料理）,天麩羅バル秋光,35.712143,139.795563,point,浅草一丁目２９番１１号,台東区,浅草,1940,台東区 食品衛生営業施設一覧,97,仲見世通り
飲食店,食べる,飲食店営業（一般・日本料理）,麻鳥,35.712181,139.796295,point,浅草一丁目３１番２号,台東区,浅草,2004,台東区 食品衛生営業施設一覧,42,仲見世通り
飲食店,食べる,飲食店営業（一般・日本料理）,Ｆｕｊｉｔａ　Ｃａｆｅ,35.712032,139.7966,point,浅草一丁目３２番５号,台東区,浅草,2034,台東区 食品衛生営業施設一覧,15,仲見世通り
飲食店,食べる,飲食店営業（一般・日本料理）,たつみ屋,35.711987,139.797134,point,浅草一丁目３３番５号,台東区,浅草,2083,台東区 食品衛生営業施設一覧,49,仲見世通り
飲食店,食べる,飲食店営業（一般・日本料理）,しんぱち食堂　浅草店,35.712036,139.797577,point,浅草一丁目３３番８号,台東区,浅草,2121,台東区 食品衛生営業施設一覧,89,仲見世通り
飲食店,食べる,飲食店営業（一般・日本料理）,和牛の刀　浅草本店,35.712418,139.79686,point,浅草一丁目３６番２号,台東区,浅草,2050,台東区 食品衛生営業施設一覧,62,仲見世通り
飲食店,食べる,飲食店営業（一般・日本料理）,和田平,35.712513,139.795853,point,浅草一丁目３７番５号,台東区,浅草,1958,台東区 食品衛生営業施設一覧,96,仲見世通り
飲食店,食べる,飲食店営業（一般・日本料理）,美味求真　山葵,35.71249,139.794296,point,浅草一丁目３９番５号,台東区,浅草,1820,台東区 食品衛生営業施設一覧,218,仲見世通り
飲食店,食べる,飲食店営業（一般・日本料理）,梅と星,35.712933,139.796692,point,浅草二丁目２番４号,台東区,浅草,2025,台東区 食品衛生営業施設一覧,115,仲見世通り
飲食店,食べる,飲食店営業（一般・日本料理）,荒井屋　へその店,35.713558,139.793655,point,浅草二丁目４番８号,台東区,浅草,1744,台東区 食品衛生営業施設一覧,308,浅草寺
飲食店,食べる,飲食店営業（一般・日本料理）,和色,35.713928,139.793396,point,浅草二丁目６番７号,台東区,浅草,1716,台東区 食品衛生営業施設一覧,315,浅草寺
飲食店,食べる,飲食店営業（一般・日本料理）,ＢＵＢ　ＡＣＴＩＶＩＴＹ　ＣＥＮＴＥＲ　Ａｓａｋｕｓａ,35.714432,139.793427,point,浅草二丁目６番１１号,台東区,浅草,1714,台東区 食品衛生営業施設一覧,302,浅草寺
飲食店,食べる,飲食店営業（一般・日本料理）,三升矢ねこ,35.715202,139.794373,point,浅草二丁目７番２１号,台東区,浅草,1795,台東区 食品衛生営業施設一覧,221,浅草寺
飲食店,食べる,飲食店営業（一般・日本料理）,浅草　天ちゃ,35.715202,139.794373,point,浅草二丁目７番２１号,台東区,浅草,1795,台東区 食品衛生営業施設一覧,221,浅草寺
飲食店,食べる,飲食店営業（一般・日本料理）,しあわせのビーフカレー　もう～とりこ,35.714134,139.793243,point,浅草二丁目１０番１３号,台東区,浅草,1700,台東区 食品衛生営業施設一覧,323,浅草寺
飲食店,食べる,飲食店営業（一般・日本料理）,浅草おと,35.715176,139.792862,point,浅草二丁目１２番６号,台東区,浅草,1658,台東区 食品衛生営業施設一覧,355,浅草寺
飲食店,食べる,飲食店営業（一般・日本料理）,浅草　海月,35.71701,139.793213,point,浅草二丁目２０番６号,台東区,浅草,1697,台東区 食品衛生営業施設一覧,408,浅草寺
飲食店,食べる,飲食店営業（一般・日本料理）,おかべ,35.716522,139.793381,point,浅草二丁目２１番３号,台東区,浅草,1708,台東区 食品衛生営業施設一覧,364,浅草寺
飲食店,食べる,飲食店営業（一般・日本料理）,大島屋,35.716125,139.795029,point,浅草二丁目２４番１０号,台東区,浅草,1854,台東区 食品衛生営業施設一覧,220,浅草寺
飲食店,食べる,飲食店営業（一般・日本料理）,小料理　柿汁,35.716221,139.796219,point,浅草二丁目３０番１４号,台東区,浅草,1962,台東区 食品衛生営業施設一覧,174,浅草寺
飲食店,食べる,飲食店営業（一般・日本料理）,おやいづ,35.715343,139.798386,point,浅草二丁目３２番１２号,台東区,浅草,2157,台東区 食品衛生営業施設一覧,163,浅草寺
飲食店,食べる,飲食店営業（一般・日本料理）,和雲,35.713928,139.798019,point,浅草二丁目３５番１３号,台東区,浅草,2131,台東区 食品衛生営業施設一覧,145,浅草寺
飲食店,食べる,飲食店営業（一般・日本料理）,割烹家　一直,35.716976,139.795334,point,浅草三丁目８番６号,台東区,浅草,1887,台東区 食品衛生営業施設一覧,282,浅草寺
飲食店,食べる,飲食店営業（一般・日本料理）,こへると,35.717091,139.794891,point,浅草三丁目９番１０号,台東区,浅草,1848,台東区 食品衛生営業施設一覧,313,浅草寺
飲食店,食べる,飲食店営業（一般・日本料理）,かっぱ村　粋品店,35.717361,139.794098,point,浅草三丁目１６番１号,台東区,浅草,1780,台東区 食品衛生営業施設一覧,379,浅草寺
飲食店,食べる,飲食店営業（一般・日本料理）,居酒屋まんてん,35.717545,139.794922,point,浅草三丁目１８番６号,台東区,浅草,1856,台東区 食品衛生営業施設一覧,355,浅草寺
飲食店,食べる,飲食店営業（一般・日本料理）,あさの,35.717545,139.794922,point,浅草三丁目１８番６号,台東区,浅草,1856,台東区 食品衛生営業施設一覧,355,浅草寺
飲食店,食べる,飲食店営業（一般・日本料理）,草津亭,35.717186,139.795044,point,浅草三丁目１８番１０号,台東区,浅草,1863,台東区 食品衛生営業施設一覧,315,浅草寺
飲食店,食べる,飲食店営業（一般・日本料理）,浅草Ｋａｎｎａ,35.717247,139.796005,point,浅草三丁目２０番８号,台東区,浅草,1950,台東区 食品衛生営業施設一覧,289,浅草寺
飲食店,食べる,飲食店営業（一般・日本料理）,浅草　みくも,35.717247,139.796005,point,浅草三丁目２０番８号,台東区,浅草,1950,台東区 食品衛生営業施設一覧,289,浅草寺
飲食店,食べる,飲食店営業（一般・日本料理）,都鳥,35.716675,139.797226,point,浅草三丁目２３番１０号,台東区,浅草,2055,台東区 食品衛生営業施設一覧,222,浅草寺
飲食店,食べる,飲食店営業（一般・日本料理）,酒楽ら・せらん,35.716644,139.797531,point,浅草三丁目２４番９号,台東区,浅草,2083,台東区 食品衛生営業施設一覧,225,浅草寺
飲食店,食べる,飲食店営業（一般・日本料理）,食彩家　いち条,35.717018,139.798096,point,浅草三丁目３０番１２号,台東区,浅草,2136,台東区 食品衛生営業施設一覧,283,浅草寺
飲食店,食べる,飲食店営業（一般・日本料理）,酒膳一文　別館,35.717152,139.797104,point,浅草三丁目３２番２号,台東区,浅草,2048,台東区 食品衛生営業施設一覧,272,浅草寺
飲食店,食べる,飲食店営業（一般・日本料理）,釜めし　むつみ,35.717373,139.797089,point,浅草三丁目３２番４号,台東区,浅草,2049,台東区 食品衛生営業施設一覧,297,浅草寺
飲食店,食べる,飲食店営業（一般・日本料理）,懐石　瓢庵,35.717442,139.796478,point,浅草三丁目３４番１１号,台東区,浅草,1995,台東区 食品衛生営業施設一覧,304,浅草寺
飲食店,食べる,飲食店営業（一般・日本料理）,小料理　ふみ,35.717598,139.795319,point,浅草三丁目３６番３号,台東区,浅草,1893,台東区 食品衛生営業施設一覧,345,浅草寺
飲食店,食べる,飲食店営業（一般・日本料理）,あさくさ,35.717564,139.795135,point,浅草三丁目３７番１号,台東区,浅草,1876,台東区 食品衛生営業施設一覧,348,浅草寺
飲食店,食べる,飲食店営業（一般・日本料理）,おりべ,35.717686,139.794876,point,浅草三丁目３７番３号,台東区,浅草,1854,台東区 食品衛生営業施設一覧,371,浅草寺
飲食店,食べる,飲食店営業（一般・日本料理）,粋種,35.718021,139.794662,point,浅草三丁目３８番５号,台東区,浅草,1840,台東区 食品衛生営業施設一覧,413,浅草寺
飲食店,食べる,飲食店営業（一般・日本料理）,三楽,35.718109,139.794266,point,浅草三丁目３９番４号,台東区,浅草,1806,台東区 食品衛生営業施設一覧,439,浅草寺
飲食店,食べる,飲食店営業（一般・日本料理）,にじいろ酒場レインボー,35.719265,139.795593,point,浅草四丁目３８番６号,台東区,浅草,1947,台東区 食品衛生営業施設一覧,516,浅草寺
飲食店,食べる,飲食店営業（一般・日本料理）,細井,35.718903,139.796204,point,浅草四丁目３９番９号,台東区,浅草,1994,台東区 食品衛生営業施設一覧,468,浅草寺
飲食店,食べる,飲食店営業（一般・日本料理）,南,35.719189,139.796066,point,浅草四丁目４０番２号,台東区,浅草,1987,台東区 食品衛生営業施設一覧,501,浅草寺
飲食店,食べる,飲食店営業（一般・日本料理）,仁行,35.718636,139.796646,point,浅草四丁目４３番２号,台東区,浅草,2028,台東区 食品衛生営業施設一覧,436,浅草寺
飲食店,食べる,飲食店営業（一般・日本料理）,浅草永見,35.718975,139.796783,point,浅草四丁目４３番６号,台東区,浅草,2046,台東区 食品衛生営業施設一覧,473,浅草寺
飲食店,食べる,飲食店営業（一般・日本料理）,あなたの和食,35.719585,139.797363,point,浅草五丁目５番４号,台東区,浅草,2111,台東区 食品衛生営業施設一覧,544,浅草寺
飲食店,食べる,飲食店営業（一般・日本料理）,きさんじ,35.716576,139.801071,point,浅草六丁目２０番２号,台東区,浅草,2401,台東区 食品衛生営業施設一覧,441,浅草寺
飲食店,食べる,飲食店営業（一般・日本料理）,中華ダイニング　由　－ｙｏｓｈｉ－,35.718784,139.800201,point,浅草六丁目３９番１号,台東区,浅草,2347,台東区 食品衛生営業施設一覧,549,浅草寺
飲食店,食べる,飲食店営業（一般・日本料理）,雪柳,35.697113,139.784134,point,浅草橋一丁目１１番３号,台東区,浅草橋,2232,台東区 食品衛生営業施設一覧,1523,アメヤ横丁
飲食店,食べる,飲食店営業（一般・日本料理）,ＫＡＭＯＳＵ,35.697296,139.783401,point,浅草橋一丁目１３番８号,台東区,浅草橋,2188,台東区 食品衛生営業施設一覧,1469,アメヤ横丁
飲食店,食べる,飲食店営業（一般・日本料理）,新潟タレカツ丼　亀ちゃん　浅草橋店,35.697594,139.783752,point,浅草橋一丁目２３番２号,台東区,浅草橋,2169,台東区 食品衛生営業施設一覧,1460,アメヤ横丁
飲食店,食べる,飲食店営業（一般・日本料理）,すなお,35.697624,139.78334,point,浅草橋一丁目２４番１号,台東区,浅草橋,2152,台東区 食品衛生営業施設一覧,1436,アメヤ横丁
飲食店,食べる,飲食店営業（一般・日本料理）,鉢の木,35.698273,139.785629,point,浅草橋一丁目３１番４号,台東区,浅草橋,2173,台東区 食品衛生営業施設一覧,1507,アメヤ横丁
飲食店,食べる,飲食店営業（一般・日本料理）,浅草橋　　はしもと,35.69849,139.784775,point,浅草橋一丁目３３番３号,台東区,浅草橋,2117,台東区 食品衛生営業施設一覧,1438,アメヤ横丁
飲食店,食べる,飲食店営業（一般・日本料理）,和食店　しま,35.698978,139.786209,point,浅草橋二丁目２番３号,台東区,浅草橋,2129,台東区 食品衛生営業施設一覧,1487,アメヤ横丁
飲食店,食べる,飲食店営業（一般・日本料理）,懐石　一空,35.71386,139.766235,point,池之端二丁目４番２３号,台東区,池之端,771,台東区 食品衛生営業施設一覧,669,上野公園
飲食店,食べる,飲食店営業（一般・日本料理）,旬彩　織楽,35.715584,139.76796,point,池之端三丁目１番２０号,台東区,池之端,590,台東区 食品衛生営業施設一覧,492,上野公園
飲食店,食べる,飲食店営業（一般・日本料理）,古月,35.71859,139.768387,point,池之端四丁目２３番１号,台東区,池之端,644,台東区 食品衛生営業施設一覧,576,上野公園
飲食店,食べる,飲食店営業（一般・日本料理）,天三,35.719696,139.785812,point,入谷一丁目８番１号,台東区,入谷,1118,台東区 食品衛生営業施設一覧,1132,浅草寺
飲食店,食べる,飲食店営業（一般・日本料理）,じゅぼう,35.720261,139.785248,point,入谷一丁目１６番２号,台東区,入谷,1100,台東区 食品衛生営業施設一覧,1199,上野公園
飲食店,食べる,飲食店営業（一般・日本料理）,味和居割烹　たむら,35.721294,139.785843,point,入谷一丁目２５番３号,台東区,入谷,1204,台東区 食品衛生営業施設一覧,1226,浅草寺
飲食店,食べる,飲食店営業（一般・日本料理）,海と山の幸　和,35.705685,139.771011,point,上野一丁目２番７号,台東区,上野,1147,台東区 食品衛生営業施設一覧,422,アメヤ横丁
飲食店,食べる,飲食店営業（一般・日本料理）,手づくり料理の店　大,35.705757,139.771286,point,上野一丁目２番９号,台東区,上野,1132,台東区 食品衛生営業施設一覧,399,アメヤ横丁
飲食店,食べる,飲食店営業（一般・日本料理）,中坂下　ちそう,35.705761,139.77002,point,上野一丁目６番４号,台東区,上野,1166,台東区 食品衛生営業施設一覧,486,アメヤ横丁
飲食店,食べる,飲食店営業（一般・日本料理）,なかね,35.70575,139.770401,point,上野一丁目６番７号,台東区,上野,1156,台東区 食品衛生営業施設一覧,459,アメヤ横丁
飲食店,食べる,飲食店営業（一般・日本料理）,もん,35.706421,139.771149,point,上野一丁目１１番６号,台東区,上野,1065,台東区 食品衛生営業施設一覧,360,アメヤ横丁
飲食店,食べる,飲食店営業（一般・日本料理）,きくち,35.706173,139.770706,point,上野一丁目１２番２号,台東区,上野,1103,台東区 食品衛生営業施設一覧,409,アメヤ横丁
飲食店,食べる,飲食店営業（一般・日本料理）,お江戸　上野広小路亭,35.707867,139.772858,point,上野一丁目２０番１０号,台東区,上野,873,台東区 食品衛生営業施設一覧,147,アメヤ横丁
飲食店,食べる,飲食店営業（一般・日本料理）,梅の花　上野広小路店,35.707733,139.772827,point,上野一丁目２０番１１号,台東区,上野,888,台東区 食品衛生営業施設一覧,155,アメヤ横丁
飲食店,食べる,飲食店営業（一般・日本料理）,玄品　上野,35.708485,139.772705,point,上野二丁目１番６号,台東区,上野,808,台東区 食品衛生営業施設一覧,154,アメヤ横丁
飲食店,食べる,飲食店営業（一般・日本料理）,味噌坐　玉響,35.708725,139.771561,point,上野二丁目４番４号,台東区,上野,809,台東区 食品衛生営業施設一覧,261,アメヤ横丁
飲食店,食べる,飲食店営業（一般・日本料理）,下谷屋久水,35.709,139.772278,point,上野二丁目９番１号,台東区,上野,761,台東区 食品衛生営業施設一覧,207,アメヤ横丁
飲食店,食べる,飲食店営業（一般・日本料理）,大戸屋　ごはん処　上野公園店,35.70956,139.773148,point,上野二丁目１２番１号,台東区,上野,683,台東区 食品衛生営業施設一覧,180,アメヤ横丁
飲食店,食べる,飲食店営業（一般・日本料理）,割烹　樹々,35.70956,139.771805,point,上野二丁目１２番１６号,台東区,上野,714,台東区 食品衛生営業施設一覧,273,アメヤ横丁
飲食店,食べる,飲食店営業（一般・日本料理）,上野池之端　伊豆榮本店,35.709732,139.772751,point,上野二丁目１２番２２号,台東区,上野,671,台東区 食品衛生営業施設一覧,218,アメヤ横丁
飲食店,食べる,飲食店営業（一般・日本料理）,かめや　一睡亭,35.709949,139.77298,point,上野二丁目１３番２号,台東区,上野,643,台東区 食品衛生営業施設一覧,224,アメヤ横丁
飲食店,食べる,飲食店営業（一般・日本料理）,みやけじま,35.704906,139.773987,point,上野三丁目９番６号,台東区,上野,1190,台東区 食品衛生営業施設一覧,379,アメヤ横丁
飲食店,食べる,飲食店営業（一般・日本料理）,小粋な　大松　御徒町店,35.705456,139.772781,point,上野三丁目１４番４号,台東区,上野,1139,台東区 食品衛生営業施設一覧,348,アメヤ横丁
飲食店,食べる,飲食店営業（一般・日本料理）,小豆,35.705624,139.772705,point,上野三丁目１５番７号,台東区,上野,1121,台東区 食品衛生営業施設一覧,335,アメヤ横丁
飲食店,食べる,飲食店営業（一般・日本料理）,池田屋,35.706024,139.773712,point,上野三丁目１９番７号,台東区,上野,1067,台東区 食品衛生営業施設一覧,261,アメヤ横丁
飲食店,食べる,飲食店営業（一般・日本料理）,まつうら,35.706436,139.773392,point,上野三丁目２３番１１号,台東区,上野,1024,台東区 食品衛生営業施設一覧,226,アメヤ横丁
飲食店,食べる,飲食店営業（一般・日本料理）,牛たん炭焼　利久　上野パルコヤ店,35.70697,139.772964,point,上野三丁目２４番６号,台東区,上野,970,台東区 食品衛生営業施設一覧,197,アメヤ横丁
飲食店,食べる,飲食店営業（一般・日本料理）,天ぷら　新宿つな八,35.70697,139.772964,point,上野三丁目２４番６号,台東区,上野,970,台東区 食品衛生営業施設一覧,197,アメヤ横丁
飲食店,食べる,飲食店営業（一般・日本料理）,ねぎし御徒町店,35.707405,139.77446,point,上野三丁目２７番１２号,台東区,上野,911,台東区 食品衛生営業施設一覧,100,アメヤ横丁
飲食店,食べる,飲食店営業（一般・日本料理）,しゃぶ輝御徒町店,35.707405,139.77446,point,上野三丁目２７番１２号,台東区,上野,911,台東区 食品衛生営業施設一覧,100,アメヤ横丁
飲食店,食べる,飲食店営業（一般・日本料理）,喜くばり,35.708111,139.773788,point,上野四丁目３番１０号,台東区,上野,835,台東区 食品衛生営業施設一覧,59,アメヤ横丁
飲食店,食べる,飲食店営業（一般・日本料理）,居酒屋　ごくごく,35.709915,139.773972,point,上野四丁目９番３号,台東区,上野,634,台東区 食品衛生営業施設一覧,184,アメヤ横丁
飲食店,食べる,飲食店営業（一般・日本料理）,ＮＥＯ酒場　てふてふ　上野店,35.710175,139.773865,point,上野四丁目９番６号,台東区,上野,606,台東区 食品衛生営業施設一覧,214,アメヤ横丁
飲食店,食べる,飲食店営業（一般・日本料理）,かに道楽　上野店,35.710175,139.773865,point,上野四丁目９番６号,台東区,上野,606,台東区 食品衛生営業施設一覧,214,アメヤ横丁
飲食店,食べる,飲食店営業（一般・日本料理）,牛かつもと村　上野店,35.710522,139.774475,point,上野四丁目１０番１７号,台東区,上野,565,台東区 食品衛生営業施設一覧,247,アメヤ横丁
飲食店,食べる,飲食店営業（一般・日本料理）,和食　ありえ,35.703621,139.775375,point,上野五丁目５番６号,台東区,上野,1334,台東区 食品衛生営業施設一覧,528,アメヤ横丁
飲食店,食べる,飲食店営業（一般・日本料理）,どんべ,35.703739,139.774719,point,上野五丁目８番１号,台東区,上野,1319,台東区 食品衛生営業施設一覧,508,アメヤ横丁
飲食店,食べる,飲食店営業（一般・日本料理）,戸隠製粉,35.706333,139.774826,point,上野五丁目２０番１５号,台東区,上野,1031,台東区 食品衛生営業施設一覧,222,アメヤ横丁
飲食店,食べる,飲食店営業（一般・日本料理）,阿?,35.707134,139.775024,point,上野五丁目２６番５号,台東区,上野,943,台東区 食品衛生営業施設一覧,141,アメヤ横丁
飲食店,食べる,飲食店営業（一般・日本料理）,とらふぐ亭　上野駅前店,35.710056,139.776154,point,上野六丁目７番１３号,台東区,上野,634,台東区 食品衛生営業施設一覧,251,アメヤ横丁
飲食店,食べる,飲食店営業（一般・日本料理）,酒と肴　炭猿,35.70929,139.775497,point,上野六丁目８番５号,台東区,上野,707,台東区 食品衛生営業施設一覧,148,アメヤ横丁
飲食店,食べる,飲食店営業（一般・日本料理）,壱番亭　和牛と牛タン,35.709553,139.775513,point,上野六丁目８番７号,台東区,上野,679,台東区 食品衛生営業施設一覧,172,アメヤ横丁
飲食店,食べる,飲食店営業（一般・日本料理）,名代宇奈とと　上野店,35.711128,139.774872,point,上野六丁目１１番１５号,台東区,上野,498,台東区 食品衛生営業施設一覧,317,アメヤ横丁
飲食店,食べる,飲食店営業（一般・日本料理）,ねぎし　上野駅前Ｂ１店,35.71138,139.775543,point,上野六丁目１４番７号,台東区,上野,479,台東区 食品衛生営業施設一覧,358,アメヤ横丁
飲食店,食べる,飲食店営業（一般・日本料理）,天ぷら宮　駅前店,35.71138,139.775543,point,上野六丁目１４番７号,台東区,上野,479,台東区 食品衛生営業施設一覧,358,アメヤ横丁
飲食店,食べる,飲食店営業（一般・日本料理）,本場讃岐うどん　めりけんや　上野店,35.713696,139.776917,point,上野七丁目１番１号,台東区,上野,304,台東区 食品衛生営業施設一覧,369,上野公園
飲食店,食べる,飲食店営業（一般・日本料理）,和の食　Ｈａｋｏ,35.713093,139.777985,point,上野七丁目２番１６号,台東区,上野,420,台東区 食品衛生営業施設一覧,486,上野公園
飲食店,食べる,飲食店営業（一般・日本料理）,しゃぶ菜　上野の森さくらテラス,35.712082,139.774704,point,上野公園１番５４号,台東区,上野公園,392,台東区 食品衛生営業施設一覧,385,上野公園
飲食店,食べる,飲食店営業（一般・日本料理）,おぼん　ｄｅ　ごはん,35.712082,139.774704,point,上野公園１番５４号,台東区,上野公園,392,台東区 食品衛生営業施設一覧,385,上野公園
飲食店,食べる,飲食店営業（一般・日本料理）,牛かつもと村　上野の森さくらテラス,35.712082,139.774704,point,上野公園１番５４号,台東区,上野公園,392,台東区 食品衛生営業施設一覧,385,上野公園
飲食店,食べる,飲食店営業（一般・日本料理）,神戸牛ダイア　上野１号店,35.711739,139.77449,point,上野公園１番５７号,台東区,上野公園,429,台東区 食品衛生営業施設一覧,382,アメヤ横丁
飲食店,食べる,飲食店営業（一般・日本料理）,伊豆栄梅川亭,35.714901,139.771545,point,上野公園４番３４号,台東区,上野公園,278,台東区 食品衛生営業施設一覧,176,上野公園
飲食店,食べる,飲食店営業（一般・日本料理）,韻松亭,35.713768,139.772827,point,上野公園４番５９号,台東区,上野公園,254,台東区 食品衛生営業施設一覧,187,上野公園
飲食店,食べる,飲食店営業（一般・日本料理）,Ａｓａｒｉ１１１,35.709267,139.794159,point,雷門一丁目１番１号,台東区,雷門,1910,台東区 食品衛生営業施設一覧,286,雷門
飲食店,食べる,飲食店営業（一般・日本料理）,若鹿,35.710815,139.794495,point,雷門一丁目１３番１３号,台東区,雷門,1882,台東区 食品衛生営業施設一覧,199,雷門
飲食店,食べる,飲食店営業（一般・日本料理）,茶寮一松,35.710766,139.793304,point,雷門一丁目１５番１号,台東区,雷門,1781,台東区 食品衛生営業施設一覧,307,雷門
飲食店,食べる,飲食店営業（一般・日本料理）,かにかとう,35.70945,139.797241,point,雷門二丁目１番８号,台東区,雷門,2164,台東区 食品衛生営業施設一覧,158,雷門
飲食店,食べる,飲食店営業（一般・日本料理）,蟹茶屋加藤,35.70945,139.797241,point,雷門二丁目１番８号,台東区,雷門,2164,台東区 食品衛生営業施設一覧,158,雷門
飲食店,食べる,飲食店営業（一般・日本料理）,浅草むぎとろ,35.709126,139.796646,point,雷門二丁目２番４号,台東区,雷門,2125,台東区 食品衛生営業施設一覧,186,雷門
飲食店,食べる,飲食店営業（一般・日本料理）,酒菜旬菜　おこぼれ,35.709705,139.794495,point,雷門二丁目８番３号,台東区,雷門,1921,台東区 食品衛生営業施設一覧,233,雷門
飲食店,食べる,飲食店営業（一般・日本料理）,おかみさんの大皿料理　えん,35.709919,139.794876,point,雷門二丁目８番８号,台東区,雷門,1945,台東区 食品衛生営業施設一覧,192,雷門
飲食店,食べる,飲食店営業（一般・日本料理）,十駒,35.709919,139.794876,point,雷門二丁目８番８号,台東区,雷門,1945,台東区 食品衛生営業施設一覧,192,雷門
飲食店,食べる,飲食店営業（一般・日本料理）,浅草　牛かつ,35.710827,139.795898,point,雷門二丁目１７番１０号,台東区,雷門,2003,台東区 食品衛生営業施設一覧,72,雷門
飲食店,食べる,飲食店営業（一般・日本料理）,浅草牛かつ　分店,35.710255,139.796799,point,雷門二丁目１８番１６号,台東区,雷門,2099,台東区 食品衛生営業施設一覧,61,雷門
飲食店,食べる,飲食店営業（一般・日本料理）,上野厨房,35.717381,139.783035,point,北上野一丁目１０番１４号,台東区,北上野,796,台東区 食品衛生営業施設一覧,898,上野公園
飲食店,食べる,飲食店営業（一般・日本料理）,中華　由,35.717209,139.7845,point,北上野二丁目１４番３号,台東区,北上野,920,台東区 食品衛生営業施設一覧,1023,上野公園
飲食店,食べる,飲食店営業（一般・日本料理）,ｂｒｏｃｈｅｔｔｅ　Ｎａｍｉｏｋａ,35.718967,139.785019,point,北上野二丁目２８番９号,台東区,北上野,1021,台東区 食品衛生営業施設一覧,1122,上野公園
飲食店,食べる,飲食店営業（一般・日本料理）,結わえる,35.703743,139.793304,point,蔵前二丁目１４番１４号,台東区,蔵前,2150,台東区 食品衛生営業施設一覧,842,雷門
飲食店,食べる,飲食店営業（一般・日本料理）,すき焼き　一葉,35.704079,139.790756,point,蔵前三丁目７番８号,台東区,蔵前,1948,台東区 食品衛生営業施設一覧,920,雷門
飲食店,食べる,飲食店営業（一般・日本料理）,東京リバーサイド蒸溜所,35.704697,139.790588,point,蔵前三丁目９番３号,台東区,蔵前,1892,台東区 食品衛生営業施設一覧,875,雷門
飲食店,食べる,飲食店営業（一般・日本料理）,高ひろ,35.705124,139.790695,point,蔵前三丁目１６番３号,台東区,蔵前,1869,台東区 食品衛生営業施設一覧,832,雷門
飲食店,食べる,飲食店営業（一般・日本料理）,鰻　ふぐ　懐石　今井,35.704739,139.789246,point,蔵前四丁目２３番１号,台東区,蔵前,1798,台東区 食品衛生営業施設一覧,952,雷門
飲食店,食べる,飲食店営業（一般・日本料理）,居酒屋　蝶,35.705013,139.782166,point,小島一丁目７番９号,台東区,小島,1366,台東区 食品衛生営業施設一覧,791,アメヤ横丁
飲食店,食べる,飲食店営業（一般・日本料理）,相撲茶屋　清國,35.707455,139.788559,point,寿一丁目１２番２号,台東区,寿,1559,台東区 食品衛生営業施設一覧,824,雷門
飲食店,食べる,飲食店営業（一般・日本料理）,梓夢羅,35.708431,139.792465,point,寿四丁目５番４号,台東区,寿,1807,台東区 食品衛生営業施設一覧,464,雷門
飲食店,食べる,飲食店営業（一般・日本料理）,駒形どぜう,35.707573,139.795135,point,駒形一丁目７番１２号,台東区,駒形,2066,台東区 食品衛生営業施設一覧,386,雷門
飲食店,食べる,飲食店営業（一般・日本料理）,天ぷら・割烹　つかごし,35.708244,139.795563,point,駒形一丁目１２番１６号,台東区,駒形,2070,台東区 食品衛生営業施設一覧,302,雷門
飲食店,食べる,飲食店営業（一般・日本料理）,鴨とＳＡＫＥ,35.705688,139.794739,point,駒形二丁目１番８号,台東区,駒形,2134,台東区 食品衛生営業施設一覧,595,雷門
飲食店,食べる,飲食店営業（一般・日本料理）,日本料理　花坊,35.707985,139.796097,point,駒形二丁目１番２７号,台東区,駒形,2126,台東区 食品衛生営業施設一覧,318,雷門
飲食店,食べる,飲食店営業（一般・日本料理）,蔵前　えいしち酒場,35.705006,139.79422,point,駒形二丁目２番１０号,台東区,駒形,2135,台東区 食品衛生営業施設一覧,682,雷門
飲食店,食べる,飲食店営業（一般・日本料理）,ディンハウ,35.721554,139.790619,point,千束二丁目２５番４号,台東区,千束,1599,台東区 食品衛生営業施設一覧,940,浅草寺
飲食店,食べる,飲食店営業（一般・日本料理）,又一　翁,35.720825,139.793762,point,千束三丁目４番４号,台東区,千束,1833,台東区 食品衛生営業施設一覧,730,浅草寺
飲食店,食べる,飲食店営業（一般・日本料理）,ちゃんこ　さわ田,35.721519,139.791718,point,千束三丁目１６番９号,台東区,千束,1688,台東区 食品衛生営業施設一覧,882,浅草寺
飲食店,食べる,飲食店営業（一般・日本料理）,桜なべ中江別館金村,35.723755,139.795425,point,千束四丁目１６番７号,台東区,千束,2095,台東区 食品衛生営業施設一覧,1012,浅草寺
飲食店,食べる,飲食店営業（一般・日本料理）,季節料理　大黒屋,35.723518,139.794754,point,千束四丁目３０番１号,台東区,千束,2029,台東区 食品衛生営業施設一覧,995,浅草寺
飲食店,食べる,飲食店営業（一般・日本料理）,吉原　もん,35.724529,139.797058,point,千束四丁目３６番１号,台東区,千束,2266,台東区 食品衛生営業施設一覧,1091,浅草寺
飲食店,食べる,飲食店営業（一般・日本料理）,きよ里,35.700787,139.77623,point,台東一丁目８番４号,台東区,台東,1655,台東区 食品衛生営業施設一覧,852,アメヤ横丁
飲食店,食べる,飲食店営業（一般・日本料理）,みやび亭,35.704556,139.777374,point,台東三丁目１１番５号,台東区,台東,1255,台東区 食品衛生営業施設一覧,495,アメヤ横丁
飲食店,食べる,飲食店営業（一般・日本料理）,おかちまちレスト,35.704735,139.776566,point,台東三丁目１４番６号,台東区,台東,1222,台東区 食品衛生営業施設一覧,442,アメヤ横丁
飲食店,食べる,飲食店営業（一般・日本料理）,シルバースプーン　御徒町店,35.704887,139.776245,point,台東三丁目１６番４号,台東区,台東,1202,台東区 食品衛生営業施設一覧,414,アメヤ横丁
飲食店,食べる,飲食店営業（一般・日本料理）,ゴーストレストラン　御徒町店,35.704887,139.776245,point,台東三丁目１６番４号,台東区,台東,1202,台東区 食品衛生営業施設一覧,414,アメヤ横丁
飲食店,食べる,飲食店営業（一般・日本料理）,ゴーストレストラン御徒町,35.704887,139.776245,point,台東三丁目１６番４号,台東区,台東,1202,台東区 食品衛生営業施設一覧,414,アメヤ横丁
飲食店,食べる,飲食店営業（一般・日本料理）,やひこ,35.706596,139.776535,point,台東四丁目１１番１号,台東区,台東,1018,台東区 食品衛生営業施設一覧,270,アメヤ横丁
飲食店,食べる,飲食店営業（一般・日本料理）,嬉八,35.706585,139.778061,point,台東四丁目１８番８号,台東区,台東,1053,台東区 食品衛生営業施設一覧,382,アメヤ横丁
飲食店,食べる,飲食店営業（一般・日本料理）,Ｔｈｅ　架　－Ｋａｋｅｒｕ－　蔵前,35.702808,139.78746,point,鳥越二丁目１３番１５号,台東区,鳥越,1842,台東区 食品衛生営業施設一覧,1219,雷門
飲食店,食べる,飲食店営業（一般・日本料理）,てる美,35.710377,139.789017,point,西浅草一丁目４番１８号,台東区,西浅草,1434,台東区 食品衛生営業施設一覧,695,雷門
飲食店,食べる,飲食店営業（一般・日本料理）,酒肴みずの,35.71188,139.790985,point,西浅草二丁目２番１号,台東区,西浅草,1545,台東区 食品衛生営業施設一覧,507,仲見世通り
飲食店,食べる,飲食店営業（一般・日本料理）,小料理屋　さと,35.712429,139.790375,point,西浅草二丁目１０番３号,台東区,西浅草,1476,台東区 食品衛生営業施設一覧,565,仲見世通り
飲食店,食べる,飲食店営業（一般・日本料理）,旬菜と酒　余花,35.712559,139.790405,point,西浅草二丁目１０番４号,台東区,西浅草,1475,台東区 食品衛生営業施設一覧,564,仲見世通り
飲食店,食べる,飲食店営業（一般・日本料理）,旬花,35.712791,139.790726,point,西浅草二丁目１０番７号,台東区,西浅草,1498,台東区 食品衛生営業施設一覧,540,仲見世通り
飲食店,食べる,飲食店営業（一般・日本料理）,とらふぐ亭　浅草店,35.713104,139.792099,point,西浅草二丁目１４番１５号,台東区,西浅草,1613,台東区 食品衛生営業施設一覧,428,仲見世通り
飲食店,食べる,飲食店営業（一般・日本料理）,和創彩　ゆゆ,35.713245,139.790497,point,西浅草二丁目１６番５号,台東区,西浅草,1468,台東区 食品衛生営業施設一覧,571,仲見世通り
飲食店,食べる,飲食店営業（一般・日本料理）,うなぎさんしょ,35.71368,139.790558,point,西浅草二丁目２５番６号,台東区,西浅草,1465,台東区 食品衛生営業施設一覧,571,浅草寺
飲食店,食べる,飲食店営業（一般・日本料理）,西浅草　駿,35.713974,139.791199,point,西浅草二丁目２５番１２号,台東区,西浅草,1518,台東区 食品衛生営業施設一覧,508,浅草寺
飲食店,食べる,飲食店営業（一般・日本料理）,浅草　川井,35.713364,139.792084,point,西浅草二丁目２６番１号,台東区,西浅草,1607,台東区 食品衛生営業施設一覧,439,仲見世通り
飲食店,食べる,飲食店営業（一般・日本料理）,越後家,35.713932,139.791977,point,西浅草三丁目１番２号,台東区,西浅草,1589,台東区 食品衛生営業施設一覧,440,浅草寺
飲食店,食べる,飲食店営業（一般・日本料理）,浅草ビューホテル　３階厨房,35.715073,139.792282,point,西浅草三丁目１７番１号,台東区,西浅草,1606,台東区 食品衛生営業施設一覧,405,浅草寺
飲食店,食べる,飲食店営業（一般・日本料理）,浅草ビューホテル　和食　歌留多,35.715073,139.792282,point,西浅草三丁目１７番１号,台東区,西浅草,1606,台東区 食品衛生営業施設一覧,405,浅草寺
飲食店,食べる,飲食店営業（一般・日本料理）,あつみや,35.724926,139.797134,point,日本堤一丁目８番４号,台東区,日本堤,2291,台東区 食品衛生営業施設一覧,1135,浅草寺
飲食店,食べる,飲食店営業（一般・日本料理）,桜なべ　中江,35.725098,139.797012,point,日本堤一丁目９番２号,台東区,日本堤,2290,台東区 食品衛生営業施設一覧,1154,浅草寺
飲食店,食べる,飲食店営業（一般・日本料理）,きせん,35.720856,139.780182,point,根岸一丁目１番１５号,台東区,根岸,778,台東区 食品衛生営業施設一覧,864,上野公園
飲食店,食べる,飲食店営業（一般・日本料理）,卯月,35.720394,139.781036,point,根岸一丁目１番２６号,台東区,根岸,795,台東区 食品衛生営業施設一覧,887,上野公園
飲食店,食べる,飲食店営業（一般・日本料理）,蒲焼割烹根ぎし宮川,35.71928,139.780487,point,根岸一丁目１番３５号,台東区,根岸,678,台東区 食品衛生営業施設一覧,773,上野公園
飲食店,食べる,飲食店営業（一般・日本料理）,宝ろく,35.722263,139.777985,point,根岸一丁目７番３号,台東区,根岸,805,台東区 食品衛生営業施設一覧,870,上野公園
飲食店,食べる,飲食店営業（一般・日本料理）,大漁丼家　根岸店,35.723328,139.777039,point,根岸一丁目１０番１２号,台東区,根岸,889,台東区 食品衛生営業施設一覧,943,上野公園
飲食店,食べる,飲食店営業（一般・日本料理）,笹乃雪,35.724457,139.776535,point,根岸二丁目５番１２号,台東区,根岸,1002,台東区 食品衛生営業施設一覧,1048,上野公園
飲食店,食べる,飲食店営業（一般・日本料理）,ちゃんこ玉勝,35.721962,139.782379,point,根岸三丁目２番１２号,台東区,根岸,1003,台東区 食品衛生営業施設一覧,1092,上野公園
飲食店,食べる,飲食店営業（一般・日本料理）,もりもり居酒屋,35.722488,139.779739,point,根岸三丁目６番５号,台東区,根岸,900,台東区 食品衛生営業施設一覧,976,上野公園
飲食店,食べる,飲食店営業（一般・日本料理）,魚がし食堂こむ,35.723038,139.779099,point,根岸三丁目８番１２号,台東区,根岸,925,台東区 食品衛生営業施設一覧,995,上野公園
飲食店,食べる,飲食店営業（一般・日本料理）,酒の和　幸多,35.724583,139.779007,point,根岸三丁目２５番６号,台東区,根岸,1079,台東区 食品衛生営業施設一覧,1142,上野公園
飲食店,食べる,飲食店営業（一般・日本料理）,季節料理　さつき,35.724617,139.782867,point,根岸四丁目６番１号,台東区,根岸,1255,台東区 食品衛生営業施設一覧,1336,上野公園
飲食店,食べる,飲食店営業（一般・日本料理）,ご飯ととろろ　とろ麦,35.71122,139.797836,point,花川戸一丁目４番１号,台東区,花川戸,2162,台東区 食品衛生営業施設一覧,113,雷門
飲食店,食べる,飲食店営業（一般・日本料理）,悦納,35.712646,139.79863,point,花川戸一丁目９番１号,台東区,花川戸,2203,台東区 食品衛生営業施設一覧,201,仲見世通り
飲食店,食べる,飲食店営業（一般・日本料理）,かたじけない,35.714962,139.801453,point,花川戸二丁目１６番１１号,台東区,花川戸,2434,台東区 食品衛生営業施設一覧,425,浅草寺
飲食店,食べる,飲食店営業（一般・日本料理）,和食　恵,35.715294,139.799377,point,花川戸二丁目２０番１号,台東区,花川戸,2246,台東区 食品衛生営業施設一覧,246,浅草寺
飲食店,食べる,飲食店営業（一般・日本料理）,おとなの居酒屋　山海亭,35.70858,139.777252,point,東上野一丁目１７番６号,台東区,東上野,819,台東区 食品衛生営業施設一覧,259,アメヤ横丁
飲食店,食べる,飲食店営業（一般・日本料理）,古都,35.708195,139.779129,point,東上野一丁目２２番３号,台東区,東上野,923,台東区 食品衛生営業施設一覧,427,アメヤ横丁
飲食店,食べる,飲食店営業（一般・日本料理）,かんけり,35.709557,139.778809,point,東上野二丁目１０番７号,台東区,東上野,776,台東区 食品衛生営業施設一覧,422,アメヤ横丁
飲食店,食べる,飲食店営業（一般・日本料理）,伏見,35.710682,139.77774,point,東上野三丁目１６番３号,台東区,東上野,620,台東区 食品衛生営業施設一覧,401,アメヤ横丁
飲食店,食べる,飲食店営業（一般・日本料理）,鰻の成瀬　東上野店,35.710682,139.77774,point,東上野三丁目１６番３号,台東区,東上野,620,台東区 食品衛生営業施設一覧,401,アメヤ横丁
飲食店,食べる,飲食店営業（一般・日本料理）,たむら,35.71101,139.780594,point,東上野三丁目２８番４号,台東区,東上野,750,台東区 食品衛生営業施設一覧,635,アメヤ横丁
飲食店,食べる,飲食店営業（一般・日本料理）,讃岐手打ちうどん青ノ山，東スポ居酒屋,35.712959,139.779358,point,東上野四丁目８番１号,台東区,東上野,528,台東区 食品衛生営業施設一覧,602,上野公園
飲食店,食べる,飲食店営業（一般・日本料理）,鮒忠　東上野店,35.713192,139.781006,point,東上野五丁目７番５号,台東区,東上野,646,台東区 食品衛生営業施設一覧,729,上野公園
飲食店,食べる,飲食店営業（一般・日本料理）,稲荷町　髙はし,35.713993,139.782669,point,東上野五丁目１７番８号,台東区,東上野,759,台東区 食品衛生営業施設一覧,851,上野公園
飲食店,食べる,飲食店営業（一般・日本料理）,ひょうたん,35.711819,139.784897,point,東上野六丁目５番１号,台東区,東上野,1029,台東区 食品衛生営業施設一覧,1025,アメヤ横丁
飲食店,食べる,飲食店営業（一般・日本料理）,杜都旬菜　合羽橋　ほていや,35.711174,139.78685,point,松が谷一丁目３番１５号,台東区,松が谷,1219,台東区 食品衛生営業施設一覧,884,仲見世通り
飲食店,食べる,飲食店営業（一般・日本料理）,嬉嬉豚とんかつ『君に、揚げる。』（極）,35.711128,139.785065,point,松が谷一丁目４番６号,台東区,松が谷,1076,台東区 食品衛生営業施設一覧,1013,アメヤ横丁
飲食店,食べる,飲食店営業（一般・日本料理）,台湾料理　阿里山,35.712624,139.787094,point,松が谷二丁目２番５号,台東区,松が谷,1184,台東区 食品衛生営業施設一覧,862,仲見世通り
飲食店,食べる,飲食店営業（一般・日本料理）,食・松浦,35.715672,139.787109,point,松が谷三丁目５番８号,台東区,松が谷,1138,台東区 食品衛生営業施設一覧,877,浅草寺
飲食店,食べる,飲食店営業（一般・日本料理）,ＳＡＴＳＵＫＩ　ＢＡＲ　＆　ＤＩＮＩＮＧ,35.718174,139.787811,point,松が谷四丁目２１番７号,台東区,松が谷,1235,台東区 食品衛生営業施設一覧,894,浅草寺
飲食店,食べる,飲食店営業（一般・日本料理）,四季料理　かわ乃,35.71904,139.786118,point,松が谷四丁目２８番７号,台東区,松が谷,1116,台東区 食品衛生営業施設一覧,1073,浅草寺
飲食店,食べる,飲食店営業（一般・日本料理）,米よし台東,35.703445,139.787125,point,三筋一丁目３番１７号,台東区,三筋,1768,台東区 食品衛生営業施設一覧,1190,雷門
飲食店,食べる,飲食店営業（一般・日本料理）,小料理　鈴川,35.728172,139.790924,point,三ノ輪一丁目２０番３号,台東区,三ノ輪,2038,台東区 食品衛生営業施設一覧,1586,浅草寺
飲食店,食べる,飲食店営業（一般・日本料理）,松屋　三ノ輪店,35.730339,139.792038,point,三ノ輪二丁目１４番１０号,台東区,三ノ輪,2279,台東区 食品衛生営業施設一覧,1788,浅草寺
飲食店,食べる,飲食店営業（一般・日本料理）,甚三紅,35.71973,139.768143,point,谷中一丁目１番２１号,台東区,谷中,735,台東区 食品衛生営業施設一覧,678,上野公園
飲食店,食べる,飲食店営業（一般・日本料理）,瞬彩　真,35.718929,139.766464,point,谷中一丁目３番４号,台東区,谷中,814,台東区 食品衛生営業施設一覧,740,上野公園
飲食店,食べる,飲食店営業（一般・日本料理）,里,35.72477,139.764236,point,谷中三丁目２番６号,台東区,谷中,1378,台東区 食品衛生営業施設一覧,1332,上野公園
飲食店,食べる,飲食店営業（一般・日本料理）,やなか風紡,35.725605,139.765228,point,谷中三丁目４番９号,台東区,谷中,1392,台東区 食品衛生営業施設一覧,1355,上野公園
飲食店,食べる,飲食店営業（一般・日本料理）,みさき,35.7272,139.764832,point,谷中三丁目８番８号,台東区,谷中,1557,台東区 食品衛生営業施設一覧,1525,上野公園
飲食店,食べる,飲食店営業（一般・日本料理）,谷中鳥よし,35.728733,139.764465,point,谷中三丁目１４番６号,台東区,谷中,1718,台東区 食品衛生営業施設一覧,1690,上野公園
飲食店,食べる,飲食店営業（一般・日本料理）,悠々庵,35.7211,139.770691,point,谷中六丁目１番１号,台東区,谷中,702,台東区 食品衛生営業施設一覧,681,上野公園
飲食店,食べる,飲食店営業（一般・日本料理）,ＴＤＫ柳橋倶楽部,35.695732,139.787537,point,柳橋一丁目２番１３号,台東区,柳橋,2503,台東区 食品衛生営業施設一覧,1833,アメヤ横丁
飲食店,食べる,飲食店営業（一般・日本料理）,ちゃんこ　?瀬,35.696163,139.785767,point,柳橋一丁目３番７号,台東区,柳橋,2389,台東区 食品衛生営業施設一覧,1696,アメヤ横丁
飲食店,食べる,飲食店営業（一般・日本料理）,赤兎,35.697899,139.787415,point,柳橋一丁目２４番５号,台東区,柳橋,2288,台東区 食品衛生営業施設一覧,1649,アメヤ横丁
飲食店,食べる,飲食店営業（一般・日本料理）,よし田,35.697266,139.7883,point,柳橋一丁目２６番１０号,台東区,柳橋,2389,台東区 食品衛生営業施設一覧,1685,雷門
飲食店,食べる,飲食店営業（一般・日本料理）,普茶　梵,35.722881,139.790482,point,竜泉一丁目２番１１号,台東区,竜泉,1654,台東区 食品衛生営業施設一覧,1069,浅草寺
飲食店,食べる,菓子製造業（パン製造業）,クラージュ,35.711369,139.79361,point,浅草一丁目７番１号,台東区,浅草,1788,台東区 食品衛生営業施設一覧,276,仲見世通り
飲食店,食べる,菓子製造業（パン製造業）,株式会社西友　浅草ＲＯＸ食品館店　若菜,35.71294,139.793137,point,浅草一丁目２５番１５号,台東区,浅草,1708,台東区 食品衛生営業施設一覧,333,仲見世通り
飲食店,食べる,菓子製造業（パン製造業）,浅草さくら,35.711781,139.796936,point,浅草一丁目３２番１号,台東区,浅草,2070,台東区 食品衛生営業施設一覧,33,仲見世通り
飲食店,食べる,菓子製造業（パン製造業）,東京浅草　浪漫,35.712299,139.796631,point,浅草一丁目３２番７号,台東区,浅草,2032,台東区 食品衛生営業施設一覧,44,仲見世通り
飲食店,食べる,菓子製造業（パン製造業）,（株）あんですまとば,35.71616,139.797592,point,浅草三丁目３番２号,台東区,浅草,2086,台東区 食品衛生営業施設一覧,177,浅草寺
飲食店,食べる,菓子製造業（パン製造業）,ローソンＨ台東浅草三丁目店,35.71722,139.794144,point,浅草三丁目１０番５号,台東区,浅草,1783,台東区 食品衛生営業施設一覧,364,浅草寺
飲食店,食べる,菓子製造業（パン製造業）,㈱関根麺麭製造所,35.718349,139.793686,point,浅草三丁目４１番１０号,台東区,浅草,1759,台東区 食品衛生営業施設一覧,489,浅草寺
飲食店,食べる,菓子製造業（パン製造業）,Ｈ＊Ｂ　　ＨＡＲＵ＊ＢＯＵＺ,35.697887,139.78537,point,浅草橋一丁目２８番１号,台東区,浅草橋,2201,台東区 食品衛生営業施設一覧,1524,アメヤ横丁
飲食店,食べる,菓子製造業（パン製造業）,ボワ・ド・ブローニュ,35.699455,139.780548,point,浅草橋五丁目４番４号,台東区,浅草橋,1876,台東区 食品衛生営業施設一覧,1129,アメヤ横丁
飲食店,食べる,菓子製造業（パン製造業）,たいとう第四福祉作業所,35.721645,139.803177,point,今戸二丁目１８番２号,台東区,今戸,2675,台東区 食品衛生営業施設一覧,964,浅草寺
飲食店,食べる,菓子製造業（パン製造業）,スギウラベーカリー,35.719036,139.787674,point,入谷一丁目１番９号,台東区,入谷,1249,台東区 食品衛生営業施設一覧,950,浅草寺
飲食店,食べる,菓子製造業（パン製造業）,吉池本店　Ｂ１階　ベイカリー作業室,35.707405,139.77446,point,上野三丁目２７番１２号,台東区,上野,911,台東区 食品衛生営業施設一覧,100,アメヤ横丁
飲食店,食べる,菓子製造業（パン製造業）,松坂屋　上野店（金谷ホテルベーカリー）,35.707516,139.773193,point,上野三丁目２９番５号,台東区,上野,907,台東区 食品衛生営業施設一覧,140,アメヤ横丁
飲食店,食べる,菓子製造業（パン製造業）,アンデルセン　アトレ上野店,35.713696,139.776917,point,上野七丁目１番１号,台東区,上野,304,台東区 食品衛生営業施設一覧,369,上野公園
飲食店,食べる,菓子製造業（パン製造業）,Ｚｏｐｆエキュート上野店,35.713696,139.776917,point,上野七丁目１番１号,台東区,上野,304,台東区 食品衛生営業施設一覧,369,上野公園
飲食店,食べる,菓子製造業（パン製造業）,アンティーク・ブルー,35.721809,139.771179,point,上野桜木二丁目１２番３号,台東区,上野桜木,753,台東区 食品衛生営業施設一覧,742,上野公園
飲食店,食べる,菓子製造業（パン製造業）,ＫＯＭＥ　ＰＡＮ,35.711262,139.79248,point,雷門一丁目１６番８号,台東区,雷門,1693,台東区 食品衛生営業施設一覧,379,仲見世通り
飲食店,食べる,菓子製造業（パン製造業）,株式会社　ペリカン,35.708553,139.791336,point,寿四丁目７番４号,台東区,寿,1710,台東区 食品衛生営業施設一覧,545,雷門
飲食店,食べる,菓子製造業（パン製造業）,月と星　入谷製造所,35.719093,139.782455,point,下谷一丁目８番２０号,台東区,下谷,816,台東区 食品衛生営業施設一覧,916,上野公園
飲食店,食べる,菓子製造業（パン製造業）,ＢＩＢ　ＢＡＫＥＲＹ,35.721413,139.790558,point,千束二丁目２６番１０号,台東区,千束,1587,台東区 食品衛生営業施設一覧,931,浅草寺
飲食店,食べる,菓子製造業（パン製造業）,オーロール文明軒,35.721027,139.792847,point,千束三丁目１２番９号,台東区,千束,1763,台東区 食品衛生営業施設一覧,785,浅草寺
飲食店,食べる,菓子製造業（パン製造業）,サミットストア御徒町ＴＡＫＥＹＡ１店（ベーカリー作業場、サンド室）,35.706573,139.776855,point,台東四丁目１２番１号,台東区,台東,1026,台東区 食品衛生営業施設一覧,293,アメヤ横丁
飲食店,食べる,菓子製造業（パン製造業）,ベーカリー＆カフェ　ヤマザキ　田原町店,35.710155,139.791351,point,西浅草一丁目１番１７号,台東区,西浅草,1637,台東区 食品衛生営業施設一覧,488,雷門
飲食店,食べる,菓子製造業（パン製造業）,食パンですよ,35.715195,139.790237,point,西浅草三丁目１２番４号,台東区,西浅草,1421,台東区 食品衛生営業施設一覧,590,浅草寺
飲食店,食べる,菓子製造業（パン製造業）,ＴＨＥ　ＬＯＢＢＹ　ＢＡＬ・ＳＷＥＥＴＳ＆ＢＡＫＥＲＹ　穂乃華,35.715073,139.792282,point,西浅草三丁目１７番１号,台東区,西浅草,1606,台東区 食品衛生営業施設一覧,405,浅草寺
飲食店,食べる,菓子製造業（パン製造業）,パン工房　匠,35.726517,139.798782,point,日本堤一丁目１８番７号,台東区,日本堤,2506,台東区 食品衛生営業施設一覧,1325,浅草寺
飲食店,食べる,菓子製造業（パン製造業）,スーパーシマダヤ　日本堤店,35.727856,139.799637,point,日本堤二丁目１番２号,台東区,日本堤,2647,台東区 食品衛生営業施設一覧,1484,浅草寺
飲食店,食べる,菓子製造業（パン製造業）,ワイズマート三ノ輪店（ベーカリー）,35.728657,139.790115,point,根岸五丁目１８番１号,台東区,根岸,2024,台東区 食品衛生営業施設一覧,1661,浅草寺
飲食店,食べる,菓子製造業（パン製造業）,デイリーヤマザキ　浅草花川戸店,35.713032,139.798035,point,花川戸一丁目７番５号,台東区,花川戸,2144,台東区 食品衛生営業施設一覧,181,仲見世通り
飲食店,食べる,菓子製造業（パン製造業）,Ｍａｎｕｆａｃｔｕｒｅ,35.712315,139.799347,point,花川戸一丁目１１番１号,台東区,花川戸,2273,台東区 食品衛生営業施設一覧,252,仲見世通り
飲食店,食べる,菓子製造業（パン製造業）,まにゅぱん,35.709248,139.779037,point,東上野二丁目１０番１２号,台東区,東上野,816,台東区 食品衛生営業施設一覧,432,アメヤ横丁
飲食店,食べる,菓子製造業（パン製造業）,ＲＯＵＴＥ　Ｐａｉｎ,35.713844,139.780624,point,東上野四丁目１４番３号,台東区,東上野,586,台東区 食品衛生営業施設一覧,674,上野公園
飲食店,食べる,菓子製造業（パン製造業）,清水製パン所,35.715275,139.784561,point,東上野六丁目２７番７号,台東区,東上野,909,台東区 食品衛生営業施設一覧,1008,上野公園
飲食店,食べる,菓子製造業（パン製造業）,ゆうひ堂,35.713062,139.785675,point,松が谷二丁目５番９号,台東区,松が谷,1048,台東区 食品衛生営業施設一覧,995,仲見世通り
飲食店,食べる,菓子製造業（パン製造業）,オーダーベーカリー　Ｐｌｕｓ　ｍａｍａｎｎ,35.714493,139.78656,point,松が谷二丁目２９番４号,台東区,松が谷,1096,台東区 食品衛生営業施設一覧,920,浅草寺
飲食店,食べる,菓子製造業（パン製造業）,スーパーヤマザキ　三筋店,35.70549,139.787231,point,三筋二丁目１５番６号,台東区,三筋,1608,台東区 食品衛生営業施設一覧,1039,雷門
飲食店,食べる,菓子製造業（パン製造業）,リバティ,35.7253,139.764221,point,谷中三丁目２番１０号,台東区,谷中,1423,台東区 食品衛生営業施設一覧,1380,上野公園
飲食店,食べる,菓子製造業（パン製造業）,有限会社　ラ・スール・リマーレ,35.72823,139.764633,point,谷中三丁目１３番９号,台東区,谷中,1663,台東区 食品衛生営業施設一覧,1633,上野公園
飲食店,食べる,菓子製造業（パン製造業）,こむぎゅ,35.726463,139.76825,point,谷中五丁目９番２６号,台東区,谷中,1333,台東区 食品衛生営業施設一覧,1317,上野公園
飲食店,食べる,菓子製造業（パン製造業）,Ｃａｆｅ　Ｂａｒ　ＯＵＲ／ＭＩＮＩＭＡＬＨＯＴＥＬ　ＡＳＡＫＵＳＡ,35.699066,139.790207,point,柳橋二丁目２０番１３号,台東区,柳橋,2322,台東区 食品衛生営業施設一覧,1430,雷門
飲食店,食べる,菓子製造業（生菓子）,浅草きびだんご　あづま　観音通り工場,35.711525,139.797104,point,浅草一丁目１番８号,台東区,浅草,2090,台東区 食品衛生営業施設一覧,62,仲見世通り
飲食店,食べる,菓子製造業（生菓子）,ほっぷしゅうくりーむ,35.711891,139.794434,point,浅草一丁目１６番８号,台東区,浅草,1846,台東区 食品衛生営業施設一覧,196,仲見世通り
飲食店,食べる,菓子製造業（生菓子）,浅草　きびだんご　あづま,35.711227,139.796402,point,浅草一丁目１８番１号,台東区,浅草,2036,台東区 食品衛生営業施設一覧,55,雷門
飲食店,食べる,菓子製造業（生菓子）,Ｓｏｕｖｅｎｉｒ　＆　Ｓｔｕｄｉｏ　ＨＩ－ＣＯＮＤＩＴＩＯＮ,35.711525,139.795563,point,浅草一丁目１８番８号,台東区,浅草,1955,台東区 食品衛生営業施設一覧,102,仲見世通り
飲食店,食べる,菓子製造業（生菓子）,千茶,35.711582,139.795654,point,浅草一丁目１８番９号,台東区,浅草,1961,台東区 食品衛生営業施設一覧,92,仲見世通り
飲食店,食べる,菓子製造業（生菓子）,甘味処　鎌倉　浅草雷門店,35.71154,139.79628,point,浅草一丁目２０番２号,台東区,浅草,2018,台東区 食品衛生営業施設一覧,49,仲見世通り
飲食店,食べる,菓子製造業（生菓子）,株式会社　舟和本店　お菓子工房,35.712044,139.794632,point,浅草一丁目２２番１０号,台東区,浅草,1860,台東区 食品衛生営業施設一覧,178,仲見世通り
飲食店,食べる,菓子製造業（生菓子）,㈱ポコ・ア・ポコ,35.712448,139.795929,point,浅草一丁目３１番１０号,台東区,浅草,1966,台東区 食品衛生営業施設一覧,86,仲見世通り
飲食店,食べる,菓子製造業（生菓子）,浅草　琥珀堂　工房,35.712666,139.797638,point,浅草一丁目３５番８号,台東区,浅草,2114,台東区 食品衛生営業施設一覧,127,仲見世通り
飲食店,食べる,菓子製造業（生菓子）,浅草にゃんにゃんベイビー,35.712738,139.796936,point,浅草一丁目３６番８号,台東区,浅草,2050,台東区 食品衛生営業施設一覧,98,仲見世通り
飲食店,食べる,菓子製造業（生菓子）,中富商店,35.71244,139.796509,point,浅草一丁目３７番１号,台東区,浅草,2018,台東区 食品衛生営業施設一覧,61,仲見世通り
飲食店,食べる,菓子製造業（生菓子）,吉備子屋,35.712456,139.796341,point,浅草一丁目３７番２号,台東区,浅草,2003,台東区 食品衛生営業施設一覧,66,仲見世通り
飲食店,食べる,菓子製造業（生菓子）,東京バニラファクトリー,35.712471,139.79483,point,浅草一丁目３９番１４号,台東区,浅草,1868,台東区 食品衛生営業施設一覧,172,仲見世通り
飲食店,食べる,菓子製造業（生菓子）,みるくの樹　浅草店,35.712875,139.794083,point,浅草一丁目４０番５号,台東区,浅草,1794,台東区 食品衛生営業施設一覧,252,仲見世通り
飲食店,食べる,菓子製造業（生菓子）,かえで,35.712917,139.79425,point,浅草一丁目４０番６号,台東区,浅草,1808,台東区 食品衛生営業施設一覧,240,仲見世通り
飲食店,食べる,菓子製造業（生菓子）,有限会社　栃木家商店,35.712822,139.797073,point,浅草二丁目２番１号,台東区,浅草,2061,台東区 食品衛生営業施設一覧,111,仲見世通り
飲食店,食べる,菓子製造業（生菓子）,木村屋本店工場,35.713154,139.797195,point,浅草二丁目２番１４号,台東区,浅草,2067,台東区 食品衛生営業施設一覧,149,仲見世通り
飲食店,食べる,菓子製造業（生菓子）,満願堂　仲見世店,35.712856,139.796585,point,浅草二丁目３番１号,台東区,浅草,2017,台東区 食品衛生営業施設一覧,106,仲見世通り
飲食店,食べる,菓子製造業（生菓子）,芋ことよつば庵　浅草店,35.714573,139.794113,point,浅草二丁目７番１３号,台東区,浅草,1774,台東区 食品衛生営業施設一覧,239,浅草寺
飲食店,食べる,菓子製造業（生菓子）,甘味処　羽衣茶寮　浅草店,35.715088,139.795197,point,浅草二丁目７番２６号,台東区,浅草,1869,台東区 食品衛生営業施設一覧,146,浅草寺
飲食店,食べる,菓子製造業（生菓子）,相州屋,35.716736,139.794098,point,浅草二丁目２６番５号,台東区,浅草,1774,台東区 食品衛生営業施設一覧,328,浅草寺
飲食店,食べる,菓子製造業（生菓子）,マリオンクレープ,35.715191,139.794983,point,浅草二丁目２８番１号,台東区,浅草,1850,台東区 食品衛生営業施設一覧,168,浅草寺
飲食店,食べる,菓子製造業（生菓子）,シフォンケーキの店　ｏｔａｃｏ,35.716408,139.7966,point,浅草三丁目５番１号,台東区,浅草,1997,台東区 食品衛生営業施設一覧,188,浅草寺
飲食店,食べる,菓子製造業（生菓子）,アローム,35.71674,139.796539,point,浅草三丁目２２番２号,台東区,浅草,1994,台東区 食品衛生営業施設一覧,225,浅草寺
飲食店,食べる,菓子製造業（生菓子）,株式会社　塩埜,35.717232,139.798904,point,浅草三丁目２８番９号,台東区,浅草,2211,台東区 食品衛生営業施設一覧,340,浅草寺
飲食店,食べる,菓子製造業（生菓子）,有限会社　徳太樓,35.717506,139.795395,point,浅草三丁目３６番２号,台東区,浅草,1898,台東区 食品衛生営業施設一覧,333,浅草寺
飲食店,食べる,菓子製造業（生菓子）,マルエツ浅草四丁目店　デリカ惣菜,35.719124,139.794907,point,浅草四丁目２３番８号,台東区,浅草,1884,台東区 食品衛生営業施設一覧,517,浅草寺
飲食店,食べる,菓子製造業（生菓子）,株式会社　ケーキハウスタカラヤ,35.719501,139.794357,point,浅草四丁目３３番２号,台東区,浅草,1844,台東区 食品衛生営業施設一覧,574,浅草寺
飲食店,食べる,菓子製造業（生菓子）,萬年堂本店浅草橋工場,35.696907,139.784897,point,浅草橋一丁目７番６号,台東区,浅草橋,2281,台東区 食品衛生営業施設一覧,1582,アメヤ横丁
飲食店,食べる,菓子製造業（生菓子）,Ｌｅ　Ｍａｒａｉｓ,35.69812,139.783493,point,浅草橋一丁目２５番１２号,台東区,浅草橋,2106,台東区 食品衛生営業施設一覧,1398,アメヤ横丁
飲食店,食べる,菓子製造業（生菓子）,ル・グッテ,35.6982,139.786072,point,浅草橋一丁目３１番１号,台東区,浅草橋,2199,台東区 食品衛生営業施設一覧,1540,アメヤ横丁
飲食店,食べる,菓子製造業（生菓子）,常盤屋菓子店,35.722775,139.803757,point,今戸二丁目３５番８号,台東区,今戸,2759,台東区 食品衛生営業施設一覧,1097,浅草寺
飲食店,食べる,菓子製造業（生菓子）,株式会社サンケイ会館　上野営業所,35.705727,139.770889,point,上野一丁目４番８号,台東区,上野,1145,台東区 食品衛生営業施設一覧,427,アメヤ横丁
飲食店,食べる,菓子製造業（生菓子）,合資会社　うさぎや,35.706158,139.771896,point,上野一丁目１０番１０号,台東区,上野,1076,台東区 食品衛生営業施設一覧,328,アメヤ横丁
飲食店,食べる,菓子製造業（生菓子）,ラ　グリシーヌ,35.703445,139.773346,point,上野三丁目３番１号,台東区,上野,1356,台東区 食品衛生営業施設一覧,548,アメヤ横丁
飲食店,食べる,菓子製造業（生菓子）,松坂屋　上野店（エーデルワイス）,35.707314,139.773682,point,上野三丁目２８番４号,台東区,上野,924,台東区 食品衛生営業施設一覧,127,アメヤ横丁
飲食店,食べる,菓子製造業（生菓子）,松坂屋　上野店（新宿高野）,35.707314,139.773682,point,上野三丁目２８番４号,台東区,上野,924,台東区 食品衛生営業施設一覧,127,アメヤ横丁
飲食店,食べる,菓子製造業（生菓子）,松坂屋　上野店　（サザエ）,35.707516,139.773193,point,上野三丁目２９番５号,台東区,上野,907,台東区 食品衛生営業施設一覧,140,アメヤ横丁
飲食店,食べる,菓子製造業（生菓子）,ビアード・パパ　上野ＡＢＡＢ店,35.709358,139.773621,point,上野四丁目８番４号,台東区,上野,699,台東区 食品衛生営業施設一覧,137,アメヤ横丁
飲食店,食べる,菓子製造業（生菓子）,ホイップａｎｄａｎ５楓,35.709587,139.774704,point,上野六丁目１０番７号,台東区,上野,669,台東区 食品衛生営業施設一覧,146,アメヤ横丁
飲食店,食べる,菓子製造業（生菓子）,ラ・メゾンアンソレイユターブルパティスリー,35.710232,139.775787,point,上野六丁目１５番１号,台東区,上野,608,台東区 食品衛生営業施設一覧,249,アメヤ横丁
飲食店,食べる,菓子製造業（生菓子）,桃林堂　上野店,35.720058,139.771317,point,上野桜木一丁目５番７号,台東区,上野桜木,573,台東区 食品衛生営業施設一覧,553,上野公園
飲食店,食べる,菓子製造業（生菓子）,十和田,35.709797,139.793655,point,雷門一丁目３番１号,台東区,雷門,1846,台東区 食品衛生営業施設一覧,297,雷門
飲食店,食べる,菓子製造業（生菓子）,Ｄ’ａｐｒ?ｓ　Ｌｏｕ　ｌｏｕ,35.709221,139.797073,point,雷門二丁目１番５号,台東区,雷門,2158,台東区 食品衛生営業施設一覧,179,雷門
飲食店,食べる,菓子製造業（生菓子）,亀十,35.710712,139.796738,point,雷門二丁目１８番１１号,台東区,雷門,2080,台東区 食品衛生営業施設一覧,10,雷門
飲食店,食べる,菓子製造業（生菓子）,有限会社　龍昇亭　西村,35.710712,139.796738,point,雷門二丁目１８番１１号,台東区,雷門,2080,台東区 食品衛生営業施設一覧,10,雷門
飲食店,食べる,菓子製造業（生菓子）,亀十　第二工房,35.709827,139.796738,point,雷門二丁目１９番２号,台東区,雷門,2108,台東区 食品衛生営業施設一覧,108,雷門
飲食店,食べる,菓子製造業（生菓子）,アトリエＣ,35.72443,139.801453,point,清川一丁目１８番４号,台東区,清川,2624,台東区 食品衛生営業施設一覧,1160,浅草寺
飲食店,食べる,菓子製造業（生菓子）,浅草肉のすずき工房,35.726086,139.802948,point,清川一丁目３１番６号,台東区,清川,2820,台東区 食品衛生営業施設一覧,1382,浅草寺
飲食店,食べる,菓子製造業（生菓子）,杏工房,35.703156,139.792099,point,蔵前二丁目８番４号,台東区,蔵前,2107,台東区 食品衛生営業施設一覧,946,雷門
飲食店,食べる,菓子製造業（生菓子）,株式会社　菓匠榮久堂,35.706272,139.788361,point,蔵前四丁目３７番９号,台東区,蔵前,1625,台東区 食品衛生営業施設一覧,906,雷門
飲食店,食べる,菓子製造業（生菓子）,洋菓子　レモンパイ,35.709156,139.789688,point,寿二丁目４番６号,台東区,寿,1547,台東区 食品衛生営業施設一覧,659,雷門
飲食店,食べる,菓子製造業（生菓子）,みつや工房,35.709343,139.791504,point,寿四丁目１６番５号,台東区,寿,1686,台東区 食品衛生営業施設一覧,496,雷門
飲食店,食べる,菓子製造業（生菓子）,ＴＡＫＩＹＡ,35.70575,139.778259,point,台東四丁目５番５号,台東区,台東,1147,台東区 食品衛生営業施設一覧,449,アメヤ横丁
飲食店,食べる,菓子製造業（生菓子）,なかや洋菓子店,35.706169,139.781174,point,台東四丁目２２番１０号,台東区,台東,1209,台東区 食品衛生営業施設一覧,656,アメヤ横丁
飲食店,食べる,菓子製造業（生菓子）,御菓子司　港家,35.702354,139.783981,point,鳥越一丁目１５番１号,台東区,鳥越,1704,台東区 食品衛生営業施設一覧,1089,アメヤ横丁
飲食店,食べる,菓子製造業（生菓子）,菓子屋ここのつ＋白日,35.703487,139.781769,point,鳥越一丁目３２番２号,台東区,鳥越,1498,台東区 食品衛生営業施設一覧,854,アメヤ横丁
飲食店,食べる,菓子製造業（生菓子）,Ｃｌａｉｒ　ｄｅ　ｌｕｎｅ　Ｌａｂ,35.712818,139.789978,point,西浅草二丁目９番５号,台東区,西浅草,1431,台東区 食品衛生営業施設一覧,607,仲見世通り
飲食店,食べる,菓子製造業（生菓子）,浅草ビューホテル　ベーカールーム,35.715073,139.792282,point,西浅草三丁目１７番１号,台東区,西浅草,1606,台東区 食品衛生営業施設一覧,405,浅草寺
飲食店,食べる,菓子製造業（生菓子）,松竹圓製菓所,35.725574,139.796997,point,日本堤一丁目３２番１号,台東区,日本堤,2314,台東区 食品衛生営業施設一覧,1207,浅草寺
飲食店,食べる,菓子製造業（生菓子）,酒場　あじとよ屋,35.722,139.779709,point,根岸一丁目２番１３号,台東区,根岸,853,台東区 食品衛生営業施設一覧,931,上野公園
飲食店,食べる,菓子製造業（生菓子）,萬屋磯次郎,35.721886,139.781387,point,根岸三丁目３番２１号,台東区,根岸,935,台東区 食品衛生営業施設一覧,1021,上野公園
飲食店,食べる,菓子製造業（生菓子）,レストラン香味屋,35.723705,139.783401,point,根岸三丁目１８番４号,台東区,根岸,1207,台東区 食品衛生営業施設一覧,1293,上野公園
飲食店,食べる,菓子製造業（生菓子）,紅林堂,35.725155,139.786057,point,根岸四丁目１９番９号,台東区,根岸,1489,台東区 食品衛生営業施設一覧,1509,浅草寺
飲食店,食べる,菓子製造業（生菓子）,株式会社　花月堂本店,35.728226,139.789703,point,根岸五丁目１６番１２号,台東区,根岸,1963,台東区 食品衛生営業施設一覧,1631,浅草寺
飲食店,食べる,菓子製造業（生菓子）,むさし,35.729832,139.790543,point,根岸五丁目２０番５号,台東区,根岸,2145,台東区 食品衛生営業施設一覧,1771,浅草寺
飲食店,食べる,菓子製造業（生菓子）,Ｂｉｓｔｒｏ　ＮＯＨＧＡ　ＵＥＮＯ,35.710278,139.778336,point,東上野二丁目２１番１０号,台東区,東上野,686,台東区 食品衛生営業施設一覧,418,アメヤ横丁
飲食店,食べる,菓子製造業（生菓子）,あんみつ　あいば,35.718616,139.787445,point,松が谷四丁目２７番１５号,台東区,松が谷,1216,台東区 食品衛生営業施設一覧,945,浅草寺
飲食店,食べる,菓子製造業（生菓子）,谷中福丸饅頭,35.726063,139.764435,point,谷中三丁目７番８号,台東区,谷中,1476,台東区 食品衛生営業施設一覧,1437,上野公園
飲食店,食べる,菓子製造業（生菓子）,空薫,35.727657,139.766083,point,谷中三丁目１１番１２号,台東区,谷中,1541,台東区 食品衛生営業施設一覧,1517,上野公園
飲食店,食べる,菓子製造業（生菓子）,荻,35.723701,139.768021,point,谷中五丁目２番５号,台東区,谷中,1074,台東区 食品衛生営業施設一覧,1045,上野公園
飲食店,食べる,菓子製造業（生菓子）,お菓子処　　かみくら,35.72752,139.768143,point,谷中五丁目１１番１５号,台東区,谷中,1444,台東区 食品衛生営業施設一覧,1431,上野公園
飲食店,食べる,菓子製造業（生菓子）,㈲喜久月菓子司,35.721012,139.770386,point,谷中六丁目１番３号,台東区,谷中,707,台東区 食品衛生営業施設一覧,683,上野公園
飲食店,食べる,菓子製造業（生菓子）,有限会社　谷中岡埜栄泉,35.721542,139.770615,point,谷中六丁目１番２６号,台東区,谷中,748,台東区 食品衛生営業施設一覧,730,上野公園
飲食店,食べる,菓子製造業（生菓子）,パティシエ　ショコラティエ　イナムラショウゾウ,35.727402,139.769394,point,谷中七丁目１９番５号,台東区,谷中,1391,台東区 食品衛生営業施設一覧,1385,上野公園
飲食店,食べる,菓子製造業（生菓子）,有限会社　梅花亭,35.695518,139.78717,point,柳橋一丁目２番２号,台東区,柳橋,2509,台東区 食品衛生営業施設一覧,1830,アメヤ横丁
飲食店,食べる,菓子製造業（生菓子）,龍月,35.723648,139.789474,point,竜泉一丁目１９番７号,台東区,竜泉,1621,台東区 食品衛生営業施設一覧,1190,浅草寺
飲食店,食べる,菓子製造業（生菓子）,押田商店,35.724728,139.792053,point,竜泉三丁目１０番８号,台東区,竜泉,1882,台東区 食品衛生営業施設一覧,1191,浅草寺
飲食店,食べる,喫茶店営業（店舗）,オオトリ,35.702232,139.774521,point,秋葉原３番５号,台東区,秋葉原,1486,台東区 食品衛生営業施設一覧,675,アメヤ横丁
飲食店,食べる,喫茶店営業（店舗）,浅草つの恋ロックス,35.71294,139.793137,point,浅草一丁目２５番１５号,台東区,浅草,1708,台東区 食品衛生営業施設一覧,333,仲見世通り
飲食店,食べる,喫茶店営業（店舗）,菊水堂,35.711849,139.796448,point,浅草一丁目３０番１号,台東区,浅草,2025,台東区 食品衛生営業施設一覧,15,仲見世通り
飲食店,食べる,喫茶店営業（店舗）,株式会社アイエーシー・マルセ浅草場外売店２階,35.714729,139.793457,point,浅草二丁目８番６号,台東区,浅草,1714,台東区 食品衛生営業施設一覧,297,浅草寺
飲食店,食べる,喫茶店営業（店舗）,松坂屋　上野店（旬果）,35.707516,139.773193,point,上野三丁目２９番５号,台東区,上野,907,台東区 食品衛生営業施設一覧,140,アメヤ横丁
飲食店,食べる,喫茶店営業（店舗）,松坂屋　上野店　（キーコーヒー）,35.707516,139.773193,point,上野三丁目２９番５号,台東区,上野,907,台東区 食品衛生営業施設一覧,140,アメヤ横丁
飲食店,食べる,喫茶店営業（店舗）,ＰＨＡ－ＰＨＩ－茶,35.710655,139.775024,point,上野六丁目１３番５号,台東区,上野,552,台東区 食品衛生営業施設一覧,268,アメヤ横丁
飲食店,食べる,喫茶店営業（店舗）,サーティワンアイスクリーム　上野マルイ店,35.710232,139.775787,point,上野六丁目１５番１号,台東区,上野,608,台東区 食品衛生営業施設一覧,249,アメヤ横丁
飲食店,食べる,喫茶店営業（店舗）,やなか珈琲　上野マルイ店,35.710232,139.775787,point,上野六丁目１５番１号,台東区,上野,608,台東区 食品衛生営業施設一覧,249,アメヤ横丁
飲食店,食べる,喫茶店営業（店舗）,ゴディバ　アトレ上野店,35.713696,139.776917,point,上野七丁目１番１号,台東区,上野,304,台東区 食品衛生営業施設一覧,369,上野公園
飲食店,食べる,喫茶店営業（店舗）,サーティワンアイスクリーム　上野の森さくらテラス店,35.712082,139.774704,point,上野公園１番５４号,台東区,上野公園,392,台東区 食品衛生営業施設一覧,385,上野公園
飲食店,食べる,喫茶店営業（店舗）,フラワーミッフィー,35.710411,139.796936,point,雷門二丁目１９番７号,台東区,雷門,2106,台東区 食品衛生営業施設一覧,48,雷門
飲食店,食べる,喫茶店営業（店舗）,ギャルリ　ニュアージュ,35.708519,139.794922,point,駒形一丁目１１番９号,台東区,駒形,2005,台東区 食品衛生営業施設一覧,300,雷門
飲食店,食べる,喫茶店営業（店舗）,ＫＯＮＣＥＮＴ,35.707775,139.795746,point,駒形二丁目６番１０号,台東区,駒形,2106,台東区 食品衛生営業施設一覧,347,雷門
飲食店,食べる,喫茶店営業（店舗）,バンビ,35.723663,139.794998,point,千束四丁目３１番２号,台東区,千束,2056,台東区 食品衛生営業施設一覧,1007,浅草寺
飲食店,食べる,喫茶店営業（店舗）,喃喃茶語　鶯谷店,35.722713,139.777832,point,根岸一丁目６番６号,台東区,根岸,846,台東区 食品衛生営業施設一覧,908,上野公園
飲食店,食べる,喫茶店営業（店舗）,アリトル鶯谷店,35.722713,139.778763,point,根岸一丁目６番１３号,台東区,根岸,880,台東区 食品衛生営業施設一覧,948,上野公園
飲食店,食べる,喫茶店営業（店舗）,犬のしつけ教室ＤＯＧＬＹ　ＤＯＧＲＵＮ＆カフェ,35.721779,139.781433,point,根岸三丁目１番１０号,台東区,根岸,929,台東区 食品衛生営業施設一覧,1016,上野公園
飲食店,食べる,喫茶店営業（店舗）,株式会社松屋浅草店１Ｆ　とらや,35.71122,139.797836,point,花川戸一丁目４番１号,台東区,花川戸,2162,台東区 食品衛生営業施設一覧,113,雷門
飲食店,食べる,喫茶店営業（店舗）,上野たいやき,35.709736,139.780365,point,東上野二丁目２４番４号,台東区,東上野,840,台東区 食品衛生営業施設一覧,562,アメヤ横丁
飲食店,食べる,喫茶店営業（店舗）,最弱カフェ,35.709164,139.783936,point,元浅草一丁目１５番９号,台東区,元浅草,1113,台東区 食品衛生営業施設一覧,866,アメヤ横丁
文化財,街を見る,文化財のある寺社,寛永寺,35.721389,139.774306,point,東京都台東区上野桜木1丁目,台東区,上野桜木,644,台東区 文化財一覧,673,上野公園
文化財,街を見る,文化財のある寺社,天王寺,35.726583,139.771361,point,東京都台東区谷中7丁目,台東区,谷中,1254,台東区 文化財一覧,1259,上野公園
文化財,街を見る,有形民俗文化財,旧吉田屋酒店,35.721331,139.770917,chome,東京都台東区上野桜木2丁目10番6号,台東区,上野桜木,715,台東区 文化財一覧,699,上野公園
文化財,街を見る,文化財のある寺社,浄念寺,35.704584,139.788602,point,東京都台東区蔵前4丁目,台東区,蔵前,1767,台東区 文化財一覧,1006,雷門
文化財,街を見る,文化財のある寺社,報恩寺,35.712944,139.784667,point,東京都台東区東上野6丁目,台東区,東上野,964,台東区 文化財一覧,1053,上野公園
文化財,街を見る,文化財のある寺社,東本願寺,35.711806,139.789444,point,東京都台東区西浅草1丁目,台東区,西浅草,1414,台東区 文化財一覧,646,仲見世通り
文化財,街を見る,文化財のある寺社,自性院,35.721833,139.769222,point,東京都台東区谷中6丁目,台東区,谷中,841,台東区 文化財一覧,811,上野公園
文化財,街を見る,文化財のある寺社,天龍院,35.723583,139.766833,point,東京都台東区谷中4丁目,台東区,谷中,1126,台東区 文化財一覧,1088,上野公園
文化財,街を見る,文化財のある寺社,養寿院,35.720447,139.770152,chome,東京都台東区上野桜木1丁目,台東区,上野桜木,667,台東区 文化財一覧,635,上野公園
文化財,街を見る,文化財のある寺社,護国院,35.719306,139.770167,point,東京都台東区上野公園,台東区,上野公園,568,台東区 文化財一覧,525,上野公園
文化財,街を見る,文化財のある寺社,全生庵,35.724222,139.766806,point,東京都台東区谷中5丁目,台東区,谷中,1184,台東区 文化財一覧,1149,上野公園
文化財,街を見る,文化財のある寺社,唯念寺,35.710861,139.7835,point,東京都台東区元浅草2丁目,台東区,元浅草,968,台東区 文化財一覧,870,アメヤ横丁
文化財,街を見る,文化財のある寺社,竜宝寺,35.704407,139.789296,chome,東京都台東区蔵前4丁目,台東区,蔵前,1826,台東区 文化財一覧,976,雷門
文化財,街を見る,文化財のある寺社,浅草寺,35.714722,139.79675,point,東京都台東区浅草2丁目,台東区,浅草,2011,台東区 文化財一覧,0,浅草寺
文化財,街を見る,文化財のある寺社,長寿院,35.702601,139.78527,chome,東京都台東区鳥越2丁目,台東区,鳥越,1742,台東区 文化財一覧,1168,アメヤ横丁
文化財,街を見る,文化財のある寺社,覚音寺,35.707892,139.786369,chome,東京都台東区元浅草3丁目,台東区,元浅草,1372,台東区 文化財一覧,987,雷門
文化財,街を見る,文化財のある寺社,上野公園,35.711995,139.774376,chome,東京都台東区上野公園1番,台東区,上野公園,401,台東区 文化財一覧,387,上野公園
文化財,街を見る,文化財のある寺社,長安寺ほか,35.72441,139.768063,chome,東京都台東区谷中5丁目ほか,台東区,谷中,1139,台東区 文化財一覧,1114,上野公園
文化財,街を見る,文化財のある寺社,西蔵院,35.724,139.781444,point,東京都台東区根岸3丁目,台東区,根岸,1125,台東区 文化財一覧,1203,上野公園
文化財,街を見る,文化財のある寺社,世尊寺,35.723762,139.782708,chome,東京都台東区根岸3丁目,台東区,根岸,1172,台東区 文化財一覧,1255,上野公園
文化財,街を見る,文化財のある寺社,安立院,35.727344,139.769368,chome,東京都台東区谷中7丁目,台東区,谷中,1386,台東区 文化財一覧,1379,上野公園
文化財,街を見る,文化財のある寺社,榧寺,35.70525,139.792278,point,東京都台東区蔵前3丁目,台東区,蔵前,1975,台東区 文化財一覧,735,雷門
文化財,街を見る,文化財のある寺社,長安寺,35.725222,139.768444,point,東京都台東区谷中5丁目,台東区,谷中,1202,台東区 文化財一覧,1182,上野公園
文化財,街を見る,文化財のある寺社,長応院,35.703826,139.788743,point,東京都台東区蔵前4丁目,台東区,蔵前,1835,台東区 文化財一覧,1057,雷門
文化財,街を見る,文化財のある寺社,瑞輪寺,35.723139,139.768389,point,東京都台東区谷中4丁目,台東区,谷中,1004,台東区 文化財一覧,974,上野公園
文化財,街を見る,文化財のある寺社,梅林寺,35.729056,139.791972,point,東京都台東区三ノ輪1丁目,台東区,三ノ輪,2174,台東区 文化財一覧,1651,浅草寺
文化財,街を見る,文化財のある寺社,九品寺,35.714715,139.800287,point,東京都台東区花川戸2丁目,台東区,花川戸,2330,台東区 文化財一覧,319,浅草寺
文化財,街を見る,文化財のある寺社,多宝院,35.722611,139.769667,point,東京都台東区谷中6丁目,台東区,谷中,893,台東区 文化財一覧,872,上野公園
文化財,街を見る,文化財のある寺社,仙蔵寺,35.709613,139.78851,chome,東京都台東区寿2丁目,台東区,寿,1429,台東区 文化財一覧,751,雷門
文化財,街を見る,文化財のある寺社,称念寺,35.708519,139.785969,point,東京都台東区元浅草3丁目,台東区,元浅草,1301,台東区 文化財一覧,1001,雷門
文化財,街を見る,文化財のある寺社,要伝寺,35.721444,139.780778,point,東京都台東区根岸3丁目,台東区,根岸,862,台東区 文化財一覧,948,上野公園
文化財,街を見る,文化財のある寺社,天嶽院,35.714833,139.790917,point,東京都台東区西浅草3丁目,台東区,西浅草,1485,台東区 文化財一覧,527,浅草寺
文化財,街を見る,文化財のある寺社,宗賢寺,35.713389,139.766611,point,東京都台東区池之端2丁目,台東区,池之端,753,台東区 文化財一覧,652,上野公園
文化財,街を見る,文化財のある寺社,寒松院,35.718098,139.777876,chome,東京都台東区上野公園,台東区,上野公園,412,台東区 文化財一覧,505,上野公園
文化財,街を見る,文化財のある寺社,正行院,35.722716,139.767424,chome,東京都台東区谷中4丁目,台東区,谷中,1017,台東区 文化財一覧,978,上野公園
文化財,街を見る,文化財のある寺社,明王院,35.72441,139.768063,chome,東京都台東区谷中5丁目,台東区,谷中,1139,台東区 文化財一覧,1114,上野公園
文化財,街を見る,文化財のある寺社,日輪寺,35.714833,139.791556,point,東京都台東区西浅草3丁目,台東区,西浅草,1542,台東区 文化財一覧,469,浅草寺
文化財,街を見る,文化財のある寺社,仏心寺,35.720556,139.768111,point,東京都台東区谷中1丁目,台東区,谷中,798,台東区 文化財一覧,748,上野公園
文化財,街を見る,文化財のある寺社,谷中霊園,35.727344,139.769368,chome,東京都台東区谷中7丁目,台東区,谷中,1386,台東区 文化財一覧,1379,上野公園
文化財,街を見る,文化財のある寺社,横山大観記念館,35.712167,139.76825,point,東京都台東区池之端1丁目,台東区,池之端,681,台東区 文化財一覧,586,上野公園
文化財,街を見る,文化財のある寺社,玉林寺,35.72,139.767,point,東京都台東区谷中1丁目,台東区,谷中,835,台東区 文化財一覧,773,上野公園
文化財,街を見る,文化財のある寺社,誓教寺,35.709415,139.78668,chome,東京都台東区元浅草4丁目,台東区,元浅草,1297,台東区 文化財一覧,918,雷門
文化財,街を見る,文化財のある寺社,立善寺,35.724778,139.766389,point,東京都台東区谷中5丁目,台東区,谷中,1256,台東区 文化財一覧,1222,上野公園
文化財,街を見る,文化財のある寺社,延寿寺,35.71932,139.767543,chome,東京都台東区谷中1丁目,台東区,谷中,752,台東区 文化財一覧,687,上野公園
文化財,街を見る,文化財のある寺社,称福寺,35.720569,139.805511,point,東京都台東区今戸2丁目,台東区,今戸,2854,台東区 文化財一覧,1024,浅草寺
文化財,街を見る,文化財のある寺社,保元寺,35.723131,139.806261,point,東京都台東区橋場1丁目,台東区,橋場,2987,台東区 文化財一覧,1270,浅草寺
文化財,街を見る,文化財のある寺社,感応寺,35.722019,139.783591,chome,東京都台東区下谷2丁目,台東区,下谷,1088,台東区 文化財一覧,1180,上野公園
文化財,街を見る,文化財のある寺社,源空寺,35.714444,139.784722,point,東京都台東区東上野6丁目,台東区,東上野,932,台東区 文化財一覧,1027,上野公園
文化財,街を見る,文化財のある寺社,長久院,35.722389,139.769222,point,東京都台東区谷中6丁目,台東区,谷中,893,台東区 文化財一覧,866,上野公園
文化財,街を見る,文化財のある寺社,津梁院,35.720447,139.770152,chome,東京都台東区上野桜木1丁目,台東区,上野桜木,667,台東区 文化財一覧,635,上野公園
文化財,街を見る,文化財のある寺社,加納院,35.72441,139.768063,chome,東京都台東区谷中5丁目,台東区,谷中,1139,台東区 文化財一覧,1114,上野公園
文化財,街を見る,文化財のある寺社,廣楽寺,35.721618,139.803194,chome,東京都台東区今戸2丁目,台東区,今戸,2675,台東区 文化財一覧,963,浅草寺
文化財,街を見る,文化財のある寺社,正寶院,35.725935,139.791833,chome,東京都台東区竜泉3丁目,台東区,竜泉,1941,台東区 文化財一覧,1324,浅草寺
文化財,街を見る,文化財のある寺社,長昌寺,35.722361,139.805139,point,東京都台東区今戸2丁目,台東区,今戸,2866,台東区 文化財一覧,1138,浅草寺
文化財,街を見る,文化財のある寺社,妙経寺,35.71002,139.78346,point,東京都台東区元浅草2丁目,台東区,元浅草,1020,台東区 文化財一覧,840,アメヤ横丁
文化財,街を見る,文化財のある寺社,浅間神社,35.719278,139.798306,point,東京都台東区浅草5丁目,台東区,浅草,2188,台東区 文化財一覧,526,浅草寺
文化財,街を見る,文化財のある寺社,永称寺,35.723278,139.781306,point,東京都台東区根岸3丁目,台東区,根岸,1052,台東区 文化財一覧,1132,上野公園
文化財,街を見る,文化財のある寺社,福寿院,35.7241,139.806619,point,東京都台東区橋場1丁目,台東区,橋場,3050,台東区 文化財一覧,1372,浅草寺
文化財,街を見る,文化財のある寺社,清水寺,35.714194,139.788667,point,東京都台東区松が谷2丁目,台東区,松が谷,1289,台東区 文化財一覧,732,浅草寺
文化財,街を見る,文化財のある寺社,真源寺,35.719861,139.782667,point,東京都台東区下谷1丁目,台東区,下谷,876,台東区 文化財一覧,974,上野公園
文化財,街を見る,文化財のある寺社,下谷神社,35.710806,139.781306,point,東京都台東区東上野3丁目,台東区,東上野,813,台東区 文化財一覧,683,アメヤ横丁
文化財,街を見る,文化財のある寺社,法善寺,35.714167,139.78375,point,東京都台東区東上野6丁目,台東区,東上野,850,台東区 文化財一覧,944,上野公園
文化財,街を見る,文化財のある寺社,臨江寺,35.720111,139.766361,point,東京都台東区谷中1丁目,台東区,谷中,890,台東区 文化財一覧,825,上野公園
文化財,街を見る,文化財のある寺社,西徳寺,35.723417,139.790361,point,東京都台東区竜泉1丁目,台東区,竜泉,1675,台東区 文化財一覧,1126,浅草寺
文化財,街を見る,文化財のある寺社,長明寺,35.72683,139.76719,point,東京都台東区谷中5丁目,台東区,谷中,1412,台東区 文化財一覧,1391,上野公園
文化財,街を見る,文化財のある寺社,本寿寺,35.7195,139.766278,point,東京都台東区谷中1丁目,台東区,谷中,860,台東区 文化財一覧,790,上野公園
文化財,街を見る,文化財のある寺社,本龍院(待乳山聖天）,35.717361,139.802972,point,東京都台東区浅草7丁目,台東区,浅草,2578,台東区 文化財一覧,634,浅草寺
文化財,街を見る,文化財のある寺社,今戸神社,35.719306,139.803528,point,東京都台東区今戸1丁目,台東区,今戸,2653,台東区 文化財一覧,796,浅草寺
文化財,街を見る,文化財のある寺社,金嶺寺,35.721278,139.768556,point,東京都台東区谷中1丁目,台東区,谷中,829,台東区 文化財一覧,788,上野公園
文化財,街を見る,文化財のある寺社,安楽寺,35.724361,139.784361,point,東京都台東区根岸4丁目,台東区,根岸,1320,台東区 文化財一覧,1406,上野公園
文化財,街を見る,文化財のある寺社,西福寺,35.703417,139.788667,point,東京都台東区蔵前4丁目,台東区,蔵前,1863,台東区 文化財一覧,1096,雷門
文化財,街を見る,文化財のある寺社,輪王寺,35.717144,139.777689,point,東京都台東区上野公園,台東区,上野公園,335,台東区 文化財一覧,434,上野公園
文化財,街を見る,文化財のある寺社,猿若町会,35.716255,139.799964,chome,東京都台東区浅草6丁目,台東区,浅草,2300,台東区 文化財一覧,337,浅草寺
文化財,街を見る,文化財のある寺社,寛永寺清水観音堂,35.721389,139.774306,point,東京都台東区上野公園,台東区,上野公園,644,台東区 文化財一覧,673,上野公園
文化財,街を見る,美術工芸品,坂本村文書,35.717536,139.789599,chome,東京都台東区西浅草3丁目25番16号,台東区,西浅草,1380,台東区 文化財一覧,718,浅草寺
文化財,街を見る,文化財のある寺社,灯明寺,35.716979,139.783839,chome,東京都台東区北上野2丁目,台東区,北上野,857,台東区 文化財一覧,959,上野公園
文化財,街を見る,文化財のある寺社,東照宮,35.718098,139.777876,chome,東京都台東区上野公園,台東区,上野公園,412,台東区 文化財一覧,505,上野公園
文化財,街を見る,文化財のある寺社,熱田神社,35.721472,139.802417,point,東京都台東区今戸2丁目,台東区,今戸,2603,台東区 文化財一覧,909,浅草寺
文化財,街を見る,美術工芸品,杮経,35.717536,139.789599,chome,東京都台東区西浅草3丁目25番16号,台東区,西浅草,1380,台東区 文化財一覧,718,浅草寺
文化財,街を見る,美術工芸品,谷中三崎町会文書（野池家所蔵）,35.717536,139.789599,chome,東京都台東区西浅草3丁目25番16号,台東区,西浅草,1380,台東区 文化財一覧,718,浅草寺
文化財,街を見る,美術工芸品,谷中三崎町会文書（台東区教育委員会所蔵）,35.717536,139.789599,chome,東京都台東区西浅草3丁目25番16号,台東区,西浅草,1380,台東区 文化財一覧,718,浅草寺
文化財,街を見る,美術工芸品,北豊島郡浅草区地方今戸町（自壱番地至拾五番地）実測図,35.717536,139.789599,chome,東京都台東区西浅草3丁目25番16号,台東区,西浅草,1380,台東区 文化財一覧,718,浅草寺
文化財,街を見る,文化財のある寺社,浅草神社,35.715139,139.797444,point,東京都台東区浅草2丁目,台東区,浅草,2072,台東区 文化財一覧,78,浅草寺
文化財,街を見る,美術工芸品,柏木家文書,35.717536,139.789599,chome,東京都台東区西浅草3丁目25番16号,台東区,西浅草,1380,台東区 文化財一覧,718,浅草寺
文化財,街を見る,文化財のある寺社,光明寺,35.710333,139.785639,point,東京都台東区元浅草4丁目,台東区,元浅草,1164,台東区 文化財一覧,1000,雷門
文化財,街を見る,美術工芸品,諸願伺届扣（感応寺旧蔵）,35.717536,139.789599,chome,東京都台東区西浅草3丁目25番16号,台東区,西浅草,1380,台東区 文化財一覧,718,浅草寺
文化財,街を見る,文化財のある寺社,慶養寺,35.719423,139.804258,chome,東京都台東区今戸1丁目,台東区,今戸,2720,台東区 文化財一覧,856,浅草寺
文化財,街を見る,文化財のある寺社,宗林寺,35.727028,139.765861,point,東京都台東区谷中3丁目,台東区,谷中,1491,台東区 文化財一覧,1463,上野公園
文化財,街を見る,有形民俗文化財,吉徳これくしょん（和書）,35.698366,139.784325,chome,東京都台東区浅草橋1丁目,台東区,浅草橋,2112,台東区 文化財一覧,1422,アメヤ横丁
文化財,街を見る,有形民俗文化財,吉徳これくしょん（一枚刷）,35.698366,139.784325,chome,東京都台東区浅草橋1丁目,台東区,浅草橋,2112,台東区 文化財一覧,1422,アメヤ横丁
文化財,街を見る,文化財のある寺社,仰願寺,35.723319,139.802469,point,東京都台東区清川1丁目,台東区,清川,2667,台東区 文化財一覧,1087,浅草寺
文化財,街を見る,文化財のある寺社,念佛院,35.724747,139.803682,chome,東京都台東区清川1丁目,台東区,清川,2824,台東区 文化財一覧,1279,浅草寺
文化財,街を見る,文化財のある寺社,春性院,35.718098,139.777876,chome,東京都台東区上野公園,台東区,上野公園,412,台東区 文化財一覧,505,上野公園
文化財,街を見る,有形民俗文化財,吉徳これくしょん〔芝居番付類（一枚刷）〕,35.698366,139.784325,chome,東京都台東区浅草橋1丁目,台東区,浅草橋,2112,台東区 文化財一覧,1422,アメヤ横丁
文化財,街を見る,有形民俗文化財,吉徳これくしょん（古文書）,35.698366,139.784325,chome,東京都台東区浅草橋1丁目,台東区,浅草橋,2112,台東区 文化財一覧,1422,アメヤ横丁
文化財,街を見る,有形民俗文化財,吉徳これくしょん（羽子板）,35.698366,139.784325,chome,東京都台東区浅草橋1丁目,台東区,浅草橋,2112,台東区 文化財一覧,1422,アメヤ横丁
文化財,街を見る,文化財のある寺社,総持院,35.722889,139.769778,point,東京都台東区谷中6丁目,台東区,谷中,916,台東区 文化財一覧,897,上野公園
文化財,街を見る,有形民俗文化財,吉徳これくしょん（五月人形）,35.698366,139.784325,chome,東京都台東区浅草橋1丁目,台東区,浅草橋,2112,台東区 文化財一覧,1422,アメヤ横丁
文化財,街を見る,美術工芸品,望月家文書　附　浅草質屋組合資料,35.717536,139.789599,chome,東京都台東区西浅草3丁目25番16号,台東区,西浅草,1380,台東区 文化財一覧,718,浅草寺
文化財,街を見る,有形民俗文化財,吉徳これくしょん（雛人形）,35.698366,139.784325,chome,東京都台東区浅草橋1丁目,台東区,浅草橋,2112,台東区 文化財一覧,1422,アメヤ横丁
文化財,街を見る,文化財のある寺社,千手院,35.722972,139.781556,point,東京都台東区根岸3丁目,台東区,根岸,1038,台東区 文化財一覧,1120,上野公園
文化財,街を見る,美術工芸品,稲垣利兵衛家文書,35.717536,139.789599,chome,東京都台東区西浅草3丁目25番16号,台東区,西浅草,1380,台東区 文化財一覧,718,浅草寺
文化財,街を見る,文化財のある寺社,現龍院,35.718098,139.777876,chome,東京都台東区上野公園,台東区,上野公園,412,台東区 文化財一覧,505,上野公園
文化財,街を見る,美術工芸品,びんざさら舞獅子役附畑地譲証文,35.717536,139.789599,chome,東京都台東区西浅草3丁目25番16号,台東区,西浅草,1380,台東区 文化財一覧,718,浅草寺
文化財,街を見る,文化財のある寺社,御徒町公園,35.706226,139.77787,chome,東京都台東区台東4丁目13番3号,台東区,台東,1086,台東区 文化財一覧,389,アメヤ横丁
文化財,街を見る,文化財,養福寺仁王門,35.729556,139.768278,point,東京都荒川区西日暮里3-3-8,荒川区,西日暮里,1650,荒川区 文化財一覧,1643,上野公園
文化財,街を見る,文化財,経王寺山門 付門番所,35.728278,139.768528,point,東京都荒川区西日暮里3-2-6,荒川区,西日暮里,1509,荒川区 文化財一覧,1500,上野公園
文化財,街を見る,文化財,諏方神社鳥居,35.730861,139.767083,point,東京都荒川区西日暮里3-4-8,荒川区,西日暮里,1824,荒川区 文化財一覧,1813,上野公園
文化財,街を見る,文化財,石浜神社鳥居（寛延二年八月哉生明銘）,35.729806,139.808444,point,東京都荒川区南千住3-28-58,荒川区,南千住,3447,荒川区 文化財一覧,1982,浅草寺
文化財,街を見る,文化財,石浜神社鳥居（安永八年六月十六日銘）,35.729806,139.808444,point,東京都荒川区南千住3-28-58,荒川区,南千住,3447,荒川区 文化財一覧,1982,浅草寺
文化財,街を見る,文化財,胡録神社本殿,35.738556,139.807083,point,東京都荒川区南千住8-5-6,荒川区,南千住,3894,荒川区 文化財一覧,2810,浅草寺
文化財,街を見る,文化財,浄閑寺表門,35.73075,139.792667,point,東京都荒川区南千住2-1-12,荒川区,南千住,2351,荒川区 文化財一覧,1820,浅草寺
文化財,街を見る,文化財,旧三河島汚水処分場喞筒場施設,35.737585,139.784987,chome,東京都荒川区荒川8-25-1三河島水再生センター,荒川区,荒川,2622,荒川区 文化財一覧,2681,上野公園
文化財,街を見る,文化財,日枝神社本殿,35.738347,139.799097,chome,東京都荒川区南千住7-23-17日枝神社,荒川区,南千住,3366,荒川区 文化財一覧,2636,浅草寺
文化財,街を見る,文化財,麁香神社社殿,35.729044,139.808171,chome,東京都荒川区南千住3-28-58,荒川区,南千住,3387,荒川区 文化財一覧,1897,浅草寺
文化財,街を見る,文化財,本行寺山門 付門番所及び築地塀,35.728417,139.76925,point,東京都荒川区西日暮里3-1-3,荒川区,西日暮里,1502,荒川区 文化財一覧,1497,上野公園
文化財,街を見る,文化財,荒川遊園煉瓦塀,35.753248,139.75996,chome,東京都荒川区西尾久6-20,荒川区,西尾久,4387,荒川区 文化財一覧,4382,上野公園
文化財,街を見る,文化財,旧千住製絨所煉瓦塀,35.737699,139.792234,chome,東京都荒川区南千住6-42荒川工業高校,荒川区,南千住,2933,荒川区 文化財一覧,2587,浅草寺
文化財,街を見る,文化財,石浜神社本殿,35.729806,139.808444,point,東京都荒川区南千住3-28-58,荒川区,南千住,3447,荒川区 文化財一覧,1982,浅草寺
文化財,街を見る,文化財,木造七面明神立像宮殿,35.72822,139.767553,chome,東京都荒川区西日暮里3-10-1,荒川区,西日暮里,1537,荒川区 文化財一覧,1522,上野公園
文化財,街を見る,文化財,紙本着色仏涅槃図,35.732823,139.792679,chome,東京都荒川区南千住1-32-9,荒川区,南千住,2522,荒川区 文化財一覧,2046,浅草寺
文化財,街を見る,文化財,紙本着色山越阿弥陀図,35.74436,139.775,chome,東京都荒川区東尾久3-2-4,荒川区,東尾久,3198,荒川区 文化財一覧,3226,上野公園
文化財,街を見る,文化財,紙本着色善導・円光両大師画像,35.735981,139.787892,chome,東京都荒川区荒川1-18-11,荒川区,荒川,2569,荒川区 文化財一覧,2496,浅草寺
文化財,街を見る,文化財,絹本着色真言八祖画像,35.736896,139.779094,chome,東京都荒川区荒川4-5-1,荒川区,荒川,2404,荒川区 文化財一覧,2447,上野公園
文化財,街を見る,文化財,絹本着色虚無僧像,35.75184,139.763525,chome,東京都荒川区西尾久3-10-6,荒川区,西尾久,4150,荒川区 文化財一覧,4151,上野公園
文化財,街を見る,文化財,絹本着色献上鶴図,35.733845,139.781795,chome,東京都荒川区荒川,荒川区,荒川,2133,荒川区 文化財一覧,2189,上野公園
文化財,街を見る,文化財,板本着色平経正竹生島詣図絵馬,35.72822,139.767553,chome,東京都荒川区西日暮里3-10-1,荒川区,西日暮里,1537,荒川区 文化財一覧,1522,上野公園
文化財,街を見る,文化財,銅造地蔵菩薩立像,35.730304,139.767583,chome,東京都荒川区西日暮里3-4-3,荒川区,西日暮里,1750,荒川区 文化財一覧,1741,上野公園
文化財,街を見る,文化財,木造二天王立像,35.729469,139.76833,chome,東京都荒川区西日暮里3-3-8,荒川区,西日暮里,1640,荒川区 文化財一覧,1632,上野公園
文化財,街を見る,文化財,木造毘沙門天像,35.728767,139.768067,chome,東京都荒川区西日暮里3-2-14,荒川区,西日暮里,1575,荒川区 文化財一覧,1564,上野公園
文化財,街を見る,文化財,木造智天上人坐像,35.74436,139.775,chome,東京都荒川区東尾久3-2-4,荒川区,東尾久,3198,荒川区 文化財一覧,3226,上野公園
文化財,街を見る,文化財,銅造地蔵菩薩坐像,35.730304,139.767583,chome,東京都荒川区西日暮里3-4-3,荒川区,西日暮里,1750,荒川区 文化財一覧,1741,上野公園
文化財,街を見る,文化財,銅造菩薩立像,35.729097,139.766248,chome,東京都荒川区西日暮里3-8-3,荒川区,西日暮里,1676,荒川区 文化財一覧,1656,上野公園
文化財,街を見る,文化財,木造七面明神立像,35.72822,139.767553,chome,東京都荒川区西日暮里3-10-1,荒川区,西日暮里,1537,荒川区 文化財一覧,1522,上野公園
文化財,街を見る,文化財,木造阿弥陀如来立像（付宝永二年正月二五日銘台座）,35.735804,139.779798,chome,東京都荒川区荒川3-51-3,荒川区,荒川,2297,荒川区 文化財一覧,2343,上野公園
文化財,街を見る,文化財,木造聖観音菩薩立像,35.729097,139.766248,chome,東京都荒川区西日暮里3-8-3,荒川区,西日暮里,1676,荒川区 文化財一覧,1656,上野公園
文化財,街を見る,文化財,木造閻魔坐像（元禄一六年七月銘）,35.74436,139.775,chome,東京都荒川区東尾久3-2-4,荒川区,東尾久,3198,荒川区 文化財一覧,3226,上野公園
文化財,街を見る,文化財,木造一塔両尊仏坐像 付胎内文書,35.730164,139.766107,chome,東京都荒川区西日暮里3-7-12,荒川区,西日暮里,1788,荒川区 文化財一覧,1771,上野公園
文化財,街を見る,文化財,木造三十番神坐像,35.730164,139.766107,chome,東京都荒川区西日暮里3-7-12,荒川区,西日暮里,1788,荒川区 文化財一覧,1771,上野公園
文化財,街を見る,文化財,鉄製天水桶（永瀬源内富広作）,35.737158,139.79608,chome,東京都荒川区南千住6-60-1,荒川区,南千住,3089,荒川区 文化財一覧,2496,浅草寺
文化財,街を見る,文化財,太鼓（天明七年二月吉日銘）,35.732823,139.792679,chome,東京都荒川区南千住1-32-9,荒川区,南千住,2522,荒川区 文化財一覧,2046,浅草寺
文化財,街を見る,文化財,大般若経,35.751273,139.764637,chome,東京都荒川区西尾久3-9-5,荒川区,西尾久,4065,荒川区 文化財一覧,4069,上野公園
文化財,街を見る,文化財,後北条氏関係資料,35.730304,139.767583,chome,東京都荒川区西日暮里3-4-3,荒川区,西日暮里,1750,荒川区 文化財一覧,1741,上野公園
文化財,街を見る,文化財,日蓮書状,35.728056,139.76949,chome,東京都荒川区西日暮里3-1-3,荒川区,西日暮里,1457,荒川区 文化財一覧,1453,上野公園
文化財,街を見る,文化財,本行寺文書,35.728417,139.76925,point,東京都荒川区西日暮里3-1-3,荒川区,西日暮里,1502,荒川区 文化財一覧,1497,上野公園
文化財,街を見る,文化財,上尾久村村絵図,35.750414,139.765253,chome,東京都荒川区西尾久3-7-3,荒川区,西尾久,3960,荒川区 文化財一覧,3964,上野公園
文化財,街を見る,文化財,小塚原村絵図,35.737426,139.79541,chome,東京都荒川区南千住6-63-1荒川ふるさと文化館,荒川区,南千住,3075,荒川区 文化財一覧,2528,浅草寺
文化財,街を見る,文化財,浄閑寺過去帳,35.73075,139.792667,point,東京都荒川区南千住2-1-12,荒川区,南千住,2351,荒川区 文化財一覧,1820,浅草寺
文化財,街を見る,文化財,満光寺文書,35.744361,139.775028,point,東京都荒川区東尾久3-2-4,荒川区,東尾久,3198,荒川区 文化財一覧,3226,上野公園
文化財,街を見る,文化財,善性寺文書,35.727222,139.773889,point,東京都荒川区東日暮里5-41-14,荒川区,東日暮里,1294,荒川区 文化財一覧,1318,上野公園
文化財,街を見る,文化財,両岸渡世向書物,35.737426,139.79541,chome,東京都荒川区南千住6-63-1荒川ふるさと文化館,荒川区,南千住,3075,荒川区 文化財一覧,2528,浅草寺
文化財,街を見る,文化財,一月寺文書,35.75184,139.763525,chome,東京都荒川区西尾久3-10-6,荒川区,西尾久,4150,荒川区 文化財一覧,4151,上野公園
文化財,街を見る,文化財,伊藤家文書,35.737426,139.79541,chome,東京都荒川区南千住6-63-1荒川ふるさと文化館,荒川区,南千住,3075,荒川区 文化財一覧,2528,浅草寺
文化財,街を見る,文化財,諏方神社文書,35.730861,139.767083,point,東京都荒川区西日暮里3-4-8,荒川区,西日暮里,1824,荒川区 文化財一覧,1813,上野公園
文化財,街を見る,文化財,浄光寺文書,35.730389,139.767611,point,東京都荒川区西日暮里3-4-3,荒川区,西日暮里,1758,荒川区 文化財一覧,1749,上野公園
文化財,街を見る,文化財,小泉家文書,35.737426,139.79541,chome,東京都荒川区南千住6-63-1荒川ふるさと文化館,荒川区,南千住,3075,荒川区 文化財一覧,2528,浅草寺
文化財,街を見る,文化財,地蔵寺文書,35.751831,139.763519,point,東京都荒川区西尾久3-10-6,荒川区,西尾久,4149,荒川区 文化財一覧,4150,上野公園
文化財,街を見る,文化財,尾久村役場水害関係資料,35.737426,139.79541,chome,東京都荒川区南千住6-63-1荒川ふるさと文化館,荒川区,南千住,3075,荒川区 文化財一覧,2528,浅草寺
文化財,街を見る,文化財,関家文書,35.737426,139.79541,chome,東京都荒川区南千住6-63-1荒川ふるさと文化館,荒川区,南千住,3075,荒川区 文化財一覧,2528,浅草寺
文化財,街を見る,文化財,回向院文書,35.732209,139.797786,chome,東京都荒川区南千住5-33-13,荒川区,南千住,2798,荒川区 文化財一覧,1947,浅草寺
文化財,街を見る,文化財,千住製絨所関係文書,35.737426,139.79541,chome,東京都荒川区南千住6-63-1荒川ふるさと文化館,荒川区,南千住,3075,荒川区 文化財一覧,2528,浅草寺
文化財,街を見る,文化財,碩運寺文書,35.749889,139.764028,point,東京都荒川区西尾久2-25-21,荒川区,西尾久,3928,荒川区 文化財一覧,3929,上野公園
文化財,街を見る,文化財,延命院文書,35.728167,139.767833,point,東京都荒川区西日暮里3-10-1,荒川区,西日暮里,1521,荒川区 文化財一覧,1508,上野公園
文化財,街を見る,文化財,道灌山遺跡出土品,35.737426,139.79541,chome,東京都荒川区南千住6-63-1荒川ふるさと文化館,荒川区,南千住,3075,荒川区 文化財一覧,2528,浅草寺
文化財,街を見る,文化財,日暮里延命院貝塚出土品,35.737426,139.79541,chome,東京都荒川区南千住6-63-1荒川ふるさと文化館,荒川区,南千住,3075,荒川区 文化財一覧,2528,浅草寺
文化財,街を見る,文化財,町屋四丁目実揚遺跡出土品,35.737426,139.79541,chome,東京都荒川区南千住6-63-1荒川ふるさと文化館,荒川区,南千住,3075,荒川区 文化財一覧,2528,浅草寺
文化財,街を見る,文化財,板碑（正応二年四月日銘）,35.736825,139.797919,chome,東京都荒川区南千住7-15-4,荒川区,南千住,3168,荒川区 文化財一覧,2460,浅草寺
文化財,街を見る,文化財,板碑（文明十五年十月七日銘他）,35.75184,139.763525,chome,東京都荒川区西尾久3-10-6,荒川区,西尾久,4150,荒川区 文化財一覧,4151,上野公園
文化財,街を見る,文化財,松尾芭蕉の碑,35.737158,139.79608,chome,東京都荒川区南千住6-60-1,荒川区,南千住,3089,荒川区 文化財一覧,2496,浅草寺
文化財,街を見る,文化財,談林派歴代の句碑,35.729469,139.76833,chome,東京都荒川区西日暮里3-3-8,荒川区,西日暮里,1640,荒川区 文化財一覧,1632,上野公園
文化財,街を見る,文化財,滝沢馬琴筆塚の碑,35.730699,139.765585,chome,東京都荒川区西日暮里3-6-4,荒川区,西日暮里,1862,荒川区 文化財一覧,1844,上野公園
文化財,街を見る,文化財,新吉原総霊塔,35.730717,139.792775,chome,東京都荒川区南千住2-1-12,荒川区,南千住,2355,荒川区 文化財一覧,1815,浅草寺
文化財,街を見る,文化財,旧上野の黒門,35.734047,139.792986,chome,東京都荒川区南千住1-59-11,荒川区,南千住,2644,荒川区 文化財一覧,2176,浅草寺
文化財,街を見る,文化財,板碑（正和五年十月日銘）,35.751273,139.764637,chome,東京都荒川区西尾久3-9-5,荒川区,西尾久,4065,荒川区 文化財一覧,4069,上野公園
文化財,街を見る,文化財,板碑（応永三十一年四月二十日銘他）,35.735804,139.779798,chome,東京都荒川区荒川3-51-3,荒川区,荒川,2297,荒川区 文化財一覧,2343,上野公園
文化財,街を見る,文化財,板碑（文安六年七月三日銘）,35.735371,139.779833,chome,東京都荒川区荒川3-53-1,荒川区,荒川,2251,荒川区 文化財一覧,2297,上野公園
文化財,街を見る,文化財,滝沢馬琴硯塚の碑,35.730699,139.765585,chome,東京都荒川区西日暮里3-6-4,荒川区,西日暮里,1862,荒川区 文化財一覧,1844,上野公園
文化財,街を見る,文化財,伊勢物語の歌碑,35.729044,139.808171,chome,東京都荒川区南千住3-28-58,荒川区,南千住,3387,荒川区 文化財一覧,1897,浅草寺
文化財,街を見る,文化財,亀田鵬斎の詩碑,35.729044,139.808171,chome,東京都荒川区南千住3-28-58,荒川区,南千住,3387,荒川区 文化財一覧,1897,浅草寺
文化財,街を見る,文化財,道灌丘碑,35.728056,139.76949,chome,東京都荒川区西日暮里3-1-3,荒川区,西日暮里,1457,荒川区 文化財一覧,1453,上野公園
文化財,街を見る,文化財,小塚原の首切地蔵,35.731672,139.797964,chome,東京都荒川区南千住2-34-5,荒川区,南千住,2771,荒川区 文化財一覧,1888,浅草寺
文化財,街を見る,文化財,板碑群二十三基（正中二年八月日銘他）,35.732741,139.791324,chome,東京都荒川区南千住,荒川区,南千住,2437,荒川区 文化財一覧,2063,浅草寺
文化財,街を見る,文化財,日尾荊山衣?碑,35.730164,139.766107,chome,東京都荒川区西日暮里3-7-12,荒川区,西日暮里,1788,荒川区 文化財一覧,1771,上野公園
文化財,街を見る,文化財,柏木如亭の碑,35.729469,139.76833,chome,東京都荒川区西日暮里3-3-8,荒川区,西日暮里,1640,荒川区 文化財一覧,1632,上野公園
文化財,街を見る,文化財,日暮里舟繋松の碑,35.730699,139.765585,chome,東京都荒川区西日暮里3-6-4,荒川区,西日暮里,1862,荒川区 文化財一覧,1844,上野公園
文化財,街を見る,文化財,手水鉢（元禄元年十二月吉日銘）,35.729044,139.808171,chome,東京都荒川区南千住3-28-58,荒川区,南千住,3387,荒川区 文化財一覧,1897,浅草寺
文化財,街を見る,文化財,手水鉢（享保十四年九月吉日銘）,35.750414,139.765253,chome,東京都荒川区西尾久3-7-3,荒川区,西尾久,3960,荒川区 文化財一覧,3964,上野公園
文化財,街を見る,文化財,板碑四基（永仁四年十月日銘他）,35.734047,139.792986,chome,東京都荒川区南千住1-59-11,荒川区,南千住,2644,荒川区 文化財一覧,2176,浅草寺
文化財,街を見る,文化財,板碑三基（建武五年八月日銘他）,35.744767,139.773499,chome,東京都荒川区東尾久3-6-25,荒川区,東尾久,3244,荒川区 文化財一覧,3268,上野公園
文化財,街を見る,文化財,自堕落先生の碑,35.729469,139.76833,chome,東京都荒川区西日暮里3-3-8,荒川区,西日暮里,1640,荒川区 文化財一覧,1632,上野公園
文化財,街を見る,文化財,加藤雀庵文・長谷川雪旦画、森昌庵追慕の碑,35.737158,139.79608,chome,東京都荒川区南千住6-60-1,荒川区,南千住,3089,荒川区 文化財一覧,2496,浅草寺
文化財,街を見る,文化財,手水鉢（安永八年二月初午銘）,35.73451,139.778692,chome,東京都荒川区荒川3-65-10,荒川区,荒川,2136,荒川区 文化財一覧,2180,上野公園
文化財,街を見る,文化財,手水鉢（明和元年九月吉日銘）,35.73774,139.810324,chome,東京都荒川区南千住8-11-11,荒川区,南千住,4064,荒川区 文化財一覧,2838,浅草寺
文化財,街を見る,文化財,手水鉢（文化七年四月吉日銘）,35.729338,139.782937,chome,東京都荒川区東日暮里3-8-10,荒川区,東日暮里,1707,荒川区 文化財一覧,1775,上野公園
文化財,街を見る,文化財,手水鉢（弘化二歳十月日銘）,35.738817,139.796554,chome,東京都荒川区南千住6-70-5,荒川区,南千住,3260,荒川区 文化財一覧,2680,浅草寺
文化財,街を見る,文化財,板碑六基（永和元年六月十二日銘他）,35.74436,139.775,chome,東京都荒川区東尾久3-2-4,荒川区,東尾久,3198,荒川区 文化財一覧,3226,上野公園
文化財,街を見る,文化財,板碑二基（文安三年十二月銘他） 付青石片一基,35.743035,139.766418,chome,東京都荒川区東尾久,荒川区,東尾久,3137,荒川区 文化財一覧,3139,上野公園
文化財,街を見る,文化財,板碑三基（永和五年七月十五日銘他）,35.737426,139.79541,chome,東京都荒川区南千住6-63-1荒川ふるさと文化館,荒川区,南千住,3075,荒川区 文化財一覧,2528,浅草寺
文化財,街を見る,文化財,手水鉢（寛文十年五月十八日銘）,35.732823,139.792679,chome,東京都荒川区南千住1-32-9,荒川区,南千住,2522,荒川区 文化財一覧,2046,浅草寺
文化財,街を見る,文化財,手水鉢（享保十年十一月銘）,35.730304,139.767583,chome,東京都荒川区西日暮里3-4-3,荒川区,西日暮里,1750,荒川区 文化財一覧,1741,上野公園
文化財,街を見る,文化財,麁香神社関係資料（石碑二基、由緒書木板一面、扁額一面）,35.729044,139.808171,chome,東京都荒川区南千住3-28-58,荒川区,南千住,3387,荒川区 文化財一覧,1897,浅草寺
文化財,街を見る,文化財,石造七重塔（享保七歳次壬寅端午日銘）,35.734047,139.792986,chome,東京都荒川区南千住1-59-11,荒川区,南千住,2644,荒川区 文化財一覧,2176,浅草寺
文化財,街を見る,文化財,板碑二基（光明遍照偈板碑他）,35.752317,139.766801,chome,東京都荒川区東尾久8-46-2,荒川区,東尾久,4141,荒川区 文化財一覧,4150,上野公園
文化財,街を見る,文化財,板碑（天文九年四月十九日銘）,35.737547,139.779999,chome,東京都荒川区荒川4-16-3,荒川区,荒川,2490,荒川区 文化財一覧,2536,上野公園
文化財,街を見る,文化財,板碑三基（天文九年銘他）,35.749765,139.781921,chome,東京都荒川区町屋,荒川区,町屋,3858,荒川区 文化財一覧,3900,上野公園
文化財,街を見る,文化財,板碑（年未詳）,35.738174,139.796501,chome,東京都荒川区南千住6-69-22,荒川区,南千住,3201,荒川区 文化財一覧,2608,浅草寺
文化財,街を見る,文化財,宝篋印塔二基（明徳二年銘他）,35.737426,139.79541,chome,東京都荒川区南千住6-63-1荒川ふるさと文化館,荒川区,南千住,3075,荒川区 文化財一覧,2528,浅草寺
文化財,街を見る,文化財,手水鉢（天保二年三月吉日銘）,35.730864,139.767072,chome,東京都荒川区西日暮里3-4-8,荒川区,西日暮里,1825,荒川区 文化財一覧,1814,上野公園
文化財,街を見る,文化財,板碑二基（年未詳）,35.737426,139.79541,chome,東京都荒川区南千住6-63-1荒川ふるさと文化館,荒川区,南千住,3075,荒川区 文化財一覧,2528,浅草寺
文化財,街を見る,文化財,板碑（正和二年十一月日銘）,35.730717,139.792775,chome,東京都荒川区南千住2-1-12,荒川区,南千住,2355,荒川区 文化財一覧,1815,浅草寺
文化財,街を見る,文化財,八幡神社棟札,35.750472,139.765,point,東京都荒川区西尾久3-7-3,荒川区,西尾久,3971,荒川区 文化財一覧,3975,上野公園
文化財,街を見る,文化財,安井金毘羅大権現鎮座碑,35.730699,139.765585,chome,東京都荒川区西日暮里3-6-4,荒川区,西日暮里,1862,荒川区 文化財一覧,1844,上野公園
文化財,街を見る,文化財,景岳橋本君碑,35.732209,139.797786,chome,東京都荒川区南千住5-33-13,荒川区,南千住,2798,荒川区 文化財一覧,1947,浅草寺
文化財,街を見る,文化財,板碑二基（応安元年十一月□日銘他）,35.743035,139.766418,chome,東京都荒川区東尾久,荒川区,東尾久,3137,荒川区 文化財一覧,3139,上野公園
文化財,街を見る,文化財,宝篋印塔（元禄十六年六月二十六日銘）,35.729469,139.76833,chome,東京都荒川区西日暮里3-3-8,荒川区,西日暮里,1640,荒川区 文化財一覧,1632,上野公園
文化財,街を見る,文化財,板碑一基（年未詳）,35.737426,139.79541,chome,東京都荒川区南千住6-63-1荒川ふるさと文化館,荒川区,南千住,3075,荒川区 文化財一覧,2528,浅草寺
文化財,街を見る,文化財,宝篋印塔（元和七年八月十五日銘）,35.735371,139.779833,chome,東京都荒川区荒川3-53-1,荒川区,荒川,2251,荒川区 文化財一覧,2297,上野公園
文化財,街を見る,文化財,井上省三君碑,35.74178,139.776505,chome,東京都荒川区荒川6-45荒川総合スポーツセンター,荒川区,荒川,2917,荒川区 文化財一覧,2949,上野公園
文化財,街を見る,文化財,板碑（貞治四年銘）,35.749765,139.781921,chome,東京都荒川区町屋,荒川区,町屋,3858,荒川区 文化財一覧,3900,上野公園
文化財,街を見る,文化財,高島秋帆関係資料,35.732741,139.791324,chome,東京都荒川区南千住6-63-1荒川ふるさと文化館,荒川区,南千住,2437,荒川区 文化財一覧,2063,浅草寺
文化財,街を見る,文化財,法界寺近世墓塔群,35.735889,139.779778,point,東京都荒川区荒川3-51-3,荒川区,荒川,2306,荒川区 文化財一覧,2352,上野公園
文化財,街を見る,文化財,皆川号外コレクション,35.737426,139.79541,chome,東京都荒川区南千住6-63-1荒川ふるさと文化館,荒川区,南千住,3075,荒川区 文化財一覧,2528,浅草寺
文化財,街を見る,文化財,宝篋印塔残欠（応永二十八年「鏡圓禅門」銘）,35.732741,139.791324,chome,東京都荒川区南千住,荒川区,南千住,2437,荒川区 文化財一覧,2063,浅草寺
文化財,街を見る,文化財,神翁寺関係資料,35.732741,139.791324,chome,東京都荒川区南千住6-63-1荒川ふるさと文化館,荒川区,南千住,2437,荒川区 文化財一覧,2063,浅草寺
文化財,街を見る,文化財,日枝神社棟札,35.737426,139.79541,chome,東京都荒川区南千住6-60-1,荒川区,南千住,3075,荒川区 文化財一覧,2528,浅草寺
文化財,街を見る,文化財,物見塚記版木,35.728056,139.76949,chome,東京都荒川区西日暮里3-1-3,荒川区,西日暮里,1457,荒川区 文化財一覧,1453,上野公園
文化財,街を見る,文化財,富士講関係石造物群,35.729044,139.808171,chome,東京都荒川区南千住3-28-58,荒川区,南千住,3387,荒川区 文化財一覧,1897,浅草寺
文化財,街を見る,文化財,千住製絨所絵馬,35.737426,139.79541,chome,東京都荒川区南千住6-63-1荒川ふるさと文化館,荒川区,南千住,3075,荒川区 文化財一覧,2528,浅草寺
文化財,街を見る,文化財,熊野神社棟札二点（貞享元年銘・天保十三年銘）,35.737426,139.79541,chome,東京都荒川区南千住6-63-1荒川ふるさと文化館,荒川区,南千住,3075,荒川区 文化財一覧,2528,浅草寺
文化財,街を見る,文化財,橋本左内の墓,35.732209,139.797786,chome,東京都荒川区南千住5-33-13,荒川区,南千住,2798,荒川区 文化財一覧,1947,浅草寺
文化財,街を見る,文化財,橋本左内の墓旧套堂,35.737426,139.79541,chome,東京都荒川区南千住6-63-1荒川ふるさと文化館,荒川区,南千住,3075,荒川区 文化財一覧,2528,浅草寺
文化財,街を見る,文化財,三十番神像版木（寛政十三年四月大吉辰銘）,35.730164,139.766107,chome,東京都荒川区西日暮里3-7-12,荒川区,西日暮里,1788,荒川区 文化財一覧,1771,上野公園
文化財,街を見る,文化財,飯塚家資料,35.732741,139.791324,chome,東京都荒川区南千住6-63-1荒川ふるさと文化館,荒川区,南千住,2437,荒川区 文化財一覧,2063,浅草寺
文化財,街を見る,文化財,石造燈籠一対（文化十四年四月銘）,35.737158,139.79608,chome,東京都荒川区南千住6-60-1,荒川区,南千住,3089,荒川区 文化財一覧,2496,浅草寺
文化財,街を見る,文化財,彰義隊関係追悼碑群,35.734047,139.792986,chome,東京都荒川区南千住1-59-11,荒川区,南千住,2644,荒川区 文化財一覧,2176,浅草寺
文化財,街を見る,文化財,日慶寺鬼子母神像,35.736833,139.797917,point,東京都荒川区南千住7-15-4,荒川区,南千住,3169,荒川区 文化財一覧,2461,浅草寺
文化財,街を見る,文化財,題目塔(元禄十一年二月中浣五日銘),35.731672,139.797964,chome,東京都荒川区南千住2-34-5,荒川区,南千住,2771,荒川区 文化財一覧,1888,浅草寺
文化財,街を見る,文化財,皆川氷業史関係コレクション,35.732741,139.791324,chome,東京都荒川区南千住6-63-1荒川ふるさと文化館,荒川区,南千住,2437,荒川区 文化財一覧,2063,浅草寺
文化財,街を見る,文化財,武蔵国豊島郡新堀邨諏訪神社記碑,35.730864,139.767072,chome,東京都荒川区西日暮里3-4-8,荒川区,西日暮里,1825,荒川区 文化財一覧,1814,上野公園
文化財,街を見る,文化財,法華曼荼羅三界万霊塔（寛文十一年二月中旬六日銘）,35.736413,139.795986,chome,東京都荒川区南千住5-44-4,荒川区,南千住,3020,荒川区 文化財一覧,2413,浅草寺
文化財,街を見る,文化財,梅花仏鑑塔,35.729469,139.76833,chome,東京都荒川区西日暮里3-3-8,荒川区,西日暮里,1640,荒川区 文化財一覧,1632,上野公園
文化財,街を見る,文化財,杉野中尉殉難遺蹟の碑,35.747046,139.769043,chome,東京都荒川区東尾久5-6-9,荒川区,東尾久,3531,荒川区 文化財一覧,3543,上野公園
文化財,街を見る,文化財,経王寺法華経御鬮関連資料,35.728278,139.768528,point,東京都荒川区西日暮里3-2-6,荒川区,西日暮里,1509,荒川区 文化財一覧,1500,上野公園
文化財,街を見る,文化財,日枝神社棟札（嘉永六年六月吉祥日銘）,35.737158,139.79608,chome,東京都荒川区南千住6-60-1,荒川区,南千住,3089,荒川区 文化財一覧,2496,浅草寺
文化財,街を見る,文化財,妍斎落歯塚の碑（寛政九年十月銘）,35.729469,139.76833,chome,東京都荒川区西日暮里3-3-8,荒川区,西日暮里,1640,荒川区 文化財一覧,1632,上野公園
文化財,街を見る,文化財,出羽三山供養塔（文政十年丁亥歳四月銘）,35.737158,139.79608,chome,東京都荒川区南千住6-60-1,荒川区,南千住,3089,荒川区 文化財一覧,2496,浅草寺
文化財,街を見る,文化財,庚申塔（寛永十五年十二月八日銘）,35.753311,139.775849,chome,東京都荒川区東尾久7-4馬捨場跡,荒川区,東尾久,4195,荒川区 文化財一覧,4224,上野公園
文化財,街を見る,文化財,阿弥陀三尊来迎図像庚申塔（正保四年二月吉日銘）,35.743888,139.780065,chome,東京都荒川区町屋2-8-7,荒川区,町屋,3185,荒川区 文化財一覧,3227,上野公園
文化財,街を見る,文化財,庚申塔群七基（寛文十年八月十五日銘他）,35.730304,139.767583,chome,東京都荒川区西日暮里3-4-3,荒川区,西日暮里,1750,荒川区 文化財一覧,1741,上野公園
文化財,街を見る,文化財,念仏講用具,35.744767,139.773499,chome,東京都荒川区東尾久3-6-25,荒川区,東尾久,3244,荒川区 文化財一覧,3268,上野公園
文化財,街を見る,文化財,うすさま明王石像,35.732798,139.769704,chome,東京都荒川区西日暮里5-8-7,荒川区,西日暮里,1961,荒川区 文化財一覧,1965,上野公園
文化財,街を見る,文化財,地蔵堀の石地蔵,35.734523,139.784534,chome,東京都荒川区荒川3-1,荒川区,荒川,2291,荒川区 文化財一覧,2354,上野公園
文化財,街を見る,文化財,袈裟塚の耳無不動,35.734586,139.782193,chome,東京都荒川区荒川3-22三峰神社,荒川区,荒川,2222,荒川区 文化財一覧,2278,上野公園
文化財,街を見る,文化財,木造布袋尊像,35.730164,139.766107,chome,東京都荒川区西日暮里3-7-12,荒川区,西日暮里,1788,荒川区 文化財一覧,1771,上野公園
文化財,街を見る,文化財,庚申塔二基（寛文十年銘他）,35.749992,139.763708,chome,東京都荒川区西尾久2-25地蔵山墓地,荒川区,西尾久,3946,荒川区 文化財一覧,3947,上野公園
文化財,街を見る,文化財,庚申塔（寛文八年九月吉日銘）,35.74665,139.783748,chome,東京都荒川区町屋1-9-16一本松グリーンスポット,荒川区,町屋,3552,荒川区 文化財一覧,3600,上野公園
文化財,街を見る,文化財,庚申塔（延宝四年十月十一日銘）,35.738174,139.796501,chome,東京都荒川区南千住6-69-22,荒川区,南千住,3201,荒川区 文化財一覧,2608,浅草寺
文化財,街を見る,文化財,庚申塔（享保十年五月吉良日銘）,35.738174,139.796501,chome,東京都荒川区南千住6-69-22,荒川区,南千住,3201,荒川区 文化財一覧,2608,浅草寺
文化財,街を見る,文化財,庚申塔（寛文九年十月十二日銘）,35.738279,139.799521,chome,東京都荒川区南千住7-23日枝神社参道口,荒川区,南千住,3385,荒川区 文化財一覧,2632,浅草寺
文化財,街を見る,文化財,庚申塔群三基（慶安五年「本地青面金剛待」銘他）,35.734586,139.782193,chome,東京都荒川区荒川3-22三峰神社,荒川区,荒川,2222,荒川区 文化財一覧,2278,上野公園
文化財,街を見る,文化財,木造大黒天像,35.728053,139.768748,chome,東京都荒川区西日暮里3-2-6,荒川区,西日暮里,1479,荒川区 文化財一覧,1470,上野公園
文化財,街を見る,文化財,庚申塔群（庚申塔四基を含む石造物十基）,35.737785,139.777722,chome,東京都荒川区荒川4-10宮地六地蔵,荒川区,荒川,2484,荒川区 文化財一覧,2522,上野公園
文化財,街を見る,文化財,庚申待供養碑（寛文六年十月十三日銘）,35.735371,139.779833,chome,東京都荒川区荒川3-53-1,荒川区,荒川,2251,荒川区 文化財一覧,2297,上野公園
文化財,街を見る,文化財,江戸西国二十七番札所碑,35.729469,139.76833,chome,東京都荒川区西日暮里3-3-8,荒川区,西日暮里,1640,荒川区 文化財一覧,1632,上野公園
文化財,街を見る,文化財,庚申塔群（寛文十三年二月八日銘他）,35.737158,139.79608,chome,東京都荒川区南千住6-60-1,荒川区,南千住,3089,荒川区 文化財一覧,2496,浅草寺
文化財,街を見る,文化財,庚申塔（延宝八年十一月五日銘）,35.728767,139.768067,chome,東京都荒川区西日暮里3-2-14,荒川区,西日暮里,1575,荒川区 文化財一覧,1564,上野公園
文化財,街を見る,文化財,成田講用具,35.737426,139.79541,chome,東京都荒川区南千住6-63-1荒川ふるさと文化館,荒川区,南千住,3075,荒川区 文化財一覧,2528,浅草寺
文化財,街を見る,文化財,日待供養碑（寛文九年十一月十六日銘他）,35.751991,139.757961,chome,東京都荒川区西尾久6-32延命子育地蔵尊,荒川区,西尾久,4313,荒川区 文化財一覧,4303,上野公園
文化財,街を見る,文化財,庚申塔（正徳三年十一月十六日銘他）,35.751273,139.764637,chome,東京都荒川区西尾久3-9-5,荒川区,西尾久,4065,荒川区 文化財一覧,4069,上野公園
文化財,街を見る,文化財,庚申塔（元禄十一年十一月吉祥日銘）,35.748405,139.774261,chome,東京都荒川区東尾久6-31下尾久石尊内,荒川区,東尾久,3648,荒川区 文化財一覧,3673,上野公園
文化財,街を見る,文化財,光明真言三百六十万遍供養塔,35.744767,139.773499,chome,東京都荒川区東尾久3-6-25,荒川区,東尾久,3244,荒川区 文化財一覧,3268,上野公園
文化財,街を見る,文化財,六地蔵（元禄十五年霜月二十四日銘他）,35.750668,139.767178,chome,東京都荒川区東尾久8-41華蔵院旧薬師堂墓地,荒川区,東尾久,3955,荒川区 文化財一覧,3964,上野公園
文化財,街を見る,文化財,庚申塔三基（貞享三年五月吉祥日銘他）,35.729044,139.808171,chome,東京都荒川区南千住3-28-58,荒川区,南千住,3387,荒川区 文化財一覧,1897,浅草寺
文化財,街を見る,文化財,庚申塔二基（承応三年二月八日銘他）,35.74436,139.775,chome,東京都荒川区東尾久3-2-4,荒川区,東尾久,3198,荒川区 文化財一覧,3226,上野公園
文化財,街を見る,文化財,庚申塔二基（元禄十二年十月吉日銘他）,35.730864,139.767072,chome,東京都荒川区西日暮里3-4-8,荒川区,西日暮里,1825,荒川区 文化財一覧,1814,上野公園
文化財,街を見る,文化財,六地蔵（元禄十六年二月十五日銘他）,35.730304,139.767583,chome,東京都荒川区西日暮里3-4-3,荒川区,西日暮里,1750,荒川区 文化財一覧,1741,上野公園
文化財,街を見る,文化財,庚申塔（元禄十五年□月八日銘他）,35.729469,139.76833,chome,東京都荒川区西日暮里3-3-8,荒川区,西日暮里,1640,荒川区 文化財一覧,1632,上野公園
文化財,街を見る,文化財,和蝋燭屋看板二点,35.737426,139.79541,chome,東京都荒川区南千住6-63-1荒川ふるさと文化館,荒川区,南千住,3075,荒川区 文化財一覧,2528,浅草寺
文化財,街を見る,文化財,庚申塔一基（宝永三年十一月十八日銘）,35.734047,139.792986,chome,東京都荒川区南千住1-59-11,荒川区,南千住,2644,荒川区 文化財一覧,2176,浅草寺
文化財,街を見る,文化財,庚申塔一基（享保九年十一月二十日銘）,35.752317,139.766801,chome,東京都荒川区東尾久8-46-2,荒川区,東尾久,4141,荒川区 文化財一覧,4150,上野公園
文化財,街を見る,文化財,胡粉袋版木,35.732741,139.791324,chome,東京都荒川区南千住,荒川区,南千住,2437,荒川区 文化財一覧,2063,浅草寺
文化財,街を見る,文化財,庚申塔二基（享保十三年銘及び年未詳「猿田彦太神」銘）,35.729338,139.782937,chome,東京都荒川区東日暮里3-8-10,荒川区,東日暮里,1707,荒川区 文化財一覧,1775,上野公園
文化財,街を見る,文化財,三河島山車人形・熊坂長範,35.733845,139.781795,chome,東京都荒川区荒川,荒川区,荒川,2133,荒川区 文化財一覧,2189,上野公園
文化財,街を見る,文化財,三河島山車人形・稲田姫,35.733845,139.781795,chome,東京都荒川区荒川,荒川区,荒川,2133,荒川区 文化財一覧,2189,上野公園
文化財,街を見る,文化財,小児活生丸看板三点,35.737426,139.79541,chome,東京都荒川区南千住6-63-1荒川ふるさと文化館,荒川区,南千住,3075,荒川区 文化財一覧,2528,浅草寺
文化財,街を見る,文化財,獅子頭一対（文政九年六月吉日銘）,35.732741,139.791324,chome,東京都荒川区南千住6-60-1素盞雄神社,荒川区,南千住,2437,荒川区 文化財一覧,2063,浅草寺
文化財,街を見る,文化財,山富講下谷講社富士講用具,35.732741,139.791324,chome,東京都荒川区南千住6-60-1素盞雄神社,荒川区,南千住,2437,荒川区 文化財一覧,2063,浅草寺
文化財,街を見る,文化財,丸生講尾久講社富士講用具,35.737426,139.79541,chome,東京都荒川区南千住6-63-1荒川ふるさと文化館,荒川区,南千住,3075,荒川区 文化財一覧,2528,浅草寺
文化財,街を見る,文化財,木造大黒天像・恵比寿像,35.737158,139.79608,chome,東京都荒川区南千住6-60-1,荒川区,南千住,3089,荒川区 文化財一覧,2496,浅草寺
文化財,街を見る,文化財,日暮里山車人形・鎮西八郎源為朝,35.730864,139.767072,chome,東京都荒川区西日暮里3-4-8,荒川区,西日暮里,1825,荒川区 文化財一覧,1814,上野公園
文化財,街を見る,文化財,三河島山車人形・熊坂長範組立技術,35.736219,139.781527,chome,東京都荒川区荒川,荒川区,荒川,2379,荒川区 文化財一覧,2431,上野公園
文化財,街を見る,文化財,三河島山車人形・稲田姫組立技術,35.735712,139.77594,chome,東京都荒川区西日暮里,荒川区,西日暮里,2240,荒川区 文化財一覧,2272,上野公園
文化財,街を見る,文化財,江戸の里神楽,35.737173,139.770938,chome,東京都荒川区西日暮里6-15-6,荒川区,西日暮里,2420,荒川区 文化財一覧,2433,上野公園
文化財,街を見る,文化財,永井尚志の墓,35.728056,139.76949,chome,東京都荒川区西日暮里3-1-3,荒川区,西日暮里,1457,荒川区 文化財一覧,1453,上野公園
文化財,街を見る,文化財,市河寛斎の墓,35.728056,139.76949,chome,東京都荒川区西日暮里3-1-3,荒川区,西日暮里,1457,荒川区 文化財一覧,1453,上野公園
文化財,街を見る,文化財,市河米庵の墓,35.728056,139.76949,chome,東京都荒川区西日暮里3-1-3,荒川区,西日暮里,1457,荒川区 文化財一覧,1453,上野公園
文化財,街を見る,文化財,彰義隊戦士の墓,35.734047,139.792986,chome,東京都荒川区南千住1-59-11,荒川区,南千住,2644,荒川区 文化財一覧,2176,浅草寺
文化財,街を見る,文化財,松林伯円の墓(初代・二代),35.729097,139.766248,chome,東京都荒川区西日暮里3-8-3,荒川区,西日暮里,1676,荒川区 文化財一覧,1656,上野公園
文化財,街を見る,文化財,吉田松陰の墓,35.732209,139.797786,chome,東京都荒川区南千住5-33-13,荒川区,南千住,2798,荒川区 文化財一覧,1947,浅草寺
文化財,街を見る,文化財,小塚原の刑場跡,35.732209,139.797786,chome,東京都荒川区南千住5-33-13,荒川区,南千住,2798,荒川区 文化財一覧,1947,浅草寺
文化財,街を見る,文化財,観臓記念碑,35.732209,139.797786,chome,東京都荒川区南千住5-33-13,荒川区,南千住,2798,荒川区 文化財一覧,1947,浅草寺
文化財,街を見る,文化財,千住大橋,35.739444,139.7975,point,東京都荒川区南千住6,荒川区,南千住,3368,荒川区 文化財一覧,2750,浅草寺
文化財,街を見る,文化財,石川氏屋敷跡,35.733164,139.791219,chome,東京都荒川区南千住1,荒川区,南千住,2468,荒川区 文化財一覧,2111,浅草寺
文化財,街を見る,文化財,大関氏屋敷跡,35.733164,139.791219,chome,東京都荒川区南千住1,荒川区,南千住,2468,荒川区 文化財一覧,2111,浅草寺
文化財,街を見る,文化財,宗氏屋敷跡,35.733164,139.791219,chome,東京都荒川区南千住1,荒川区,南千住,2468,荒川区 文化財一覧,2111,浅草寺
文化財,街を見る,文化財,池田氏屋敷跡,35.729698,139.788088,chome,東京都荒川区東日暮里1,荒川区,東日暮里,1991,荒川区 文化財一覧,1840,浅草寺
文化財,街を見る,文化財,佐竹氏屋敷跡,35.732813,139.762453,chome,東京都荒川区西日暮里4,荒川区,西日暮里,2201,荒川区 文化財一覧,2176,上野公園
文化財,街を見る,文化財,頼三樹三郎の墓,35.732209,139.797786,chome,東京都荒川区南千住5-33-13,荒川区,南千住,2798,荒川区 文化財一覧,1947,浅草寺
文化財,街を見る,文化財,東龍斎清寿の墓,35.736413,139.795986,chome,東京都荒川区南千住6-59-19,荒川区,南千住,3020,荒川区 文化財一覧,2413,浅草寺
文化財,街を見る,文化財,水神の渡し跡,35.73185,139.808417,chome,東京都荒川区南千住3,荒川区,南千住,3555,荒川区 文化財一覧,2177,浅草寺
文化財,街を見る,文化財,汐入の渡し跡,35.738631,139.810756,chome,東京都荒川区南千住8,荒川区,南千住,4156,荒川区 文化財一覧,2944,浅草寺
文化財,街を見る,文化財,一本松の渡し跡,35.747745,139.786537,chome,東京都荒川区町屋8,荒川区,町屋,3736,荒川区 文化財一覧,3786,浅草寺
文化財,街を見る,文化財,お茶屋の渡し跡（お竹の渡し跡）,35.75015,139.787408,chome,東京都荒川区町屋7,荒川区,町屋,4015,荒川区 文化財一覧,4029,浅草寺
文化財,街を見る,文化財,新渡し跡,35.750511,139.779896,chome,東京都荒川区町屋5,荒川区,町屋,3912,荒川区 文化財一覧,3950,上野公園
文化財,街を見る,文化財,熊野の渡し跡,35.751208,139.768128,chome,東京都荒川区東尾久8,荒川区,東尾久,4001,荒川区 文化財一覧,4012,上野公園
文化財,街を見る,文化財,小台の渡し跡,35.751564,139.759771,chome,東京都荒川区西尾久6,荒川区,西尾久,4214,荒川区 文化財一覧,4207,上野公園
文化財,街を見る,文化財,道灌山遺跡,35.732813,139.762453,chome,東京都荒川区西日暮里4,荒川区,西日暮里,2201,荒川区 文化財一覧,2176,上野公園
文化財,街を見る,文化財,日暮里延命院貝塚,35.728167,139.767833,point,東京都荒川区西日暮里3-13及びその周辺,荒川区,西日暮里,1521,荒川区 文化財一覧,1508,上野公園
文化財,街を見る,文化財,加藤氏屋敷跡,35.733401,139.788082,chome,東京都荒川区荒川1-38付近,荒川区,荒川,2328,荒川区 文化財一覧,2220,浅草寺
文化財,街を見る,文化財,真先銭座跡,35.730497,139.808116,chome,東京都荒川区南千住3-29～40付近,荒川区,南千住,3457,荒川区 文化財一覧,2032,浅草寺
文化財,街を見る,文化財,米倉氏屋敷跡,35.738036,139.79488,chome,東京都荒川区南千住6-66・67付近,荒川区,南千住,3100,荒川区 文化財一覧,2598,浅草寺
文化財,街を見る,文化財,酒井氏屋敷跡,35.72956,139.809501,chome,東京都荒川区南千住3-38付近,荒川区,南千住,3520,荒川区 文化財一覧,2012,浅草寺
文化財,街を見る,文化財,富士塚,35.737158,139.79608,chome,東京都荒川区南千住6-60-1,荒川区,南千住,3089,荒川区 文化財一覧,2496,浅草寺
文化財,街を見る,文化財,延命院のシイ,35.728167,139.767833,point,東京都荒川区西日暮里3-10-1,荒川区,西日暮里,1521,荒川区 文化財一覧,1508,上野公園
文化財,街を見る,観光,浅草文化観光センター,35.710667,139.796528,point,雷門2丁目18番9号,台東区,雷門,2063,台東区 施設地図情報(観光),21,雷門
文化財,街を見る,美術館,国立西洋美術館,35.715556,139.775833,point,上野公園7番7号,台東区,上野公園,120,台東区 施設地図情報(観光),221,上野公園
文化財,街を見る,文化,旧東京音楽学校奏楽堂,35.718033,139.773125,point,上野公園8番43号,台東区,上野公園,298,台東区 施設地図情報(観光),296,上野公園
文化財,街を見る,美術館,東京藝術大学大学美術館,35.719234,139.771725,point,上野公園12番8号,台東区,上野公園,475,台東区 施設地図情報(観光),454,上野公園
文化財,街を見る,美術館,東京都美術館,35.717204,139.772855,point,上野公園8番36号,台東区,上野公園,232,台東区 施設地図情報(観光),209,上野公園
文化財,街を見る,博物館,大名時計博物館,35.72128,139.7662,point,谷中2丁目1番27号,台東区,谷中,980,台東区 施設地図情報(観光),924,上野公園
文化財,街を見る,観光,皮革産業資料館,35.723935,139.808273,point,橋場1丁目36番2号産業研修センター内,台東区,橋場,3187,台東区 施設地図情報(観光),1460,浅草寺
文化財,街を見る,博物館,国立科学博物館,35.716358,139.776433,point,上野公園7番20号,台東区,上野公園,194,台東区 施設地図情報(観光),295,上野公園
文化財,街を見る,観光,江戸たいとう伝統工芸館,35.716274,139.793863,point,浅草2丁目22番13号,台東区,浅草,1750,台東区 施設地図情報(観光),313,浅草寺
文化財,街を見る,観光,国際子ども図書館,35.719583,139.773722,point,上野公園12-49,台東区,上野公園,448,台東区 施設地図情報(観光),468,上野公園
文化財,街を見る,文化,一葉記念館,35.725556,139.792806,point,竜泉3丁目18番4号,台東区,竜泉,1989,台東区 施設地図情報(観光),1256,浅草寺
文化財,街を見る,文化,下町風俗資料館付設展示場（旧吉田屋酒店）,35.721323,139.770875,point,上野桜木2-10-6,台東区,上野桜木,716,台東区 施設地図情報(観光),699,上野公園
文化財,街を見る,文化,下町風俗資料館,35.7102,139.7726,point,上野公園2番1号,台東区,上野公園,624,台東区 施設地図情報(観光),267,アメヤ横丁
文化財,街を見る,文化,書道博物館,35.724643,139.776294,point,根岸2丁目10番4号,台東区,根岸,1018,台東区 施設地図情報(観光),1063,上野公園
文化財,街を見る,文化,朝倉彫塑館,35.726847,139.76855,point,谷中7丁目18番10号,台東区,谷中,1361,台東区 施設地図情報(観光),1348,上野公園
文化財,街を見る,観光,ねぎし三平堂,35.724933,139.776224,point,根岸2丁目10番12号,台東区,根岸,1049,台東区 施設地図情報(観光),1092,上野公園
文化財,街を見る,博物館,東京国立博物館,35.719056,139.776667,point,上野公園13番9号,台東区,上野公園,431,台東区 施設地図情報(観光),504,上野公園
文化財,街を見る,観光,東京文化会館,35.714167,139.775278,point,上野公園5番45号,台東区,上野公園,174,台東区 施設地図情報(観光),217,上野公園
文化財,街を見る,観光,黒田記念館,35.718814,139.773345,point,上野公園13番43号,台東区,上野公園,372,台東区 施設地図情報(観光),382,上野公園
文化財,街を見る,文化,たなか舞台芸術スタジオ,35.727924,139.79736,point,台東区日本堤２丁目２５－４,台東区,日本堤,2477,台東区 施設地図情報(観光),1469,浅草寺
文化財,街を見る,観光,ふるさと交流ショップ 台東,35.719721,139.795392,point,台東区浅草4丁目36番5号,台東区,浅草,1941,台東区 施設地図情報(観光),569,浅草寺
文化財,街を見る,博物館,世界のカバン博物館,35.708045,139.795301,point,台東区駒形 1丁目8番10号,台東区,駒形,2057,台東区 施設地図情報(観光),331,雷門
文化財,街を見る,観光,日本文具資料館,35.696792,139.788763,point,台東区柳橋1丁目1番15号 （東京文具販売健康保険組合会館１階）,台東区,柳橋,2456,台東区 施設地図情報(観光),1715,雷門
文化財,街を見る,観光,袋物参考館,35.698817,139.785752,point,台東区浅草橋2丁目4番1号,台東区,浅草橋,2125,台東区 施設地図情報(観光),1471,アメヤ横丁
文化財,街を見る,観光,上野動物園,35.7175,139.771389,point,台東区上野公園9番83号,台東区,上野公園,351,台東区 施設地図情報(観光),298,上野公園
文化財,街を見る,名所・史跡,初代川柳墓,35.705915,139.788745,point,蔵前4丁目36番7号（竜宝寺内）,台東区,蔵前,1677,台東区 施設地図情報(名所・史跡),901,雷門
文化財,街を見る,名所・史跡,勝川春章墓,35.703536,139.788815,point,蔵前4丁目16番16号（西福寺内）,台東区,蔵前,1863,台東区 施設地図情報(名所・史跡),1077,雷門
文化財,街を見る,名所・史跡,浅草文庫跡碑,35.700086,139.789365,point,蔵前1丁目4番3号（榊神社内）,台東区,蔵前,2186,台東区 施設地図情報(名所・史跡),1363,雷門
文化財,街を見る,名所・史跡,鷲神社,35.722556,139.791861,point,千束3丁目18番7号,台東区,千束,1748,台東区 施設地図情報(名所・史跡),977,浅草寺
文化財,街を見る,名所・史跡,待乳山聖天,35.717315,139.803033,point,浅草7丁目4番1号,台東区,浅草,2583,台東区 施設地図情報(名所・史跡),636,浅草寺
文化財,街を見る,名所・史跡,江戸六地蔵,35.724074,139.800293,point,東浅草2丁目12番13号（東禅寺内）,台東区,東浅草,2512,台東区 施設地図情報(名所・史跡),1088,浅草寺
文化財,街を見る,名所・史跡,安藤東野墓,35.724065,139.806683,point,橋場1丁目16番2号（福寿院内）,台東区,橋場,3054,台東区 施設地図情報(名所・史跡),1373,浅草寺
文化財,街を見る,名所・史跡,妙亀塚,35.725355,139.805523,point,橋場1丁目28番12号（妙亀塚公園内）,台東区,橋場,3003,台東区 施設地図情報(名所・史跡),1423,浅草寺
文化財,街を見る,名所・史跡,橋場のお化け地蔵,35.726324,139.805803,point,橋場2丁目5番3号（松吟寺内）,台東区,橋場,3067,台東区 施設地図情報(名所・史跡),1527,浅草寺
文化財,街を見る,名所・史跡,鳥越神社,35.701944,139.785556,point,鳥越2丁目4番1号,台東区,鳥越,1817,台東区 施設地図情報(名所・史跡),1230,アメヤ横丁
文化財,街を見る,名所・史跡,浅間神社,35.719194,139.798313,point,浅草5-3-2,台東区,浅草,2187,台東区 施設地図情報(名所・史跡),517,浅草寺
文化財,街を見る,名所・史跡,岡倉天心記念公園,35.726373,139.766555,point,谷中5-7,台東区,谷中,1396,台東区 施設地図情報(名所・史跡),1370,上野公園
文化財,街を見る,名所・史跡,山岡鉄舟墓,35.724133,139.766875,point,谷中5-4-7（全生庵内）,台東区,谷中,1172,台東区 施設地図情報(名所・史跡),1138,上野公園
文化財,街を見る,名所・史跡,三遊亭円朝墓,35.724133,139.766875,point,谷中5-4-7（全生庵内）,台東区,谷中,1172,台東区 施設地図情報(名所・史跡),1138,上野公園
文化財,街を見る,名所・史跡,大久保主水墓,35.723143,139.767865,point,谷中4-2-5（瑞輪寺内）,台東区,谷中,1031,台東区 施設地図情報(名所・史跡),997,上野公園
文化財,街を見る,名所・史跡,鈴木春信碑,35.724643,139.765705,point,谷中3-1-2（大円寺内）,台東区,谷中,1281,台東区 施設地図情報(名所・史跡),1242,上野公園
文化財,街を見る,名所・史跡,蒲生君平墓,35.720063,139.766415,point,谷中1-4-13（臨江寺内）,台東区,谷中,883,台東区 施設地図情報(名所・史跡),818,上野公園
文化財,街を見る,名所・史跡,太宰春台墓,35.718724,139.767095,point,谷中1-2-14（天眼寺内）,台東区,谷中,753,台東区 施設地図情報(名所・史跡),680,上野公園
文化財,街を見る,名所・史跡,子規庵,35.724483,139.776384,point,根岸2-5-11,台東区,根岸,1002,台東区 施設地図情報(名所・史跡),1047,上野公園
文化財,街を見る,名所・史跡,葛飾北斎墓,35.709725,139.785514,point,元浅草4-6-9（誓教寺内）,台東区,元浅草,1190,台東区 施設地図情報(名所・史跡),1016,アメヤ横丁
文化財,街を見る,名所・史跡,中村不折旧宅（書道博物館）,35.724643,139.776294,point,根岸2-10-4,台東区,根岸,1018,台東区 施設地図情報(名所・史跡),1063,上野公園
文化財,街を見る,名所・史跡,浄名院八万四千体地蔵,35.722383,139.773405,point,上野桜木2-6-4（浄名院内）,台東区,上野桜木,761,台東区 施設地図情報(名所・史跡),779,上野公園
文化財,街を見る,名所・史跡,入谷鬼子母神,35.719754,139.782834,point,下谷1-12-16（真源寺内）,台東区,下谷,883,台東区 施設地図情報(名所・史跡),981,上野公園
文化財,街を見る,名所・史跡,小野照崎神社,35.721917,139.783611,point,下谷2-13-14,台東区,下谷,1082,台東区 施設地図情報(名所・史跡),1174,上野公園
文化財,街を見る,名所・史跡,飛不動,35.724233,139.791943,point,竜泉3-11-11（正宝院内）,台東区,竜泉,1844,台東区 施設地図情報(名所・史跡),1143,浅草寺
文化財,街を見る,名所・史跡,伝法院,35.713295,139.795363,point,浅草2-3-1（浅草寺境内）,台東区,浅草,1901,台東区 施設地図情報(名所・史跡),191,仲見世通り
文化財,街を見る,名所・史跡,玉川兄弟の墓,35.712785,139.786694,point,松が谷2-3-3（聖徳寺内）,台東区,松が谷,1145,台東区 施設地図情報(名所・史跡),900,仲見世通り
文化財,街を見る,名所・史跡,旧寛永寺五重塔,35.715704,139.771765,point,上野公園（動物園内）,台東区,上野公園,247,台東区 施設地図情報(名所・史跡),152,上野公園
文化財,街を見る,名所・史跡,上野東照宮,35.715361,139.770583,point,上野公園,台東区,上野公園,355,台東区 施設地図情報(名所・史跡),254,上野公園
文化財,街を見る,名所・史跡,表慶館,35.718704,139.775295,point,上野公園（博物館内）,台東区,上野公園,353,台東区 施設地図情報(名所・史跡),407,上野公園
文化財,街を見る,名所・史跡,清水観音堂,35.712654,139.773555,point,上野公園,台東区,上野公園,339,台東区 施設地図情報(名所・史跡),303,上野公園
文化財,街を見る,名所・史跡,徳川慶喜墓,35.723403,139.771925,point,谷中7（谷中墓地内）,台東区,谷中,898,台東区 施設地図情報(名所・史跡),902,上野公園
文化財,街を見る,名所・史跡,西郷隆盛像,35.711624,139.774005,point,上野公園,台東区,上野公園,444,台東区 施設地図情報(名所・史跡),371,アメヤ横丁
文化財,街を見る,名所・史跡,谷中天王寺五重塔跡,35.726583,139.771361,point,谷中7（谷中墓地内）,台東区,谷中,1254,台東区 施設地図情報(名所・史跡),1259,上野公園
文化財,街を見る,名所・史跡,不忍弁天堂,35.712074,139.771275,point,上野公園,台東区,上野公園,488,台東区 施設地図情報(名所・史跡),415,上野公園
文化財,街を見る,名所・史跡,上野の大仏,35.714444,139.772765,point,上野公園,台東区,上野公園,203,台東区 施設地図情報(名所・史跡),119,上野公園
文化財,街を見る,名所・史跡,北村季吟墓,35.714134,139.766025,point,池之端2-4-22（正慶寺内）,台東区,池之端,782,台東区 施設地図情報(名所・史跡),680,上野公園
文化財,街を見る,名所・史跡,雷門,35.711111,139.796389,point,浅草1（浅草寺境内）,台東区,浅草,2038,台東区 施設地図情報(名所・史跡),45,雷門
文化財,街を見る,名所・史跡,曹源寺(かっぱ寺),35.715334,139.786504,point,松が谷3-7-2,台東区,松が谷,1084,台東区 施設地図情報(名所・史跡),928,浅草寺
文化財,街を見る,観光施設,ゆいの森あらかわ,35.739415,139.7838,point,東京都荒川区荒川2丁目50-1,荒川区,荒川,2778,荒川区 観光施設一覧,2833,上野公園
文化財,街を見る,観光施設,あらかわ遊園,35.753391,139.758038,point,東京都荒川区西尾久6丁目35-11,荒川区,西尾久,4457,荒川区 観光施設一覧,4448,上野公園
文化財,街を見る,観光施設,三ノ輪橋おもいで館,35.732016,139.791813,point,東京都荒川区南千住1丁目12-6,荒川区,南千住,2403,荒川区 観光施設一覧,1974,浅草寺
文化財,街を見る,観光施設,三河島水再生センター,35.737623,139.784986,point,東京都荒川区荒川8丁目25-1,荒川区,荒川,2625,荒川区 観光施設一覧,2685,上野公園
文化財,街を見る,観光施設,稲荷神社,35.734698,139.778577,point,東京都荒川区荒川3丁目65-9,荒川区,荒川,2155,荒川区 観光施設一覧,2198,上野公園
文化財,街を見る,観光施設,浄閑寺,35.730704,139.792791,point,東京都荒川区南千住2丁目1-12,荒川区,南千住,2355,荒川区 観光施設一覧,1813,浅草寺
文化財,街を見る,観光施設,素盞雄神社,35.737323,139.796323,point,東京都荒川区南千住6丁目60-1,荒川区,南千住,3117,荒川区 観光施設一覧,2514,浅草寺
文化財,街を見る,観光施設,延命寺,35.731701,139.797826,point,東京都荒川区南千住2丁目34-5,荒川区,南千住,2764,荒川区 観光施設一覧,1891,浅草寺
文化財,街を見る,観光施設,回向院,35.732209,139.797787,point,東京都荒川区南千住5丁目33-13,荒川区,南千住,2798,荒川区 観光施設一覧,1947,浅草寺
文化財,街を見る,観光施設,胡録神社,35.738561,139.807107,point,東京都荒川区南千住8丁目5-6,荒川区,南千住,3896,荒川区 観光施設一覧,2811,浅草寺
文化財,街を見る,観光施設,円通寺,35.734045,139.792904,point,東京都荒川区南千住1丁目59-11,荒川区,南千住,2639,荒川区 観光施設一覧,2177,浅草寺
文化財,街を見る,観光施設,石浜神社,35.729219,139.799041,point,東京都荒川区南千住3丁目28-58,荒川区,南千住,2684,荒川区 観光施設一覧,1625,浅草寺
文化財,街を見る,観光施設,密厳院,35.73755,139.779882,point,東京都荒川区荒川4丁目16-3,荒川区,荒川,2489,荒川区 観光施設一覧,2534,上野公園
文化財,街を見る,観光施設,観音寺,35.737048,139.778991,point,東京都荒川区荒川4丁目5-1,荒川区,荒川,2419,荒川区 観光施設一覧,2462,上野公園
文化財,街を見る,観光施設,泊船軒,35.742211,139.782278,point,東京都荒川区荒川7丁目17-2,荒川区,荒川,3041,荒川区 観光施設一覧,3089,上野公園
文化財,街を見る,観光施設,浄正寺,35.735581,139.779865,point,東京都荒川区荒川3丁目53-1,荒川区,荒川,2274,荒川区 観光施設一覧,2321,上野公園
文化財,街を見る,観光施設,慈眼寺,35.744767,139.777011,point,東京都荒川区町屋2丁目20-12,荒川区,町屋,3251,荒川区 観光施設一覧,3284,上野公園
文化財,街を見る,観光施設,満光寺,35.744416,139.774853,point,東京都荒川区東尾久3丁目2-4,荒川区,東尾久,3204,荒川区 観光施設一覧,3231,上野公園
文化財,街を見る,観光施設,碩運寺,35.750042,139.764125,point,東京都荒川区西尾久2丁目25-21,荒川区,西尾久,3943,荒川区 観光施設一覧,3944,上野公園
文化財,街を見る,観光施設,寳蔵院,35.752928,139.762832,point,東京都荒川区西尾久3丁目16-19,荒川区,西尾久,4282,荒川区 観光施設一覧,4283,上野公園
文化財,街を見る,観光施設,大林院,35.751367,139.764514,point,東京都荒川区西尾久3丁目9-5,荒川区,西尾久,4078,荒川区 観光施設一覧,4081,上野公園
文化財,街を見る,観光施設,八幡神社,35.750486,139.765008,point,東京都荒川区西尾久3丁目7-3,荒川区,西尾久,3973,荒川区 観光施設一覧,3976,上野公園
文化財,街を見る,観光施設,華蔵院,35.752315,139.76679,point,東京都荒川区東尾久8丁目46-2,荒川区,東尾久,4141,荒川区 観光施設一覧,4150,上野公園
文化財,街を見る,観光施設,地蔵寺,35.751839,139.76351,point,東京都荒川区西尾久3丁目10-6,荒川区,西尾久,4150,荒川区 観光施設一覧,4151,上野公園
文化財,街を見る,観光施設,善性寺,35.727172,139.773985,point,東京都荒川区東日暮里5丁目41-14,荒川区,東日暮里,1288,荒川区 観光施設一覧,1312,上野公園
文化財,街を見る,観光施設,本行寺,35.728421,139.769336,point,東京都荒川区西日暮里3丁目1-3,荒川区,西日暮里,1500,荒川区 観光施設一覧,1496,上野公園
文化財,街を見る,観光施設,経王寺,35.728347,139.768662,point,東京都荒川区西日暮里3丁目2-6,荒川区,西日暮里,1512,荒川区 観光施設一覧,1504,上野公園
文化財,街を見る,観光施設,養福寺,35.729162,139.768103,point,東京都荒川区西日暮里3丁目3-8,荒川区,西日暮里,1615,荒川区 観光施設一覧,1605,上野公園
文化財,街を見る,観光施設,浄光寺,35.730373,139.767595,point,東京都荒川区西日暮里3丁目4-3,荒川区,西日暮里,1757,荒川区 観光施設一覧,1748,上野公園
文化財,街を見る,観光施設,諏方神社,35.730872,139.766879,point,東京都荒川区西日暮里3丁目4-8,荒川区,西日暮里,1832,荒川区 観光施設一覧,1820,上野公園
文化財,街を見る,観光施設,青雲寺,35.73089,139.765461,point,東京都荒川区西日暮里3丁目6-4,荒川区,西日暮里,1886,荒川区 観光施設一覧,1868,上野公園
文化財,街を見る,観光施設,修性院,35.730176,139.766206,point,東京都荒川区西日暮里3丁目7-12,荒川区,西日暮里,1785,荒川区 観光施設一覧,1769,上野公園
文化財,街を見る,観光施設,延命院,35.728203,139.767724,point,東京都荒川区西日暮里3丁目10-1,荒川区,西日暮里,1529,荒川区 観光施設一覧,1515,上野公園
文化財,街を見る,観光施設,向陵稲荷神社,35.733014,139.763608,point,東京都荒川区西日暮里4丁目7-34,荒川区,西日暮里,2172,荒川区 観光施設一覧,2151,上野公園
